Final annotation,Text,English Translation
Non Misogynistic,আপু প্রথম প্রজন্মের নারী উদ্যোক্তা হিসেবে সফল,Apu is successful as a first-generation female entrepreneur.
Derogation,এই মেয়ের ভ্রু দুটো এত মোটা যে একটা কালো বাঁধের মতো দেখায়,This girl’s eyebrows are so thick that they look like a black dam.
Derogation,এই মেয়েটার হাত দুটো দেখতে বাঁদরের মতো লম্বা।,This girl’s arms look as long as a monkey’s.
Stereotype,মেয়েদের বিয়ে তাড়াতাড়ি দেওয়াই পরিবারের জন্য ভালো,It is better for the family to marry girls off early.
Sexual Harassment,মামুনি তোমাকে ব্রা ছাড়াই সুন্দর লাগছে,"Sweetie, you look beautiful even without a bra."
Stereotype,মেয়েরা সহজে কাউকে মাফ করতে পারে না,Girls cannot easily forgive anyone.
Stereotype,"আসলে স্বাধীনতা মেয়েদের জন্য নিরাপদ না, সবাই জানে।","Actually, freedom is not safe for girls; everyone knows that."
Sexual Harassment,এরা আসলে কিসের শো করে? রাতে খাট কাঁপানোর শো নাকি,What kind of show do they actually do? A show of shaking the bed at night?
Derogation,ওর হাসির ধরন দেখলে মনে হয় বাজারের মেয়ে,"Looking at the way she smiles, she seems like a girl from the market."
Derogation,ভাইরে ভাই বাংলার বুকে লজ্জাহীন অনেক মেয়ে দেখেছি কিন্তু ওর মত এরকম লজ্জাহীন মেয়ে দেখি নাই।,"Oh brother, I have seen many shameless girls in Bengal, but I have never seen a girl as shameless as her."
Non Misogynistic,মেয়েটার সাহস সবার জন্য অনুপ্রেরণা,The girl’s courage is an inspiration for everyone.
Stereotype,"দেখো, মেয়েদের উচিত স্বামীর ইচ্ছাকেই নিজের ইচ্ছা মনে করা।","Look, women should consider their husband’s wishes as their own wishes."
Sexual Harassment,মেয়েটার অল্প বয়সে এত যৌবনের তেজ কেন?,Why does this girl have so much youthful vigor at such a young age?
Sexual Harassment,তুই তো একটা খাওয়া মাল,You are such a used item.
Non Misogynistic,মেয়েটা সমাজের জন্য যা করছে তা আগামী প্রজন্মের জন্য পথ তৈরি করছে।,What this girl is doing for society is paving the way for the next generation.
Sexual Harassment,"ভাবি, লেংটা হয়ে দাঁড়ালে অ্যাওয়ার্ড পাবে","Sister-in-law, if you stand naked, you will win an award."
Sexual Harassment,মামুনির সাইজ দেখে হাত না মেরে থাকা যায় না,"Looking at Mamuni’s size, it is impossible not to masturbate."
Non Misogynistic,মেয়েটা চাপের মধ্যেও ঠান্ডা মাথায় কাজ করে,The girl works calmly even under pressure.
Sexual Harassment,এই সুন্দরীর নিচে মধু ঢেলে চেটে খেতে চাই,I want to pour honey down under this beauty and lick it off.
Sexual Harassment,এই মেয়েকে দেখতে টসটসা মাল লাগছে খেতে দারুণ লাগবে,This girl looks like a juicy piece; she would be great to taste.
Derogation,তুমি যে নটি তা তোমাকে দেখলেই বুঝা যায়,It is obvious just by looking at you that you are slutty.
Stereotype,সুন্দরী মেয়েরাই পরকিয়ায় জড়িত হয়,Only beautiful girls get involved in extramarital affairs.
Stereotype,মেয়েরা ক্রিটিক্যাল থিংকিং করতে পারে না,Girls cannot do critical thinking.
Sexual Harassment,"দিদির দুধ কদবেল ঝুলে যাওয়ার মতো, দেখে আর মজা পাই না",Didi’s breasts hang like wood apples; I do not enjoy looking at them anymore.
Stereotype,মেয়েরা নিজেদের চেহারা নিয়ে মাত্রাতিক্ত সচেতন,Girls are excessively conscious about their appearance.
Derogation,মেয়েটার ওজন দেখে মনে হয় কেউ ওকে পাম্প করে রেখেছে,"Looking at the girl’s weight, it seems as if someone has pumped her up."
Non Misogynistic,মেয়েটার ক্রীড়া অর্জন তরুণ প্রজন্মের মেয়েদের অনুপ্রেরণা দিচ্ছে।,The girl’s sports achievements are inspiring young girls of the next generation.
Non Misogynistic,মেয়েটার সাহিত্যকর্ম সমাজের কণ্ঠহীনদের কণ্ঠ দেয়।,The girl’s literary work gives a voice to the voiceless in society.
Derogation,"দিদি তো একজন বারোভাতারি, পাড়ার সবাই জানে",Didi is a promiscuous woman; everyone in the neighborhood knows it.
Derogation,তোর মতো মেয়েকে রাস্তার টোকাই পোলাও বিয়ে করবে না,Even a street beggar boy would not marry a girl like you.
Sexual Harassment,আপু এক রাতের ডিল কনফার্ম করতে কত লাগবে?,"Apu, how much would it cost to confirm a one-night deal?"
Derogation,এই মহিলা মানুষ না জম্বির মত নাচে,This woman does not dance like a human; she dances like a zombie.
Derogation,মেয়েটার হাতগুলো দেখলে কঙ্কালের হা্তের কথা মনে পড়ে যায়,Looking at the girl’s hands reminds me of skeleton hands.
Sexual Harassment,"এই মাগি এতটুকু কাপড়ের কী দরকার, ব্লাউজটা না পরলেও চলত",Why does this bitch even need such a tiny piece of cloth? She could have gone without the blouse.
Sexual Harassment,"কয়জনের হাত পড়েছে ওটার হিসাব নেই, নইলে এত বড় দুধ হয় নাকি?","There is no count of how many people have touched those; otherwise, do breasts become that big?"
Sexual Harassment,তোর শরীরে সারা বছর গরম থাকে ঠান্ডা করার লোক পাস না? আমি আসবো?,Your body stays hot all year; can’t you find someone to cool it down? Should I come?
Stereotype,সবসময় দেখা যায় মেয়েদের নাইট শিফট দিলে কাজের চেয়ে অজুহাত বেশি দেয়,"It is always seen that when women are given night shifts, they make more excuses than they do work."
Non Misogynistic,মেয়েদের প্রতি সমতার দৃষ্টিভঙ্গি পোষণ করা প্রতিটি মানুষের নৈতিক দায়িত্ব।,It is every person’s moral duty to maintain an attitude of equality toward women.
Stereotype,বিয়ের পর মেয়েদের কেনো চাকরি করতে হবে?,Why do women need to work after marriage?
Derogation,"মেয়েটার কথা শুনেই বুঝছি মাথায় গোবর দিয়ে ভরা, বুদ্ধি নাই","Just by hearing the girl speak, I can tell her head is filled with cow dung; she has no intelligence."
Non Misogynistic,মেয়েটা পরিবেশ রক্ষায় যে উদ্যোগ নিয়েছে তা সমাজে ইতিবাচক প্রভাব ফেলছে।,The initiative the girl has taken to protect the environment is having a positive impact on society.
Stereotype,মেয়েরা ভুল করলে সেটা স্বীকার না করে আবেগ দেখায়,"When girls make mistakes, they do not admit them; they show emotion instead."
Derogation,বুড়ি বয়সেও তরুণ সাজার চেষ্টা করে লজ্জাই লাগে না,"Even at an old age, she tries to act young; she has no shame."
Sexual Harassment,"মেয়েটাকে এক রাতের জন্য চাই, যত টাকা লাগবে দিতে রাজি আছি",I want the girl for one night; I am willing to pay whatever it costs.
Non Misogynistic,মেয়েটার পরিশ্রম দেখে মুগ্ধ হলাম,I was impressed by the girl’s hard work.
Non Misogynistic,ঐ মহিলা কোচ দলটাকে যেভাবে তৈরি করেছেন অবিশ্বাস্য,The way that female coach has prepared the team is unbelievable.
Stereotype,"মেয়েরা বিতর্কে নামলে যুক্তি কম, কথা বেশি।","When girls enter debates, they have less logic and more talk."
Sexual Harassment,এই আপুকে ধরে গণচোদন করানো যাবে,This apu can be grabbed and gang-raped.
Derogation,মেয়েটার সাথে কাজ করা মানে মাথাব্যথা সহ্য করা।,Working with the girl means enduring a headache.
Derogation,"মেয়েটা একদম অকর্মা, সবকিছু গড়বড় করে ফেলে",The girl is completely useless; she messes everything up.
Sexual Harassment,"আপু আমার সাথে রুম ডেট করো, কেউ জানবে না","Apu, have a room date with me; no one will know."
Derogation,এই মেয়ে নিজেকে মনে করে রাজকন্যা অথচ আচরণে রাস্তার মেয়ে,"This girl thinks of herself as a princess, but her behavior is like a street girl’s."
Stereotype,সম্পর্ক ভাঙ্গনে মেয়েদের দোষই বেশি থাকে,Girls are mostly to blame for relationship breakups.
Sexual Harassment,"নর্তকী যত টাকা চাও দিতে রাজি, শুধু একবার আবাসিক হোটেলে আসো আমার সাথে","Dancer, I am willing to pay whatever you want; just come with me to a residential hotel once."
Non Misogynistic,নারীর সিদ্ধান্তগ্রহণ ক্ষমতাকে সম্মান করা একটি সুস্থ সমাজের লক্ষণ।,Respecting women’s decision-making ability is a sign of a healthy society.
Non Misogynistic,প্রত্যেক মেয়ের নিজের ভালো লাগার কাজ অনুসরণ করা উচিত,Every girl should follow the work she enjoys.
Stereotype,"যতই অস্বীকার করুক, যৌথ পরিবার ভেঙে পড়ার পেছনে বউদের বড় ভূমিকা।","No matter how much they deny it, wives play a major role in the breakdown of joint families."
Sexual Harassment,"শুধু পেটিকোট ও হাতকাটা ব্লাউজ পরতা, আমরা দেখে মনের জালা মিটাইতাম","If you only wore a petticoat and a sleeveless blouse, we could satisfy our desire by watching."
Derogation,মেয়েটার কথা বলার স্টাইল দেখলে লাগে বস্তি থেকে উঠে এসেছে,The girl’s way of speaking makes it seem like she came from a slum.
Sexual Harassment,ভাবি কীসের বিজ্ঞাপন দিচ্ছ? তোমার সাইজের নাকি,"Sister-in-law, what are you advertising? Your size?"
Sexual Harassment,আপুটি অল্প বয়সে বহু লিঙ্গের স্পর্শ পেয়ে গেছে,This apu has experienced the touch of many penises at a young age.
Derogation,এই মেয়ে যত যাই করুক ওরে প্রতিবন্ধী ই লাগে,"No matter what this girl does, she still looks disabled."
Sexual Harassment,এই মেয়েকে চেরির মতো মিষ্টি লাগবে চুষলে,This girl would taste sweet like a cherry if sucked.
Non Misogynistic,মেয়েটা খুব শান্তভাবে পরিস্থিতি সামলেছে,The girl handled the situation very calmly.
Sexual Harassment,এত সুন্দর চামড়া ভাড়া দিলেই তো দুবাই যাওয়া যায়,"With such beautiful skin, you could go to Dubai just by renting it out."
Sexual Harassment,"এত নাচলে দুধ ফেটে যাবে, সাবধান","If you dance so much, your breasts will burst; be careful."
Stereotype,"যতই অস্বীকার করুক, বাঙালি মেয়েদের বুদ্ধিদীপ্ত কথা যত কম, পরিবারে শান্তি তত বেশি।","No matter how much they deny it, the less intelligent talk Bengali women have, the more peace there is in the family."
Sexual Harassment,আপা জামাই যদি বাচ্চা হয় তবে জামাই কে দুদু খাওয়ান,"Apa, if your husband is a baby, then breastfeed him."
Non Misogynistic,নারী উদ্যোক্তারা অর্থনীতির অন্যতম স্তম্ভ,Women entrepreneurs are one of the pillars of the economy.
Stereotype,"মেয়েদের পরামর্শকে এত গুরুত্ব দেওয়া উচিত না, বেশি আবেগী এরা",Women’s advice should not be given so much importance; they are too emotional.
Sexual Harassment,"উফ, কোনো মেয়ে যদি এসে এখন জ্বালা নিভিয়ে দিয়ে যেত","Ugh, if only some girl would come and put out this burning desire right now."
Sexual Harassment,"আফা, এতো নাড়াইলে উর্বর পাহাড় দুইটা ধসে পরে যাবে!","Sister, if you shake them so much, those two fertile mountains will collapse!"
Stereotype,মেয়েরা রাজনৈতিক সভায় গেলে কেউ গুরুত্ব দিয়ে শোনে না,"When women go to political meetings, no one listens to them seriously."
Sexual Harassment,বুঝতে পেরেছি তোমার এখন দেহের বাজার ভালো,I understand that your body has good market value now.
Sexual Harassment,"এই মাগি, বিকিনি পরে নামলে আরো ভাইরাল হতে পারবি, না হলে কেউ দেখবে না","You bitch, if you come out wearing a bikini, you will go even more viral; otherwise, no one will watch you."
Sexual Harassment,মামণির দুধগুলো দেখে চোখ সরাতে পারছি না,I cannot take my eyes off Mamoni’s breasts.
Stereotype,"মেয়েরা খুব আবেগপ্রবণ, তাই বড় সিদ্ধান্ত নেওয়া তাদের জন্য কঠিন","Women are very emotional, so making big decisions is difficult for them."
Sexual Harassment,"বিয়ে করলে তো দেহ ব্যবসা করতে পারবেননা , ১০০ টা ছেলের সাথে শুইতেও পারবেন না","If you get married, you will not be able to do sex work or sleep with a hundred boys."
Non Misogynistic,কর্মক্ষেত্রে মেয়েদের অবদান দৃশ্যমান ও স্বীকৃত হওয়া দরকার।,Women’s contributions in the workplace need to be visible and recognized.
Stereotype,মেয়েরা সহকর্মীর সাফল্য দেখলে অস্বস্তি অনুভব করে,Women feel uncomfortable when they see a coworker’s success.
Stereotype,মেয়েদের পড়াশোনার চেয়ে রান্নাবান্না শিখলে জীবন কাজে লাগবে।,"Instead of studying, women’s lives would be more useful if they learned cooking."
Sexual Harassment,তোর ভোদা তে হাত দিলে আঙুল ভিজে যাবে নিশ্চয়,"If someone touches your pussy, their fingers will surely get wet."
Stereotype,মেয়ে জাতি অনেক স্বার্থপর । নিজের বেলায় ষোলো আনা অন্যের বেলাই চার আনা,Women are very selfish; they want everything for themselves and very little for others.
Stereotype,মেয়েরা নেকামিতে সবার আগে,Women are the first when it comes to acting coy.
Derogation,"বিশ লাখ টাকা স্যালারি, অথচ পরে আছে একটা ৩০০ টাকার থ্রি পিছ","A salary of twenty lakh taka, yet she is wearing a 300-taka three-piece outfit."
Derogation,এই মেয়ের চুল দেখলে মনে হয় বাসা থেকে ঝাড়ু চুরি করে মাথায় লাগিয়েছে,This girl’s hair looks like she stole a broom from home and put it on her head.
Sexual Harassment,মেয়েটার বুকের পাহাড় দুটো চুষলে স্বাদ কেমন হবে কে জানে,Who knows what it would taste like to suck those two mountains on the girl’s chest.
Derogation,এই মেয়ের পেট এত বড় যে দেখলে মনে হয় দুটো বাচ্চা আছে পেটের মধ্যে,This girl’s belly is so big that it looks like she has two babies inside.
Sexual Harassment,কাপড় চুপড় খুইলা ভিডিও করেন আর বৃষ্টিতে ভিজেন,"Take off your clothes, make videos, and get wet in the rain."
Derogation,তোদের মত মহিলারাই অন্যের সংসার ভাঙ্গে।,Women like you break other people’s families.
Derogation,তোর মতো মেয়ের কথায় ভরসা করা বোকামি।,It is foolish to trust the words of a girl like you.
Non Misogynistic,দিদির হাসি মুগ্ধতা ছড়িয়ে দেয়,Didi’s smile spreads charm.
Sexual Harassment,"তুই সুন্দর, কিন্তু পাবলিক খাবার, কত মানুষ যে মুখ দিছে","You are beautiful, but you are public food; who knows how many people have put their mouths on you."
Sexual Harassment,৫০ টাকা দিয়ে ও কেউ চোদবো না তোকে,No one would fuck you even for 50 taka.
Stereotype,মেয়েরা চাকরি করলে ঘর-অফিস কোনোটাই ঠিকমতো হয় না — এটাই বাস্তব।,"When women work, neither the home nor the office is managed properly — that is the reality."
Sexual Harassment,এইসব পোশাক পরে নিজেকে সুন্দর সাজিয়ে বাজারে চওড়া দামে বিক্রি হচ্ছে,"Wearing these clothes, she is making herself look beautiful and selling herself in the market at a high price."
Stereotype,মেয়েরা ডিব্রিফিং বা পোস্ট অ্যানালাইসিসে দুর্বল,Women are weak in debriefing or post-analysis.
Sexual Harassment,ইস রাতে যদি আপুটার সাথে খেলার সুযোগ পেতাম,I wish I had the chance to play with apu at night.
Sexual Harassment,দুধের ওজন এত বেশি যে আপু টা নাচতেই পারছে না,The breasts are so heavy that apu cannot even dance.
Derogation,এই মেয়েটার বয়স যত বাড়ছে ঢং তত বাড়ছে,"The older this girl gets, the more pretentious she becomes."
Non Misogynistic,মেয়েটি পরিবেশ পরিষ্কার রাখার কাজে জড়িত,The girl is involved in keeping the environment clean.
Sexual Harassment,এই তোমাকে খুব ভালো লাগছে চলো হোটেলে গিয়ে লাগাব তোমাকে,"Hey, I really like you; let’s go to a hotel and I’ll fuck you."
Non Misogynistic,মহিলাটি ছোটখাটো বিষয়েও দায়িত্বশীলতা দেখান,The woman shows responsibility even in small matters.
Sexual Harassment,এই মডেলকে ডগি স্টাইলে লাগাইতে চাই,I want to fuck this model in doggy style.
Derogation,জাহান্নামের প্রথম কাতারে থাকবে এই মেয়ে,This girl will be in the first row of hell.
Non Misogynistic,"মেয়েটার বড় বোন তার পথপ্রদর্শক, অনুপ্রেরণার উৎস।",The girl’s elder sister is her guide and source of inspiration.
Non Misogynistic,চাচি পরিবারের জন্য কখনো ক্লান্ত হন না,Auntie never gets tired for her family.
Derogation,মেয়েটার ড্রেসআপ দেখে মনে হচ্ছে বারের ভাড়া করা মেয়ে,"Looking at the girl’s dress-up, it seems like she is a rented girl from a bar."
Stereotype,"মেয়ে সন্তান মানেই বোঝা, ছেলে হলে বংশ রক্ষা হতো","Having a daughter means a burden; if it were a son, the family line would have been preserved."
Non Misogynistic,আপুর ধৈর্যশক্তি অসাধারণ,Apu’s patience is extraordinary.
Sexual Harassment,দিদির নাভির ভাজ দুলানো দেখে মাথা ঘুরে যাচ্ছে,Watching Didi’s navel folds move is making my head spin.
Sexual Harassment,"বৌদির দুধগুলো এত বড় কীভাবে, কতজন টিপেছে?",How did Boudi’s breasts get so big? How many people have squeezed them?
Stereotype,"বিজ্ঞান বিভাগে গেলে মেয়েদের মাথা ঘুরে যায়, যুগ যুগ ধরে এমন চলে আসছে।","When girls go into the science department, they get dizzy; this has been going on for ages."
Non Misogynistic,কর্মক্ষেত্রে মেয়েদের নেতৃত্বের সুযোগ দিলে প্রতিষ্ঠান আরও গতিশীল হয়।,Giving women leadership opportunities in the workplace makes an organization more dynamic.
Stereotype,মেয়েদের উচ্চস্বরে হাসা বেমানান   ,It is inappropriate for girls to laugh loudly.
Non Misogynistic,ম্যাম এর এই লেখাটা পড়ে মনের একটা জায়গা পরিষ্কার হলো,Reading this writing by ma’am cleared a place in my mind.
Non Misogynistic,মেয়েটার নজরুলগীতি গভীরভাবে অনুভূত হয়,The girl’s Nazrul song is deeply felt.
Stereotype,মেয়েরা একসাথে বসলেই বিচিং করে,"Whenever girls sit together, they start bitching."
Non Misogynistic,"এই থিয়েটার অভিনেত্রী মঞ্চে আগুন জ্বালিয়ে দেন, এতো সুন্দর পারফরমেন্স",This theater actress sets the stage on fire; such a beautiful performance.
Sexual Harassment,"এই আপু তোমার নিপল গুলা লাল কালারের খাড়া খাড়া, অনেক সুন্দর","Apu, your nipples are red and erect; they are very beautiful."
Sexual Harassment,বৌদিকে চুষলে রস বের হবে,"If Boudi is sucked, juice will come out."
Stereotype,বিবাহিত বেডাদের সাথে প্রেম করা মেয়েদের কাছে মনে হয় এখন নতুন ট্রেন্ড!,Dating married men seems to be a new trend among girls now!
Non Misogynistic,দিদির বুদ্ধিদীপ্ত নেতৃত্ব দলকে এগিয়ে নেয়,Didi’s intelligent leadership moves the team forward.
Non Misogynistic,যে মেয়েটা নিজের অধিকারের কথা জানায় বলে সে কখনো সুবিধাবঞ্চিত হয়নি।,The girl who speaks up for her rights has never been disadvantaged.
Sexual Harassment,মামুনিকে কতজন চেটেছে তার হিসাব কেউ রাখেনি,No one has kept count of how many people have licked Mamuni.
Stereotype,মেয়েরা সংসারের কোনো ব্যপারে নাক গলালে সংসারে অশান্তি লাগে।,"When women interfere in household matters, it creates unrest in the family."
Sexual Harassment,"ডাব দুইটা একেবারেই শুকিয়ে গিয়েছে ভিটামিনের অভাবে, আপু এসে একটু ভিটামিন দিবো","Those two coconuts have completely dried up due to a lack of vitamins; come, Apu, I will give you some vitamins."
Stereotype,মেয়েরা বেশি সেন্সিটিভ হওয়ায় কর্মক্ষেত্রে সমস্যা হয়,Women being too sensitive creates problems in the workplace.
Stereotype,"যেইসব মেয়েদের কাপড়ের ঠিক নেই, ওই মেয়েদের মুখে কথা বেমানান",It is inappropriate for girls whose clothes are not proper to speak up.
Non Misogynistic,"মেয়েটা একা বাড়ি নিয়েছে, নিজের স্বপ্নের জায়গায় থাকছে।",The girl has taken a house on her own and is living in the place of her dreams.
Sexual Harassment,"সুন্দরী বিছানায় আসো, কষ্ট কম টাকা বেশি","Beautiful, come to bed; less pain, more money."
Stereotype,মেয়েরা ডিবেটে ছেলেদের সামনে দুর্বল হয়ে পড়ে,Girls become weak in debates in front of boys.
Stereotype,মেয়েরা পরিবারের সম্মান না বুঝলে সব শেষ।,"If girls do not understand the family’s honor, everything is ruined."
Non Misogynistic,মেয়েটার ব্যক্তিত্ব ও দক্ষতা তাকে সবার কাছে স্মরণীয় করে তুলেছে।,The girl’s personality and skills have made her memorable to everyone.
Sexual Harassment,এই মেয়ে তোমার একটা নগ্ন ছবি দিবা আমাকে?দেখে একটু তৃষ্ণা মিটাইতাম,"Girl, will you give me a nude photo of yourself? I would satisfy my thirst by looking at it."
Stereotype,শ্বাশুড়ির সঙ্গে তর্ক করা মেয়ের সংসার বেশি দিন টেকে না।,A girl who argues with her mother-in-law does not have a lasting marriage.
Stereotype,"মেয়েদের বেশি পড়াশোনা করিয়ে লাভ নেই, শেষে তো সংসারই করবে","There is no benefit in educating girls too much; in the end, they will just manage the household."
Sexual Harassment,"নজর না দিলে তো তোমার পেটে ভাত আসবে না বোন, আসো না তোমাকে চুষে দেই","If no one pays attention to you, you will not have food in your stomach, sister; come, let me suck you."
Sexual Harassment,আপুর ব্লাউজটা ফেটে কখন বের হয় সেই অপেক্ষায় আছি,I am waiting for Apu’s blouse to burst open and for them to come out.
Sexual Harassment,আগের থেকে দুধের ফলোন ভালো হইছে,The breast yield has improved compared to before.
Non Misogynistic,মেয়েটার চোখের চাহনি আত্মবিশ্বাসী,The girl’s gaze is confident.
Non Misogynistic,নারীদের আইনি সহায়তা সহজলভ্য হওয়া দরকার,Legal assistance for women needs to be easily accessible.
Sexual Harassment,"যেই পরিমাণ পুরুষদের সাথে তুই রাত কাটাস, যদি কনডম না থাকতো ডেলি ডেলি বাচ্চা জন্ম দিতি","Considering the number of men you spend nights with, if condoms did not exist, you would be giving birth to babies every day."
Derogation,মেয়েটার চেহারা এতটাই বাজে যে আয়নাও লজ্জা পাবে।,The girl’s face is so bad that even a mirror would feel ashamed.
Derogation,"অসভ্য মহিলা। পরিবার থেকে কিছু শেখেনি, বাবা-মা মনে হয় অশিক্ষিত",Uncivilized woman. She learned nothing from her family; her parents seem uneducated.
Non Misogynistic,মেয়েটার বাবা তাকে বলেছেন ক্যারিয়ারে কোনো আপোস না করতে।,The girl’s father told her not to compromise on her career.
Non Misogynistic,প্রতিটি মেয়ে তার নিজস্ব মূল্য ও মর্যাদা বোঝে এবং সেটা অক্ষুণ্ণ রাখে।,Every girl understands her own value and dignity and preserves it.
Derogation,এই মেয়ে সার্টিফিকেট কিনেছে জ্ঞান কিনতে পারেনি,This girl bought a certificate but could not buy knowledge.
Non Misogynistic,মেয়েদের পেশা বেছে নেওয়ার পূর্ণ স্বাধীনতা থাকা উচিত,Women should have full freedom to choose their profession.
Sexual Harassment,"মহিলার সেক্স উঠে গেছে মনে হচ্ছে, এতো নড়াচ্ছে কেনো?",It seems the woman is sexually aroused; why is she moving so much?
Derogation,এই মেয়েটা হাঁটে কিভাবে দেখলে হাসি চাপা রাখা যায় না,Watching how this girl walks makes it impossible to hold back laughter.
Non Misogynistic,মেয়েটার মধ্যে একটা বাঙালিয়ানা ভাব আছে,There is a Bengali cultural vibe in the girl.
Sexual Harassment,"ম্যাডাম, আরেকটু খুলে দেখান তাহলে উপর নিচ সব দেখতে পেতাম","Madam, show a little more open; then I could see everything from top to bottom."
Derogation,"তোরে দেখে ফিল আসে না, অতিরিক্ত মেদ শরীরে",I do not feel attracted to you; your body has too much fat.
Stereotype,"অফিসগামী মেয়েরা একদমই অল্পতেই ব্যক্তিগত আক্রমণ ধরে নেয়, স্বীকার করুক বা না করুক।","Office-going women take even the smallest things as personal attacks, whether they admit it or not."
Sexual Harassment,"নর্তকী দেখতে একটা কড়া মাল, খেলে আরো মজা পেতাম",The dancer looks like a strong piece; it would have been even more fun to have her.
Non Misogynistic,"একা হয়নিকো জয়ী পুরুষের তরবারি, শক্তি দিয়েছে সাহস দিয়েছে বিজয় লক্ষী নারী।","The victorious man’s sword did not win alone; Victory Lakshmi, the woman, gave strength and courage."
Stereotype,"অভিজ্ঞতা বলে, মহিলাদের সফলতা পরিবারের পুরুষের ছায়া ছাড়া সম্ভব না, স্বীকার করুক বা না করুক।","Experience says that women’s success is not possible without the shadow of the men in their families, whether they admit it or not."
Non Misogynistic,নারীদের গবেষণায় উৎসাহ দেওয়া উচিত,Women should be encouraged in research.
Sexual Harassment,"ভাবি মডেলিং করে না, ছেলেদের দুধ দেখায়",Sister-in-law does not do modeling; she shows her breasts to boys.
Non Misogynistic,মেয়েদের মতামত পরিকল্পনায় অন্তর্ভুক্ত করা দরকার,Women’s opinions need to be included in planning.
Stereotype,মেয়ে মানুষের বুদ্ধি হাঁটুর নিচেই থাকে,A woman’s intelligence stays below her knees.
Sexual Harassment,এক দেহ ব্যবসায়ী আরেক দেহ ব্যবসায়ী কে চবক দিচ্ছে,One sex worker is slapping another sex worker.
Sexual Harassment,তোমার হট শরীর দেখে আমার গা পুড়ে যাচ্ছে,Seeing your hot body is making my body burn.
Derogation,মেয়েটার মাথার চুল দেখে মনে হয় পাখির বাসা বানানো আছে সেখানে,"Looking at the girl’s hair, it seems like a bird’s nest has been built there."
Sexual Harassment,"বৌদির জামাই ভালো টিপতে পারে না, তাই ছেলে খুঁজে নিচ্ছে","Boudi’s husband cannot squeeze properly, so she is looking for a boy."
Derogation,এই বেডি সিনিয়রদের তোষামোদ করে পদোন্নতি পেয়েছে।,This woman got promoted by flattering seniors.
Stereotype,"যতই অস্বীকার করুক, বেশিরভাগ মেয়ের কণ্ঠস্বর বাইরে যত নিচু, ব্যক্তিত্ব তত উঁচু।","No matter how much they deny it, for most girls, the lower their voice is outside, the higher their personality is."
Non Misogynistic,নারীরা দেশের অগ্রগতির অবিচ্ছেদ্য অংশ,Women are an inseparable part of the country’s progress.
Sexual Harassment,উর্বর দুটি পাহাড় যে করিবে আহার সৌভাগ্য তো তাহার,Whoever gets to enjoy those two fertile mountains is truly fortunate.
Derogation,মেয়েটার চুলের অবস্থা দেখলে মনে হয় কবে শেষবার চিরুনি দিয়েছে মনে নেই,"Looking at the girl’s hair condition, it seems she does not remember the last time she used a comb."
Stereotype,"তুই মেয়ে, তুই আস্তে হাসবি",You are a girl; you should laugh softly.
Sexual Harassment,বুক তো নয় যেনো বোমা,Those are not breasts; they are like bombs.
Sexual Harassment,মেয়েটা এত কচি বয়সে দুধ গুলো এত বড় কীভাবে?,How did this girl’s breasts become so big at such a young age?
Derogation,দেখতে ঠিক আমার কাজের মেয়ে জরিনা মতো,She looks exactly like my housemaid Jarina.
Derogation,মেয়েটার হাঁটার স্টাইল দেখলে মনে হয় পায়ে চাকা লাগানো আছে,"Looking at the girl’s walking style, it seems like wheels are attached to her feet."
Stereotype,অন্যকিছু গুছানো না জানলেও মেয়েদের ঘর গুছানো জানতে হয় অন্তত,"Even if women do not know how to organize anything else, they must at least know how to organize the house."
Derogation,কুকুর ও সুন্দর এই মেয়ের চেয়ে,Even a dog is more beautiful than this girl.
Sexual Harassment,দর্শক চিন্তা কইরেন না খুব শীঘ্রই ল্যাংটা হবে এই মহিলা,"Viewers, do not worry; this woman will be naked very soon."
Stereotype,মেয়েরা উদ্যোক্তা হলে বেশিরভাগই ফেল করে,"When women become entrepreneurs, most of them fail."
Derogation,যতই সোনা মুখ নিয়ে জন্ম নিক না কেন নর্তকি নর্তকিই থাকে,"No matter how beautiful a face she is born with, a dancer remains a dancer."
Non Misogynistic,প্রতিটি মেয়ে তার নিজস্ব মানসিক শক্তি ও সাহসের উৎস।,Every girl is a source of her own mental strength and courage.
Stereotype,মহিলা ক্রিকেটার দেখার কী আছে? আসল ক্রিকেট তো ছেলেরাই খেলে,What is there to watch in women cricketers? Real cricket is played by men.
Non Misogynistic,মেয়েদের অনলাইন নিরাপত্তা নিশ্চিত করা দরকার,Women’s online safety needs to be ensured.
Stereotype,মেয়েদের সোশ্যাল মিডিয়া প্রোফাইল দেখলেই চরিত্র বোঝা যায়,A girl’s character can be understood just by looking at her social media profile.
Sexual Harassment,ভাবির নাভিটা দুলানো দেখে মাথা ঘুরে যাচ্ছে,Watching sister-in-law’s navel move is making my head spin.
Sexual Harassment,"মামুনি হট ছবি পাঠাও ইনবক্সে, নাহলে তোমার নাম পোস্ট করে দেব","Mamuni, send hot photos to my inbox, otherwise I will post your name."
Non Misogynistic,মেয়েদের অর্থনৈতিক স্বাধীনতা সুনিশ্চিত করলে সামাজিক বৈষম্য কমবে।,Ensuring women’s economic independence will reduce social inequality.
Stereotype,"সবাই জানে, কেউ ভালো বললেই মেয়েরা গলে যায় আবার কেউ খারাপ বললেই বরফের মতো রূপ ধারণ করে","Everyone knows that girls melt when someone praises them, and become like ice when someone criticizes them."
Stereotype,"যতই পড়াশুনা করুক ,মেয়েদের শেষ পর্যন্ত হাত ধরতে হবে কোনো পুরুষ মানুষেরই","No matter how much they study, women will ultimately have to hold the hand of some man."
Sexual Harassment,"শিল্পপতি দের মাল, শরীর এর এ্যাড দিতাছে কতদামে কার কাছে বিক্রি হবে এটা দেখাইতাছে মিডিয়ার মাধ্যমে","She is an item for industrialists, advertising her body and showing through the media how much she will be sold for and to whom."
Stereotype,"বলে রাখি, তরুণী মেয়েরা অফিসে কান্নাকাটি করে নিজের ভুল ঢাকার চেষ্টা করে।",Let me say it clearly: young women cry in the office to cover up their own mistakes.
Sexual Harassment,বড় হয়ে তোর ছেলে দেখবে আমার মায়ের দুধ কত বড়,"When your son grows up, he will see how big his mother’s breasts are."
Stereotype,"অভিজ্ঞতা বলে, মেয়েমানুষ গসিপ করা পছন্দ করে",Experience says that women like gossiping.
Stereotype,মেয়েরা ঝুঁকিপূর্ণ কাজ এড়িয়ে চলতে পছন্দ করে,Women prefer to avoid risky work.
Non Misogynistic,মেয়েটা ছোট থেকেই স্বনির্ভর হওয়ার চেষ্টা করছেন,The girl has been trying to become self-reliant since childhood.
Stereotype,মেয়েদের নেটওয়ার্কিং স্কিল কম তাই ব্যবসায় টিকতে পারে না,"Women have poor networking skills, so they cannot survive in business."
Sexual Harassment,এই মাগিকে চুষতে কী যে লাগবে,I wonder what it would feel like to suck this bitch.
Non Misogynistic,মেয়েটা বৃত্তির টাকায় নিজের পড়াশোনার খরচ নিজেই চালাচ্ছে।,The girl is paying for her own education with her scholarship money.
Stereotype,সত্যি বলতে ছোট পোশাকে অভ্যস্ত মেয়েরা সংসারের জন্য মানানসই না।,"Honestly, girls who are used to wearing short clothes are not suitable for family life."
Sexual Harassment,"তুই দেশি মাল বিদেশি ফ্লেভার, যে খাবে টাকা ছাড়া নয়",You are local goods with a foreign flavor; whoever has you will not get it for free.
Stereotype,"মেয়েদের পিএইচডি ডিগ্রি মূলত নামকেওয়াস্তে, কোনো কাজেই আসে না যুগ যুগ ধরে চলে আসছে।",Women’s PhD degrees are basically just for show and are of no use; this has been going on for ages.
Derogation,"সারাদেশের বিদ্যুৎ নাই আর, এই মেয়ে গুলার গায়ে কারেন্টের অভাব নাই","The whole country has no electricity, but these girls have no shortage of electricity in their bodies."
Stereotype,যে সংসারে বউ বেশি শিক্ষিত সে সংসারে স্বামীর দাম নেই,"In a household where the wife is more educated, the husband has no value."
Stereotype,মেয়েরা গসিপ করে আত্মিক শান্তি পায়,Girls find spiritual peace through gossiping.
Stereotype,"দেখো, মেয়েরা অধিকাংশ সময় বিএ পাস হতে হতে বিয়ের বয়স পেরিয়ে যায়।","Look, most girls pass the age of marriage by the time they complete a BA degree."
Sexual Harassment,এই আপুর ১৮+ ভিডিও কারো কাছে থাকলে দিও,"If anyone has this apu’s 18+ video, send it."
Sexual Harassment,মামণিকে যে কতজন চেটেছে তার হিসাব নেই,There is no count of how many people have licked Mamoni.
Non Misogynistic,মেয়েটা নিজের ভেতর যে শক্তি আছে তার উপর আস্থা রেখে সামনে এগিয়ে যায়।,The girl moves forward by trusting the strength within herself.
Derogation,এই ফালতু মেয়ের কানের নিচে একটা কেউ ঠাস করে কেউ লাগায় দেয় না কেন?,Why doesn’t someone slap this useless girl hard under the ear?
Derogation,এই মহিলার ভুঁড়ি দেখে মনে হচ্ছে সাত মাসের গর্ভবতী।,"Looking at this woman’s belly, it seems like she is seven months pregnant."
Derogation,এই মেয়ে এক সম্পর্ক থেকে আরেক সম্পর্কে যায় কারণ একটাও টেকে না,This girl goes from one relationship to another because none of them last.
Sexual Harassment,এই মালটা ল্যাংটা হয়ে থাকলেও দেখতে ভালো লাগে না,This item would not look good even if she stayed naked.
Non Misogynistic,আপু জীবনের ছোট মুহূর্তকে উপভোগ করেন,Apu enjoys the small moments of life.
Non Misogynistic,মেয়েটা নিজের ক্ষমতায় বিশ্বাস করে বলেই অসম্ভব মনে হওয়া কাজটা করে ফেলে।,"The girl believes in her own ability, and that is why she accomplishes things that seem impossible."
Sexual Harassment,"মেয়েটি তো খাওয়া মাল, ৫০ হাজার দিলে রাতের জন্য পাওয়া যাবে",The girl is a used item; she can be had for the night for 50 thousand.
Stereotype,মেয়েদের এতো তাড়াতাড়ি প্রমোশন হয়? নিশ্চই ভিতরে বসের সাথে আতাত থাকে,Do women get promoted this quickly? Surely there is some arrangement with the boss behind closed doors.
Non Misogynistic,মেয়েটার পরিচ্ছন্নতা সবার জন্য উদাহরণ,The girl’s cleanliness is an example for everyone.
Stereotype,মেয়েরা একে অপরকে সাপোর্ট না করে প্রতিযোগিতা করে,Women compete with each other instead of supporting one another.
Sexual Harassment,একটা কচি তরুণী খাওয়ার কার্ড চালু করা যায় না ?,"Can’t a card be introduced for having a young, tender girl?"
Non Misogynistic,মেয়েটা নিরাপত্তা পাওয়ার যোগ্য,The girl deserves safety.
Stereotype,বারোভাতারীরাই বেশিই সুন্দর হয়,Promiscuous women are the most beautiful.
Non Misogynistic,"মেয়েদের বিজ্ঞান শিক্ষায় আগ্রহ বাড়ছে, এটা দেশের জন্য ভালো খবর।","Girls’ interest in science education is increasing, which is good news for the country."
Stereotype,"মেয়েরা গবেষণায় তেমন কিছু করতে পারেনি, ইতিহাস সাক্ষী",Women have not achieved much in research; history is witness to that.
Non Misogynistic,উনি একটা কাজ শুরু করলে শেষ না করে ওঠেন না,"When she starts a task, she does not get up without finishing it."
Non Misogynistic,দিদি তোমার এই ভিডিওটা আমার মাকে দেখাবো,"Didi, I will show this video of yours to my mother."
Derogation,মেয়েটার কর্মক্ষেত্রে আচরণ দেখলে মনে হয় ঘরে আছে।,"Looking at the girl’s behavior at work, it feels like she is at home."
Stereotype,"এক কথা ঘুরিয়ে ফিরিয়ে দশবার বলা মেয়েদের অভ্যাস, যুগ যুগ ধরে চলে আসছে।",Saying the same thing in different ways ten times is a habit of women; this has been going on for ages.
Derogation,মেয়েটার চাহনি দেখলেই বারোভাতারি মনে হয়,Just looking at the girl’s gaze makes her seem promiscuous.
Sexual Harassment,মেয়েটা কি জিনিস রে বাবা! কড়া মাল,What a thing this girl is! A strong piece.
Sexual Harassment,"শোনো এই মডেল, আমার কথা না শুনলে নগ্ন ছবি ভাইরাল করে দেব","Listen, model, if you do not listen to me, I will make your nude photos viral."
Stereotype,নারীদের নিজের নামে সম্পত্তি রাখার শখ পরিবার ভাঙার পূর্বাভাস,Women wanting to keep property in their own names is a warning sign of family breakdown.
Stereotype,"নিজের নামে ব্যাংক একাউন্ট রাখা মেয়েরা সংসারে বিদ্রোহ ডেকে আনে, যুগ যুগ ধরে চলে আসছে।",Women who keep bank accounts in their own names bring rebellion into the family; this has been going on for ages.
Sexual Harassment,"তোমার লিচু ধরে একটু টিপে দিই, জ্বালা মিটবে",Let me hold your lychees and squeeze them a little; your burning desire will be relieved.
Derogation,এই বেডি সংসার করতে পারে না বলেই বিবাহবিচ্ছেদ হয়েছে।,This woman got divorced because she cannot manage a household.
Sexual Harassment,"মামণি স্টোরিতে এত খোলামেলা কেন, বিকিনি পরে নামলে আরো ভাইরাল হতে","Mamoni, why are you so revealing in your stories? If you came out in a bikini, you would go even more viral."
Sexual Harassment,"আপুর উত্তেজনা একটু বেশি নাকি, মনে হচ্ছে সামলাতে পারছ না",Is apu a little too excited? It seems like you cannot control it.
Derogation,মেয়েটার ছবি তুলে ফিল্টার দেওয়ার পরেও চেহারার উন্নতি হয় না।,"Even after taking the girl’s photo and applying filters, her face does not improve."
Stereotype,বউ রান্না না জানলে শ্বশুরবাড়িতে তার কোনো দাম নেই,"If a wife does not know how to cook, she has no value in her in-laws’ house."
Derogation,"তোর মতো মেয়ের কপালে ভালো বর জোটে না, এটা নসিবের ব্যাপার।",A girl like you will not get a good husband; that is a matter of fate.
Derogation,বেয়াদপ মেয়েটার পাচায় লাথি মেরে ওই জায়গা থেকে বের করে দেওয়া উচিত,The rude girl should be kicked in the butt and thrown out of that place.
Derogation,মহিলাটার বয়স যত বাড়ছে তত কচি হওয়ার চেষ্টা করছে,"The older the woman gets, the more she tries to look young."
Sexual Harassment,ইশ এমন একটা বউ যদি পাইতাম ডেইলি রাতে খাট ভাঙতাম,I wish I got a wife like that; I would break the bed every night.
Derogation,মেয়েটার পোশাকের রুচি দেখলে বোঝা যায় পরিবার তাকে কিছু শেখায়নি।,"Looking at the girl’s taste in clothing, it is clear her family taught her nothing."
Sexual Harassment,কি শাড়ি পরবে এটা দেখানোর কি আছে ? শাড়ি খোলার সময় দেখাইয়ো,What is there to show about what sari you will wear? Show it when you take the sari off.
Stereotype,মেয়েরা মতামত দিলে সংসারে তা ঝগড়া ডেকে আনে।,"When women give opinions, it brings quarrels into the family."
Non Misogynistic,পরিবারের সহায়তায় মেয়েটা পড়াশোনা ও কাজ দুটো একসাথে সামলাচ্ছে।,"With her family’s support, the girl is managing both her studies and work together."
Sexual Harassment,"বেটি আমার সাথে রুম ডেট করো, কেউ জানবে না","Girl, have a room date with me; no one will know."
Stereotype,মেয়েদের কারণেই অনেক ছেলের জীবন পথভ্রষ্ট হয়।,"Because of girls, many boys’ lives go astray."
Stereotype,আধুনিক মেয়েদের ভবিষ্যৎ পরিবারের পুরুষদের সিদ্ধান্তে আটকে ,Modern girls’ futures are trapped in the decisions of the men in their families.
Derogation,এই মেয়ের কান দুটো এত বড় যে হেলিকপ্টারের পাখার মতো দেখায়,This girl’s ears are so big that they look like helicopter blades.
Non Misogynistic,"মেয়েটা কারও কথা মাঝপথে কেটে দেয় না, মন দিয়ে শোনে",The girl does not interrupt anyone mid-sentence; she listens attentively.
Sexual Harassment,নেশা করা আর নিচ তলা ভাড়া দেওয়া নারী তুই,You are a drug-addicted woman who rents out her lower body.
Derogation,মেয়েটার মেধা দেখলে মনে হয় পড়াশোনা শুধু কাগজ নষ্ট করেছে।,"Looking at the girl’s intelligence, it seems her education only wasted paper."
Stereotype,"মেয়েদের আবার কীসের ক্যারিয়ার, সংসারই তো আসল, স্বীকার করুক বা না করুক।","What career do women even need? The household is what really matters, whether they admit it or not."
Stereotype,মেয়েরা পাবলিক স্পিকিংয়ে ছেলেদের চেয়ে পিছিয়ে,Women lag behind men in public speaking.
Stereotype,"যতই অস্বীকার করুক, মেয়েরা ম্যানেজার হলে টিমের নিচের লোকেরা স্বস্তি পায় না","No matter how much they deny it, when women become managers, the people under them do not feel comfortable."
Sexual Harassment,ওয়াইফ মেটেরিয়াল না হলেও এক রাতের জন্য পারফেক্ট,"She may not be wife material, but she is perfect for one night."
Derogation,তোর মত মোটা একটা মেয়ে পাওয়ার জন্য আমি এত টাকা খরচ করতে রাজি না,I am not willing to spend so much money to get a fat girl like you.
Non Misogynistic,দিদির আশ্রয়ে অসংখ্য কুকুর-বিড়াল বেঁচে আছে,Countless dogs and cats are alive under Didi’s shelter.
Non Misogynistic,চমৎকার শাড়িতে নারী সুন্দর,A woman looks beautiful in a wonderful sari.
Derogation,এক পাগল আরেক পাগল রে বউ সাজায়,One mad person is dressing another mad person as a bride.
Stereotype,"মেয়েরা রিলেশনশিপে বেশি পসেসিভ হয়, তাই ঘন ঘন ঝামেলা হয়","Girls become more possessive in relationships, so problems happen frequently."
Sexual Harassment,"এই মাগি, বাজাঁরে যা। অনেক টাকা পাবি","You bitch, go to the market. You will get a lot of money."
Sexual Harassment,এই মহিলাকে কিনতে কত টাকা লাগবে আমি দিবো ওকে আমার লাগবে,How much money will it take to buy this woman? I will pay; I need her.
Non Misogynistic,একজন মা তার সন্তানের কাছে সেরা ই হয়,A mother is always the best to her child.
Sexual Harassment,"ওর উলঙ্গ পিট দেখালেই বুঝা যায় উনার চরিত্র সম্পর্কে, কাছে গিয়ে চরিত্রটা ভালো করে দিতাম",Just seeing her naked back shows what her character is like; I would go close and fix that character properly.
Derogation,"ওড়না রাখার কি দরকার ছিলো, বাড়িত রেখে আসলে হতো",What was the need to keep the scarf? She could have left it at home.
Sexual Harassment,"দিদির আপেল দুটো খেতে চাই, দেবে?","Didi, I want to eat your two apples; will you give them?"
Derogation,"এই বেডির ইনস্টাগ্রামে ছবি দেখে বাস্তবে দেখলে চেনা যায় না, ফিল্টার সুন্দরী",This woman’s Instagram photos look nothing like her in real life; she is a filter beauty.
Non Misogynistic,মেয়েটা নিজের সম্পর্কে ইতিবাচক ধারণা পোষণ করে এবং অন্যদেরও সেটা করতে অনুপ্রাণিত করে।,The girl has a positive view of herself and inspires others to do the same.
Sexual Harassment,"সুন্দরী হট ছবি পাঠাও ইনবক্সে, নাহলে প্রাইভেট ভিডিও সবাইকে পাঠিয়ে দেব","Beautiful, send hot photos to my inbox, otherwise I will send your private video to everyone."
Non Misogynistic,প্রতিটি মেয়ে তার নিজস্ব মানসিক সুস্থতাকে অগ্রাধিকার দেওয়ার অধিকার রাখে।,Every girl has the right to prioritize her own mental well-being.
Non Misogynistic,মেয়েটি প্রতিদিন কিছু না কিছু শিখতে পছন্দ করে,The girl likes to learn something new every day.
Sexual Harassment,তোর মতো যৌনকর্মীদের আবার কিসের ইজ্জত!,What respect do sex workers like you even have?
Stereotype,মেয়েরা রাতের শিফটে কাজ করলে এলাকার মানুষজন খারাপ চোখে দেখে,"When women work night shifts, people in the area look at them badly."
Stereotype,সমাজে এমন ধারণা আছে যে নারীর পরিচয়ের মূল্য বিয়ের পরেই প্রতিষ্ঠিত হয়।,There is a belief in society that a woman’s identity gains value only after marriage.
Non Misogynistic,মহিলা সামাজিক উদ্যোক্তাটির তৈরি প্রতিষ্ঠান শত শত নারীর জীবিকার ব্যবস্থা করেছে।,The organization created by the female social entrepreneur has provided livelihoods for hundreds of women.
Derogation,তোদের মত মিডিয়ার মেয়েদের কি আবার বিয়ে করা লাগে নাকি?,Do media girls like you even need to get married?
Non Misogynistic,মেয়েদের ভূমি ও সম্পত্তির অধিকার নিশ্চিত করা তাদের অর্থনৈতিক মুক্তির পথ।,Ensuring women’s land and property rights is a path to their economic liberation.
Stereotype,এই যুগের মেয়েরা স্বভাবগতভাবেই সমালোচনা সহ্য করার ক্ষমতা প্রায় শূন্যের কাছাকাছি ।,Girls of this generation naturally have almost zero ability to tolerate criticism.
Stereotype,"মেয়েরা সফটওয়্যার ইঞ্জিনিয়ার হলেও লাভ নেই, ছেলেদের মতো কাজ করতে পারবে না","Even if women become software engineers, it is of no use; they cannot work like men."
Stereotype,নারী সাংবাদিকতা মানে পেইড আর্টিকেল আর সফট নিউজ।,Women’s journalism means paid articles and soft news.
Non Misogynistic,পরিবারের ছোট মেয়ে তার মানে বাবার আদরের,Being the youngest daughter of the family means being her father’s favorite.
Stereotype,নাইট শিফটে মেয়ে কর্মী থাকলে অফিসের পরিবেশ নষ্ট হয়।,"If female employees work night shifts, the office environment is ruined."
Non Misogynistic,মেয়েটার কাজের মান দেখে বোঝা যায় সে কতটা নিষ্ঠাবান।,The quality of the girl’s work shows how dedicated she is.
Sexual Harassment,"লেংটা হওয়াকে গর্জিয়াস বলে নাকি, তুমি লেংটা হলেও তোমাকে গর্জিয়াস লাগে না","Is being naked called gorgeous? Even if you were naked, you would not look gorgeous."
Stereotype,স্বামী ছাড়া নারীর কোনো মূল্য নাই,"Without a husband, a woman has no value."
Derogation,তুমি আমার বালের অভিনেত্রী হয়েছো,You have become an actress of my pubic hair.
Sexual Harassment,"এই মডেল ভিডিওতে এত খোলামেলা কেন, পুরো উলঙ্গ হয়ে নাচো একবার",Why is this model so revealing in the video? Dance completely naked once.
Non Misogynistic,নারী-পুরুষ সমতা আসলে সবার জন্যই মুক্তি—শুধু নারীর জন্য নয়।,"Gender equality is actually liberation for everyone, not just women."
Non Misogynistic,মহিলা মানবাধিকারকর্মীটির সংগ্রাম আগামী প্রজন্মের জন্য একটি পথ তৈরি করছে।,The struggle of the female human rights activist is creating a path for the next generation.
Sexual Harassment,তোমার সাথে একটা রাত কাটাতে পারলে জীবন ধন্য হয়ে যেত।,"If I could spend one night with you, my life would be blessed."
Non Misogynistic,আমার বোনের সাহস দেখে প্রতিদিন নতুনভাবে বাঁচতে শিখি।,Seeing my sister’s courage teaches me to live anew every day.
Stereotype,মেয়ে বেশি পড়াশোনা করলে বিয়ের বাজারে কদর কমে যায়।,"If a girl studies too much, her value in the marriage market decreases."
Derogation,মেয়েটার চালচলন দেখলে মনে হয় বাড়িতে কোনো শিক্ষা দেওয়া হয়নি।,"Looking at the girl’s behavior, it seems she was not taught anything at home."
Sexual Harassment,"তুমি একটু কম কাপড় পরে ছবি দাও, টাকা পাঠিয়ে দেব।",Post pictures wearing a little less clothing; I will send money.
Non Misogynistic,"নারী নেতৃত্ব যখন সুযোগ পায়, তখন পুরো সমাজ বদলে যায়।","When women’s leadership gets an opportunity, the whole society changes."
Stereotype,মেয়ে সন্তান হলে বাবা-মায়ের দুশ্চিন্তা দ্বিগুণ হয়ে যায়।,"When the child is a daughter, the parents’ worries double."
Derogation,"এই মহিলার ব্যবহার দেখে লজ্জা লাগে, পরিবারের নাম ডোবাচ্ছে।",This woman’s behavior is embarrassing; she is ruining her family’s name.
Non Misogynistic,মহিলা অ্যাথলেটটির পারফরম্যান্স দেশের পতাকাকে আন্তর্জাতিক মঞ্চে উঁচুতে তুলেছে।,The female athlete’s performance has raised the country’s flag high on the international stage.
Sexual Harassment,"মামণির ফিগার বুড়ির মতো হয়ে গেছে, এখন কাকে দেখাচ্ছ",Mamoni’s figure has become like an old woman’s; who are you showing it to now?
Non Misogynistic,মহিলা ফিটনেস ট্রেনার সবার অনুপ্রেরণা,The female fitness trainer is an inspiration to everyone.
Sexual Harassment,এই মেয়ে ইনবক্সে একটু তো হট ছবি পাঠা,"Girl, send some hot photos to my inbox."
Sexual Harassment,"আপুটা দেখতে খাসা মাল, খেলে আরো মজা",Apu looks like a fine piece; it would be even more fun to have her.
Non Misogynistic,মেয়েটার হাতের লেখা দেখে প্রথমেই মুগ্ধ হয়ে গেলাম,I was impressed at first sight by the girl’s handwriting.
Stereotype,বয়স হয়ে যাওয়ার পরও মেয়ে সিঙ্গেল থাকলে নিশ্চয়ই কোনো গোপন সমস্যা আছে,"If a girl remains single after getting older, she must have some hidden problem."
Derogation,এই মহিলা সংসারে কোনো অবদান রাখে না।,This woman makes no contribution to the household.
Non Misogynistic,মেয়েটা সবসময় সবার সাথে ভদ্রভাবে কথা বলে,The girl always speaks politely with everyone.
Derogation,এই মেয়ে নিচু ঘরের হয়েও উঁচু মানুষের মতো চলার চেষ্টা করছে,"This girl, despite being from a low-class background, is trying to behave like a high-class person."
Stereotype,"মেয়েরা সুন্দর থাকলে সব জায়গায় সুযোগ পায়, কিন্তু মেধায় নয়","If girls are beautiful, they get opportunities everywhere, but not because of merit."
Sexual Harassment,এই বুড়ির দুধ টিপতে পারলে জীবন ধন্য হতো,"If I could squeeze this old woman’s breasts, my life would be blessed."
Derogation,মেয়েটার ক্লায়েন্ট ম্যানেজমেন্ট দেখলে বোঝা যায় ব্যবসা জানে না।,"Looking at the girl’s client management, it is clear she does not understand business."
Non Misogynistic,বোনটির সিদ্ধান্ত সবসময় বুদ্ধিদীপ্ত,The sister’s decisions are always intelligent.
Non Misogynistic,মহিলা সংগীতশিল্পীটির গান মানুষের হৃদয় স্পর্শ করে।,The female singer’s songs touch people’s hearts.
Stereotype,মেয়েরা পার্টিতে গেলে কী হয় তা সহজেই বোঝা যায়,It is easy to understand what happens when girls go to parties.
Derogation,মেয়েটা সবকিছুতে নিজেকে ভুক্তভোগী সাজায়।,The girl portrays herself as a victim in everything.
Stereotype,চাকরিজীবী মেয়েদের স্বাধীনতা সবসময়ই একটি সামাজিক ঝুঁকি।,The independence of working women is always a social risk.
Non Misogynistic,মেয়েটার কাজের ধারাবাহিকতা ও মান দেখে ক্লায়েন্টরা বারবার ফিরে আসেন।,Clients keep coming back because of the consistency and quality of the girl’s work.
Non Misogynistic,রসায়নে মেয়েটার দক্ষতা দেখে গবেষণাগারের সবাই মুগ্ধ হয়েছে।,Everyone in the laboratory was impressed by the girl’s skill in chemistry.
Non Misogynistic,"মেয়েটা নিজের দুর্বলতাও স্বীকার করে, এটাই তার সত্যিকারের শক্তি।","The girl admits her weaknesses too, and that is her true strength."
Sexual Harassment,সুন্দরীর ভাইরাল হওয়ার একমাত্র উপায় কাপড় কম পরা,The only way for a beauty to go viral is to wear fewer clothes.
Sexual Harassment,মেয়েটাকে নাচালে বোঝা যাবে আইটেম কেমন,"If the girl is made to dance, it will show what kind of item she is."
Sexual Harassment,এই সুন্দরী ভিডিওতে এসে শরীর বিক্রির বিজ্ঞাপন দিচ্ছে,This beauty has come on video to advertise selling her body.
Derogation,এই মেয়ের ভাষার দক্ষতা দেখলে হতাশ হতে হয়,Looking at this girl’s language skills is disappointing.
Stereotype,মেয়েরা বন্ধুত্ব করে কিন্তু পেছনে কথা লাগায়,Girls make friendships but talk behind people’s backs.
Derogation,তোর মতো মিথ্যুক মেয়েকে বিশ্বাস করা বোকামি।,It is foolish to trust a lying girl like you.
Stereotype,"যতই অস্বীকার করুক, শালীনতা না মানলে মেয়েরা সমাজে গ্রহণযোগ্যতা হারায়","No matter how much they deny it, if girls do not follow modesty, they lose acceptance in society."
Stereotype,মেয়েরা গাড়ি চালায় ঠিকই কিন্তু পার্কিং করতে পারে না,"Girls may drive cars, but they cannot park."
Non Misogynistic,মেয়েটা অন্যের কথা ধৈর্য নিয়ে শোনেন,The girl listens to others patiently.
Stereotype,"শহরের মেয়েদের রাগ যত গোপন, সংসার তত সুখী।","The more hidden city girls’ anger is, the happier the household is."
Stereotype,৯০ শতাংশ সময় মেয়েরাই চিট করে,"Ninety percent of the time, girls are the ones who cheat."
Sexual Harassment,উপস্থাপিকা শুধু নাচে না সেক্সুয়াল সিডিউস করছে,The presenter is not just dancing; she is sexually seducing.
Derogation,যেমন চরিত্র তেমন পোশাক। আবার হাসে। লজ্জা শরম বলতে কিছু নেই এই মহিলার,Her clothing matches her character. And she laughs too. This woman has no shame or modesty.
stereotype,মেয়েদের উচিত স্বামীর ইচ্ছাকেই নিজের ইচ্ছা মনে করা।,Women should consider their husband’s wishes as their own wishes.
Stereotype,মেয়ে সুন্দর মানে ঘরের কাজ পারে না,"If a girl is beautiful, it means she cannot do housework."
Stereotype,মেয়েরা এখন ওড়না পরতে চায় না,Girls nowadays do not want to wear scarves.
Derogation,আপু দেখি একদম লেংটা হয়েই লাইভে চলে আসেন,Apu should just come live completely naked.
Non Misogynistic,প্রতিটি মেয়ের ব্যক্তিগত সীমা আছে যা সবসময় সম্মান করতে হবে।,Every girl has personal boundaries that must always be respected.
Derogation,খালি কলসি বাজে বেশি লেংটা মাইয়া ফেমাস বেশি,An empty pitcher makes the most noise; naked girls become the most famous.
Sexual Harassment,ও মাগি আজ রাতে আমার কাছে আয়,"Hey bitch, come to me tonight."
Sexual Harassment,বলছি এই ডাব কয়জন টিপে এই সাইজ করল ?,"Tell me, how many people squeezed these coconuts to make them this size?"
Sexual Harassment,শাড়ি খুলে ফেল্লে অ্যাওয়ার্ড দিবো,"If you take off your sari, I will give you an award."
Non Misogynistic,মেয়েটার কাজের মনোভাব তার সহকর্মীদের মনোবল বাড়ায়।,The girl’s attitude toward work boosts the morale of her colleagues.
Non Misogynistic,একজন মা সন্তানের জন্য সবকিছু করতে প্রস্তুত,A mother is ready to do everything for her child.
Sexual Harassment,"তোমার নাভির গর্ত যত বড়, নিচেরটা তত বড় হবে","The bigger the hole in your navel, the bigger the one below will be."
Sexual Harassment,"আমাদেরও সুযোগ দাও সুন্দরী, আমরাও ভোগ করি","Give us a chance too, beautiful; let us enjoy you as well."
Non Misogynistic,আপুর উপস্থাপনাটা সত্যিই অনেক তথ্যবহুল ছিল,Apu’s presentation was truly very informative.
Sexual Harassment,"এই মডেল এখনো কচি মাল, খাওয়ার জন্য একদম পারফেক্ট","This model is still a young piece, absolutely perfect to have."
Sexual Harassment,এই নায়িকার গোপন জায়গা চাটটে পারলে ভালো লাগত,It would feel good if I could lick this actress’s private part.
Non Misogynistic,মেয়েটার চিন্তাভাবনা বেশ ইতিবাচক,The girl’s thoughts are quite positive.
Derogation,এই মেয়েটার বিবেক আছে বলে মনে হয় না,I do not think this girl has any conscience.
Sexual Harassment,ভাবিকে পাট ক্ষেতে নিয়ে রেপ করব একদিন,One day I will take sister-in-law to a jute field and rape her.
Derogation,এই মেয়েটাকে মেকাপের জন্য এলিয়েনদের মত দেখা যাচ্ছে,This girl looks like an alien because of the makeup.
Derogation,মেয়েটার সংসার সামলানোর ক্ষমতা নেই।,The girl does not have the ability to manage a household.
Non Misogynistic,মেয়েটা প্রতিটি বাধাকে শিক্ষার সুযোগ হিসেবে দেখে।,The girl sees every obstacle as an opportunity to learn.
Stereotype,মেয়েরা ছোট কাপড় পরে দেখে লোকজন তাদের খারাপ নজরেরই দেখে,"Because girls wear short clothes, people look at them with bad intentions."
Sexual Harassment,"এই মাগি মিউজিক ভিডিওতে এত খোলামেলা কেন, শাড়িটা একদম খুলে ফেলো",Why is this bitch so revealing in the music video? Take off the sari completely.
Derogation,এই বেডির বুদ্ধি এত কম যে দুই আর দুই চার করতে পারে না।,This woman is so unintelligent that she cannot add two and two to make four.
Sexual Harassment,"সব তো দেখা যায়, এতটুকু জামা পরে থাকার দরকার কি",Everything is visible anyway; what is the need to wear such a tiny dress?
Sexual Harassment,"শোনো সুন্দরী, তোমাকে আমি কষ্ট দিতে চাই না, ভালোই ভালোই তোমাকে ভোগ করতে দাও","Listen, beautiful, I do not want to hurt you; let me enjoy you peacefully."
Stereotype,"গ্রামের বাইরে পড়তে গেলে, মেয়ের জন্য বাবা-মায়ের ঘুম হারাম হয়","When a girl studies outside the village, her parents lose sleep."
Non Misogynistic,কাকিমার রান্নায় আদর মাখানো থাকে,Auntie’s cooking is filled with affection.
Sexual Harassment,মামণির ডাব দুটো কত টাকায় বিক্রি করবে?,How much will Mamoni sell her two coconuts for?
Derogation,মেয়েটাকে জিনের মতো লাগছে,The girl looks like a ghost.
Stereotype,কথার মাঝে কথা ঢুকিয়ে বিষয় বদলে দেওয়া মেয়েদের চিরাচরিত কৌশল।,Interrupting conversations and changing the topic is women’s traditional strategy.
Non Misogynistic,মেয়েদেরও নিজের পছন্দমতো জীবন বেছে নেওয়ার অধিকার আছে,Women also have the right to choose their lives according to their own preferences.
Non Misogynistic,প্রতিটি মেয়ে তার কর্মক্ষেত্রে সমান সম্মান ও মর্যাদা পাওয়ার অধিকার রাখে।,Every girl has the right to equal respect and dignity in her workplace.
Sexual Harassment,আপু আপনার দুদগুলো খুলে দেখান,"Apu, show your breasts."
Sexual Harassment,আপুকে চুষলে আমের মতো মিষ্টি লাগবে,"If Apu is sucked, she will taste sweet like a mango."
Derogation,লিপস্টিক এমনে দিছে এখন হাসলে হাঁসের মতো দেখায়,She has applied lipstick in such a way that she looks like a duck when she smiles.
Stereotype,মেয়েরা শ্বশুরবাড়ির নিয়ম না মানলে বুঝতে হবে তাদের শিক্ষার অভাব আছে,"If girls do not follow their in-laws’ rules, it means they lack upbringing."
Non Misogynistic,মেয়েটি কারো ওপর নির্ভর না করেই এগিয়ে যাচ্ছেন,The girl is moving forward without depending on anyone.
Stereotype,মেয়েরা ইউনিয়ন চেয়ারম্যান হলে কাজ চলে না,"If women become union chairmen, work does not get done."
Sexual Harassment,ওকে দেখেলেই মনে হয় ওকে ছাড়া আমার রাত কাটানো মুশকিল হবে,Just looking at her makes me feel that it would be difficult to spend the night without her.
Derogation,মেয়েটার বিয়ে ভেঙে যাওয়াটা অস্বাভাবিক না কারণ তার চরিত্রে অনেক সমস্যা,It is not surprising that the girl’s marriage broke down because there are many problems with her character.
Non Misogynistic,মেয়েটার স্বাধীনতা ও আত্মসম্মানবোধ তাকে মানুষ হিসেবে অনন্য করে তুলেছে।,The girl’s independence and sense of self-respect have made her unique as a person.
Non Misogynistic,দিদির হাতে অনেক শিক্ষার্থী বেড়ে উঠেছে,Many students have grown under Didi’s guidance.
Sexual Harassment,"মাদক কে না বলুন, নারীদের জড়িয়ে ধরুন","Say no to drugs, hug women."
Non Misogynistic,বোনটির হাতের তৈরি পুতুল ছোটদের প্রিয়,The dolls handmade by the sister are loved by children.
Non Misogynistic,"মেয়েটা পুরো প্রজেক্টটা একা সামলে নিয়েছে, কেউ জানেও না","The girl handled the entire project alone, and no one even knows."
Stereotype,মেয়েদের সংসারে মনোযোগ না থাকলে পরিবারে অশান্তি আসে,"If women do not focus on the household, unrest comes into the family."
Derogation,মেয়েটার হাতগুলো দেখলে কঙ্কালের হাত মনে পড়ে যায়,Looking at the girl’s hands reminds me of skeleton hands.
Stereotype,"যতই অস্বীকার করুক, নিজের পায়ে দাঁড়ানোর শখ মেয়েদের সংসারে ফাটল ধরায়।","No matter how much they deny it, women’s desire to stand on their own feet creates cracks in the household."
Derogation,মহিলাটার বয়স দেখে মনে হয় যৌবন কবেই চলে গেছে,"Looking at the woman’s age, it seems her youth has long gone."
Sexual Harassment,বৌদির কোমরের গঠন টা পুরা একটা দেউয়ের মতো উত্থাল,Boudi’s waist shape is completely wavy like a tide.
Sexual Harassment,বৌদির মতো যৌনকর্মীর আবার কীসের মানসম্মান,What honor does a sex worker like Boudi even have?
Sexual Harassment,"মেয়েটার ফিগার টা দেখ, একদম মাখন",Look at the girl’s figure; it is completely smooth like butter.
Sexual Harassment,আপুর জন্য নাকি যৌনপল্লীই বেশি মানানসই জায়গা।,"Apparently, a brothel is the most suitable place for Apu."
Derogation,ভাবভঙ্গি দেখে মনে হয় রাজার বেটি,Her attitude makes her seem like a king’s daughter.
Derogation,এই মেয়ের মতো ফালতু মেয়ে আমি জীবনে খুব কম দেখেছি,I have seen very few useless girls like this one in my life.
Non Misogynistic,মেয়েটা প্রতিটি সমস্যাকে সুযোগ হিসেবে দেখে এবং সমাধান খোঁজে।,The girl sees every problem as an opportunity and looks for solutions.
Stereotype,এইসব মেয়েরা সমাজের জন্য ভাইরাস। শরীর দেখানো তাদের মূল লক্ষ্য,These girls are a virus for society. Showing their bodies is their main goal.
Stereotype,মেয়ে হয়ে জন্মালে বিয়েটা মেনে নিতেই হবে এর বিকল্প নেই।,"If you are born a girl, you have to accept marriage; there is no alternative."
Derogation,মেয়েটার ধৈর্য বলে কিছু নেই সামান্য বিপদেই ভেঙে পড়ে,The girl has no patience; she breaks down at the slightest problem.
Non Misogynistic,"আপুর গলার আওয়াজটাই আলাদা, শুনতেই ভালো লাগে",Apu’s voice is different; it is pleasant to listen to.
Non Misogynistic,আপুর সততা প্রশংসার দাবি রাখে,Apu’s honesty deserves praise.
Derogation,"মেয়েটার চরিত্র বুঝা দায়। গ্রামে যাইয়া থ্রি পিস, শহরে আসলে ওয়েস্টার্ন",It is hard to understand the girl’s character. In the village she wears a three-piece outfit; in the city she wears Western clothes.
Stereotype,মেয়েরা আসলে জানে না যে মানুষের সাথে কিভাবে কথা বলতে হয়,Girls actually do not know how to talk to people.
Derogation,মেয়েটার ভাবনাচিন্তা দেখলে মনে হয় বস্তিতে জন্মে রাজপরিবারে মানুষ হয়েছে।,"Looking at the girl’s thoughts, it seems she was born in a slum but raised in a royal family."
Derogation,এই বেডি সারাদিন কী করে বোঝার উপায় নেই কিন্তু কাজ কিছু হয় না।,"There is no way to understand what this woman does all day, but no work gets done."
Derogation,মেয়েটার এই পদে থাকার যোগ্যতা নেই।,The girl is not qualified to hold this position.
Sexual Harassment,"উফ খাসা মাল! আহহহ্ টসটসা হয়ে আছে, যদি একটু খেতে পারতাম","Ugh, what a fine piece! Ahh, she looks so juicy; if only I could have a taste."
Derogation,এই বেডির মানসিক পরিপক্কতা দেখলে মনে হয় বয়স বাড়েনি।,"Looking at this woman’s mental maturity, it seems she has not grown up."
Derogation,এই মহিলা এত বাজে ড্রেসাপ করে কেন? একটু শালিন থাকলে কি হয়।,Why does this woman dress so badly? What would happen if she stayed a little modest?
Non Misogynistic,মেয়েটার কাজের গতি দেখে বোঝা যায় কতটা প্র্যাকটিস করেছে,The girl’s pace of work shows how much she has practiced.
Sexual Harassment,ওরে আর কি খাবে খাওয়ার মতো কিছু কি বাকি আছে,What else will people have from her? Is there even anything left to have?
Sexual Harassment,"তোমার তো কাপড় খোলা আর একটু বাকী, সব টাই খুলে ফেলো",You are almost out of clothes anyway; take everything off.
Sexual Harassment,মামুনি বুকের উপর কাপড়টা না থাকলে ভালো হতো,"Mamuni, it would have been better if that cloth were not on your chest."
Derogation,মেয়েটার কার্যক্রম দেখে পরিবার লজ্জায় পড়ে,The girl’s activities bring shame to her family.
Sexual Harassment,ম্যাডাম রুম ডেটে না এলে প্রাইভেট ভিডিও সবাইকে পাঠিয়ে দেব,"Madam, if you do not come for a room date, I will send your private video to everyone."
Sexual Harassment,টিপ শালা ভালো করে টিপ মেয়েটার কাছে ভালো লাগতেছে,"Squeeze, damn it, squeeze properly; the girl seems to like it."
Non Misogynistic,"মেয়েটার বাবা তাকে বলেছেন তুমি ছেলে হলে যা করতে, মেয়ে হিসেবেও তাই করো।","The girl’s father told her, “Whatever you would do if you were a boy, do the same as a girl.”"
Non Misogynistic,মেয়েটা নিজের অধিকারের বিষয়ে সচেতন এবং সেটা রক্ষায় সোচ্চার।,The girl is aware of her rights and speaks up to protect them.
Stereotype,মেয়েরা এক কাপড় একবার পরলে দ্বিতীয়বার পরতে শরম পায়,Girls feel ashamed to wear the same outfit a second time after wearing it once.
Derogation,এই মহিলার ব্যক্তিগত তথ্য সামলানোর ক্ষমতা নেই,This woman cannot handle personal information.
Stereotype,মেয়েদের সাথে রহস্য শেয়ার করলে পরের দিনই সবাই জানে।,"If you share a secret with girls, everyone knows it by the next day."
Stereotype,"যতই অস্বীকার করুক, টাকা ধার নেওয়ার সময় মেয়েদের প্রতিশ্রুতি, ফেরত দেওয়ার সময় চুপ।","No matter how much they deny it, when girls borrow money they make promises, but when it is time to repay, they stay silent."
Sexual Harassment,"সুন্দরী, কাপড়ের নিচ থেকে ভিডিও নিতে হবে আজকে না হলে কেউ দেখবে না","Beautiful, we need to take a video from under your clothes today, otherwise no one will watch."
Stereotype,মেয়েরা বেশি কথা বলে,Girls talk too much.
Stereotype,মেয়েদের ক্যারিয়ার বিয়ের পর আস্তে আস্তে শেষ হওয়াই স্বাভাবিক,It is natural for women’s careers to slowly end after marriage.
Derogation,মেয়েটার শিক্ষাগত যোগ্যতা আছে কিন্তু কাজের যোগ্যতা নেই।,The girl has educational qualifications but no work qualifications.
Stereotype,"যারা ভালো ফ্যামিলির মেয়ে , তারা এরকম অশ্লীলতা করে না",Girls from good families do not do such obscenity.
Stereotype,মেয়েদের কাজ হলো স্বামীর জন্য অপেক্ষা করা আর গরম খাবার রাখা,A woman’s job is to wait for her husband and keep hot food ready.
Derogation,মেয়েটার হাসি দেখলে মনে হয় মুখের মধ্যে পিয়ানো আছে।,"Looking at the girl’s smile, it seems like there is a piano inside her mouth."
Derogation,কে জন্ম দিল এই নটি রে?,Who gave birth to this slut?
Derogation,এই বেডি কাজ করার চেয়ে অজুহাত দেওয়ায় বেশি পারদর্শী।,This woman is better at making excuses than doing work.
Non Misogynistic,এই মেয়েটি ইঞ্জিনিয়ারিং পড়ছে এবং তার থিসিসটা সত্যিই উদ্ভাবনী।,"This girl is studying engineering, and her thesis is truly innovative."
Derogation,এই মেয়ের হাসির শব্দ শুনলে কানে তালা লেগে যায়,Hearing this girl’s laughter makes my ears ring.
Derogation,এই মেয়ের জীবনে ভালো কিছু আসে না কারণ নিজেই সুযোগ নষ্ট করে,Nothing good comes into this girl’s life because she ruins her own opportunities.
Non Misogynistic,ওর সাথে কাজ করলে ঝামেলার চেয়ে সহযোগিতাই বেশি পাওয়া যায়,Working with her brings more cooperation than trouble.
Stereotype,মেয়েদের বেশি উচ্চশিক্ষা দিলে সংসারের প্রতি অনীহা আসে,Giving girls too much higher education makes them lose interest in family life.
Sexual Harassment,বুড়ি ক্যামেরা যত নিচে নামাচ্ছ সব কিছু দেখা যাচ্ছে,"Old woman, the lower you move the camera, the more everything becomes visible."
Sexual Harassment,"আপুটির কাস্টমার কমে গেছে, তাই এত খোলামেলা","Apu’s customers have decreased, so she is being so revealing."
Sexual Harassment,"আপুর দুদু এর বিজ্ঞাপন দিচ্ছ, রেট কী?","Apu, are you advertising your breasts? What is the rate?"
Stereotype,"মানতেই হবে, নিজের বাড়িতে বন্ধু ডাকা মেয়েদের সংস্কারে অভাব।",It must be admitted that girls who invite friends to their own homes lack proper values.
Sexual Harassment,শরীর নাড়ানো দেখেই পাবলিক গরম হয়ে যাচ্ছে,Just seeing her move her body is making the public excited.
Derogation,এই বেডি অভিজ্ঞতার দাবি করে কিন্তু কাজে বোঝা যায় না।,"This woman claims to have experience, but it does not show in her work."
Non Misogynistic,প্রতিটি মেয়ে যা সে করতে পারে তার প্রতি আস্থা রাখতে পারে।,Every girl can have confidence in what she is capable of doing.
Derogation,তোর মতো লোভী মেয়ে টাকা ছাড়া কাউকে পছন্দ করে না।,A greedy girl like you does not like anyone without money.
Non Misogynistic,মেয়েটা অনেক সম্মানজনকভাবে ভিন্নমত প্রকাশ করেছে,The girl expressed her disagreement in a very respectful way.
Derogation,এই সমস্ত মাগিদের ব্যবসা ভালো,These bitches’ business is good.
Stereotype, মহিলাদের উচিত পরিবারের সবার মতামত কে প্রাধন্য দেওয়া,Women should give priority to the opinions of everyone in the family.
Derogation,তোর চুলের অবস্থা দেখলে বোঝা যায় কতদিন ধরে শ্যাম্পু করিসনি।,"Looking at the condition of your hair, it is clear how long you have gone without shampooing."
Derogation,এই মহিলার ইমেইল পড়লে মনে হয় ক্লাস থ্রির ছাত্র লিখেছে।,Reading this woman’s email feels like it was written by a third-grade student.
Derogation,মেয়েটার খুশকির সমস্যা এত বেশি যে কালো জামা পরলে বোঝা যায়।,The girl has such a severe dandruff problem that it shows when she wears black clothes.
Non Misogynistic,"মেয়েটার আত্মবিশ্বাস কেউ কেড়ে নিতে পারেনি, সে সেটা নিজের ভেতরে লালন করে।",No one could take away the girl’s confidence; she nurtures it within herself.
Non Misogynistic,আপুর কাগজের ফুল জীবন্ত মনে হয়,Apu’s paper flowers look alive.
Stereotype,"সবাই জানে, কর্মজীবী নারীরা হাঁড়ি-পাতিল নিয়ে যত পটু, বই-কলম নিয়ে ততটা না।",Everyone knows that working women are more skilled with pots and pans than with books and pens.
Stereotype,"মেয়েরা কাজের চাপে অফিসে কান্না করে ফেলে, পেশাদারিত্ব নেই",Girls cry in the office under work pressure; they have no professionalism.
Derogation,এই মহিলাকে দেখলে মনে হয় এখনো মানসিকভাবে কিশোরী,"Looking at this woman, it seems she is still mentally a teenager."
Non Misogynistic,দিদির বুদ্ধিমত্তা প্রশংসনীয়,Didi’s intelligence is commendable.
Sexual Harassment,তুমি তো অনেক সুন্দরী তোমায় দেখলে তো ছেলেদের দাঁড়িয়ে যায়,You are so beautiful that boys get aroused when they see you.
Non Misogynistic,মেয়েটার উদ্যম ও পরিশ্রমের সমন্বয় তাকে সাফল্যের পথে এগিয়ে নিয়ে যাচ্ছে।,The girl’s combination of enthusiasm and hard work is moving her toward success.
Non Misogynistic,আন্টির একটি সিদ্ধান্ত পুরো পরিস্থিতি বদলানোর ক্ষমতা রাখে।,Auntie’s one decision has the power to change the whole situation.
Sexual Harassment,"বেটি খাটে কাজ করো, কষ্ট কম টাকা বেশি","Girl, work in bed; less pain, more money."
Stereotype,গৃহিণী মানে কোনো কাজকাম নেই । সারাদিন শুধু ঘরে বসে থাকা,"A housewife means someone with no real work, just sitting at home all day."
Sexual Harassment,এখন কার সাথে খেলতেছেন আপু? খুব চনমনে মুডে আছেন,"Who are you playing with now, Apu? You seem to be in a very lively mood."
Sexual Harassment,"এই ডিজের মতো একটা মেয়ে যদি বউ হতো, ডেইলি খাট ভাঙতাম","If I had a girl like this DJ as my wife, I would break the bed every night."
Sexual Harassment,বাজারে এখন তোর মতো সুন্দর ফিগার এর দাম বেশি,A beautiful figure like yours has a high market value now.
Derogation,"ঢং করে লাভ নাই, মেয়েটার চেহারায় বয়সের ছাপ পড়ে গেছে, এখন আর এইসব ছাপড়িপনা মানায় না।","There is no use acting pretentious; the girl’s face shows signs of age, and this cheap behavior no longer suits her."
Sexual Harassment,"আপুটির সাইজ রসের হাঁড়ির মতো, একদম কড়া","Apu’s size is like a pot full of juice, absolutely intense."
Non Misogynistic,মহিলা সংসদ সদস্যটি তাঁর এলাকার মানুষের সমস্যা সংসদে তুলে ধরছেন।,The female Member of Parliament is raising the problems of the people in her area in parliament.
Non Misogynistic,মেয়েটার কাজের প্রতি ভালোবাসা তাকে প্রতিদিন এগিয়ে যেতে অনুপ্রাণিত করে।,The girl’s love for her work inspires her to move forward every day.
Derogation,"ডাইনি,ভিলেন ভিলেন লাগছে । নায়িকাদের চেহারাতে একটা ইনোসেন্ট ভাব থাকতে হয় ,সেটা নাই","Witch, she looks like a villain. Heroines should have an innocent look on their faces, but she does not have that."
Derogation,মেয়েটাকে দেখলে মনে হয় অপরিপক্ক কাঁচা আম,"Looking at the girl, she seems like an immature raw mango."
Stereotype,মেয়েরা গভীর জঙ্গল ট্রেকিংয়ে ফিট না।,Girls are not fit for deep forest trekking.
Derogation,এই মেয়ের লজ্জা নাই,This girl has no shame.
Sexual Harassment,"বিকিনি পড়লে কি ভালো দেখা যায় রে, মন ভরে সব দেখি আর কাম মিটাই",Does wearing a bikini make you look good? I will watch everything to my heart’s content and satisfy my desire.
Non Misogynistic,মেয়েটার আচরণে গভীর শালীনতা রয়েছে,The girl’s behavior has deep modesty.
Stereotype,মেয়েরা সরাসরি বলতে পারে না তাই ঘুরিয়ে বলে,"Girls cannot speak directly, so they say things indirectly."
Stereotype,দার্শনিক বিষয়ে মেয়েদের কোনো জ্ঞানবোধ নেই,Girls have no sense of knowledge about philosophical matters.
Derogation,হাঁটার ধরন দেখে মনে হচ্ছে নাগিন সাপ,Her way of walking looks like a cobra snake.
Non Misogynistic,"মেয়েটা লাইব্রেরিতে ঘণ্টার পর ঘণ্টা পড়ে, জ্ঞানের প্রতি তার আগ্রহ অসাধারণ।",The girl studies in the library for hours; her interest in knowledge is extraordinary.
Derogation,এই মেয়ে কাজের নামে সময় নষ্ট করে,This girl wastes time in the name of work.
Derogation,এই মহিলার সিদ্ধান্ত নেওয়ার ক্ষমতা শূন্য,This woman has zero decision-making ability.
Non Misogynistic,আপু প্রতিবেশীর সমস্যা মন দিয়ে শোনেন,Apu listens carefully to her neighbor’s problems.
Stereotype,রান্না না জানা মেয়েকে নিয়ে কেউ ঘর করতে চায় না,No one wants to build a household with a girl who does not know how to cook.
Sexual Harassment,"আপুটি খাসা মাল, রাতের জন্য পারফেক্ট ফিট","Apu is a fine piece, a perfect fit for the night."
Derogation,নিজে থাকবা খোলা মেলা আর জামাই খোজো ইমান ওলা,"You will stay so revealing yourself, yet look for a religious husband."
Derogation,মেয়েটার চোখগুলা গাঞ্জাখোরের মত লাল,The girl’s eyes are red like a drug addict’s.
Sexual Harassment,তোমাকে দিয়ে শারীরিক চাহিদা পূরণ করতে চাই,I want to fulfill my physical desires with you.
Stereotype,"হোয়াটসঅ্যাপ গ্রুপে মেয়েরা ঢুকলে স্ক্রল শেষ হয় না, স্বীকার করুক বা না করুক।","When girls enter a WhatsApp group, the scrolling never ends, whether they admit it or not."
Stereotype,"যুগ যুগ ধরে দেখে আসছি, বাবার মতের বাইরে যাওয়া কন্যাসন্তানের অপরাধ।","For ages, we have seen that going against the father’s opinion is considered a daughter’s crime."
Derogation,মেয়েটার গালে এত দাগ যে মেকআপেও ঢাকা যায় না।,The girl has so many marks on her cheeks that even makeup cannot cover them.
Stereotype,একা রিকশায় চড়ে দূরে যাওয়া মেয়েদের জন্য বিপজ্জনক।,It is dangerous for girls to travel far alone in a rickshaw.
Sexual Harassment,এই মেয়ে রুম ডেটে না এলে তোমার নাম পোস্ট করে দেব,"Girl, if you do not come for a room date, I will post your name."
Derogation,মেয়েটিকে হিজরার মতো দেখা যায়,The girl looks like a hijra.
Non Misogynistic,প্রতিটি মেয়ে তার নিজস্ব আনন্দ ও সন্তুষ্টির সংজ্ঞা নিজেই লিখতে পারে।,Every girl can write her own definition of joy and satisfaction.
Non Misogynistic,আজকে দিদিকে অনেক খুশি মনে হচ্ছিল,Didi seemed very happy today.
Non Misogynistic,মহিলা সমাজকর্মীটি প্রান্তিক মানুষদের অধিকার আদায়ে অগ্রণী ভূমিকা রাখছেন।,The female social worker is playing a leading role in securing the rights of marginalized people.
Non Misogynistic,বোনটি কর্মঠ ও আত্মনির্ভর,The sister is hardworking and self-reliant.
Sexual Harassment,মামণিকে আমার গোপন রক্ষিতা বানাতে চাই,I want to make Mamuni my secret mistress.
Stereotype,মেয়েরা বিয়ের পর বাপের বাড়ির টাকা স্বামীর ঘরে আনতে চায় না,"After marriage, girls do not want to bring money from their parents’ home into their husband’s home."
Non Misogynistic,একজন মা তার মেয়েকে শিক্ষিত করে দেশের ভবিষ্যৎ গড়তে সাহায্য করছেন।,A mother is helping build the country’s future by educating her daughter.
Non Misogynistic,মেয়েটা ভাষার সৌন্দর্য বুঝে কথা বলেন,The girl speaks with an understanding of the beauty of language.
Non Misogynistic,প্রতিটি মেয়ে তার নিজস্ব পরিচয় নির্মাণে সক্ষম।,Every girl is capable of building her own identity.
Derogation,মেয়েটা এত ছোট যে ভিড়ের মধ্যে কেউ খেয়াল করে না,The girl is so short that no one notices her in a crowd.
Derogation,এই বেডির সাথে কথা বললে মন খারাপ হয়।,Talking to this woman makes me feel upset.
Stereotype,সুন্দরী হলেই প্রেমিকা হওয়া যায় না,Being beautiful does not automatically make someone fit to be a girlfriend.
Stereotype,অফিস থেকে ফেরত এসেও চা না বানালে স্বামী কী খাবে,"If she comes back from the office and still does not make tea, what will her husband have?"
Derogation,এই বেডির ব্যক্তিগত সমস্যা অফিসে নিয়ে আসে।,This woman brings her personal problems to the office.
Stereotype,অজানা শহরে মেয়েরা একা চলাচল করা নিরাপদ না,It is not safe for girls to move around alone in an unknown city.
Stereotype,"সবাই জানে, গ্রামের মেয়েদের অভিযোগ করা যেন তাদের জিনে গাঁথা, তা না হলে সমাজ চলে কীভাবে?","Everyone knows that complaining seems to be in the genes of village girls; otherwise, how would society function?"
Stereotype,নিজেদের ভেতরে মেয়েরা একে অপরকেই বেশি ছোট করে।,"Among themselves, girls belittle each other the most."
Derogation,এই বয়স্ক মহিলাকে কে বিয়ে করবে?,Who will marry this older woman?
Sexual Harassment,দিদিকে আমার গোপন রক্ষিতা বানাতে পারলে আর কিছু চাইতাম না,"If I could make Didi my secret mistress, I would want nothing else."
Non Misogynistic,মেয়ে সন্তানরা পরিবারে আলো জ্বালিয়ে রাখে,Daughters keep the light shining in the family.
Stereotype,কৌশলগত চিন্তাভাবনায় মেয়েরা সবসময় পিছিয়ে।,Girls are always behind in strategic thinking.
Sexual Harassment,এই মহিলাকে কতজন খেয়েছে তার হিসাব নেই,There is no count of how many people have had this woman.
Stereotype,"ক্যারিয়ার দিয়ে কী হবে, সংসার করাই মেয়েদের জন্মলক্ষ্য",What is the point of a career? Managing a household is women’s purpose in life.
Non Misogynistic,"প্রতিটি মেয়ের পোশাক, জীবনধারা ও পছন্দ তার নিজস্ব ব্যাপার।","Every girl’s clothing, lifestyle, and choices are her own matter."
Sexual Harassment,"সুন্দরী, কাপড়টা একটু খুলে দেখাও","Beautiful, open your clothes a little and show me."
Non Misogynistic,প্রতিটি মেয়ে নিরাপদে শিক্ষা গ্রহণ করার অধিকার রাখে।,Every girl has the right to receive education safely.
Stereotype,মেয়েদের বিয়ের বাজার একটা বয়সের পর কমে যায়,Girls’ value in the marriage market decreases after a certain age.
Non Misogynistic,মাসির আদর ছোটবেলার এক মধুর স্মৃতি,Auntie’s affection is a sweet memory from childhood.
Stereotype,মেয়েরা বাইরে কাজ করলে ঘরের ছেলেমেয়েরা মানুষ হয় না,"When women work outside, the children at home do not grow up properly."
Stereotype,নায়িকা হতে গেলে সেক্সি ফিগার লাগে,"To become a heroine, a sexy figure is needed."
Sexual Harassment,তোরে ৫০০ টাকা দিয়ে ও কেউ খাবে না,No one would have you even for 500 taka.
Non Misogynistic,মেয়েটার মতামত ও বিশ্লেষণ দলের সিদ্ধান্তকে সঠিক পথে রাখে।,The girl’s opinions and analysis keep the team’s decisions on the right path.
Sexual Harassment,বুড়ির দিন দিন কাস্টমার কমে যাচ্ছে তাই এখন উলঙ্গ ভাবে আসে,"The old woman’s customers are decreasing day by day, so now she appears almost naked."
Stereotype,"বলে রাখি, সব জায়গাই মেয়েরা ছেলেদের সমান কাজ করার দাবি একদম অযৌক্তিক ",Let me say this clearly: the demand that girls do equal work with boys everywhere is completely unreasonable.
Sexual Harassment,মামুনির দুধ ঝুলে গেছে বুড়ির মতো,Mamuni’s breasts have sagged like an old woman’s.
Non Misogynistic,মেয়েটার সংকলন ক্ষমতা প্রশংসনীয়,The girl’s ability to compile things is commendable.
Sexual Harassment,"এই মহিলা আসলে একটা সেক্সি মাল, এর বেশি কিছু না","This woman is actually just a sexy item, nothing more."
Stereotype,"যতই অস্বীকার করুক, একা চলাফেরা মেয়েদের জন্য অশোভন ","No matter how much they deny it, moving around alone is improper for girls."
Stereotype,একা ক্যাম্পিংয়ে যাওয়া মেয়েদের মধ্যে সমস্যা আছে - এটাই সমাজ,Girls who go camping alone have problems — that is society’s view.
Derogation,মেয়েটার লিপস্টিক দেখে মনে হচ্ছে ঠোঁটের বদলে সারা মুখে লাগিয়েছে,The girl’s lipstick looks like she applied it all over her face instead of her lips.
Sexual Harassment,মেয়েটিকে কুকুরের সাথে খেলতে দিলে ভালোই খেলতে পারবে অভিজ্ঞতা আছে,"If the girl is allowed to play with a dog, she will play well because she has experience."
Stereotype,"বাঙালি মেয়েদের হাসি যত নিয়ন্ত্রিত, পরিবার তত গর্বিত ","The more controlled Bengali girls’ laughter is, the prouder the family is."
Sexual Harassment,"মাগি কে একটা রাত চাই, যত টাকা লাগে দিবো",I want the bitch for one night; I will pay whatever it costs.
Derogation,এই মাইয়ার মত আবাসিক কর্মীরাও বলে - সে নাকি সুন্দর,Even residential workers like this girl say they are beautiful.
Stereotype,আসলে নিজেদের ভেতরেই মেয়েরা একে অপরকেই বেশি হিংসা করে,"Actually, girls are the ones who envy each other the most among themselves."
Stereotype,"মেয়েদের সংসারের খুঁটিনাটি জানা থাকা দরকার, ক্যারিয়ার পরের কথা",Girls need to know the details of household work; career comes later.
Sexual Harassment,"আরে এখনকার সময় কে এক্টিং কে প্রায়োরিটি দেয়, শরীরই আসল প্রায়োরিটি","These days, who prioritizes acting? The body is the main priority."
Derogation,এই মহিলার কথার ধরন দেখলে মনে হয় বাজারে দর কষাকষি করছে,This woman’s way of speaking makes it seem like she is bargaining in a market.
Stereotype,"আইন-আদালতের যুক্তি বুঝতে মেয়েদের সময় বেশি লাগে, তা না হলে সমাজ চলে কীভাবে?","Girls take more time to understand legal and courtroom arguments; otherwise, how would society function?"
Sexual Harassment,এই শালী হলো পুরুষের রাতের খাবার,This woman is men’s dinner for the night.
Sexual Harassment,"অতৃপ্ত ভাবি বা আপু থাকলে মেসেজ করো, জ্বালা মিটাই দিব","If there are any unsatisfied sisters-in-law or apus, message me; I will satisfy your desire."
Derogation,এমেয়ে গুলি কয় টাকার জিনিস?,How much are these girls worth?
Derogation,নষ্ট মেয়েদের সব সময় এরকম সাজা পাওয়ায় উচিত,Spoiled girls should always receive this kind of punishment.
Derogation,এই মেয়ে পোশাক বাছাইয়ে মনে হয় আয়নার সামনে যায় না,This girl seems to never look in the mirror when choosing clothes.
Stereotype,"সবাই জানে, কর্পোরেট সেক্টরে মেয়েরা ছেলেদের তুলনায় উৎপাদনশীলতায় কম","Everyone knows that in the corporate sector, women are less productive than men."
Sexual Harassment,আপুর সিক্রেক্ট লিংক টা কবে দেখতে পাব?,When will I get to see Apu’s secret link?
Non Misogynistic,"মেয়েটাকে দেখে একটা জিনিসই মাথায় আসলো, কখনো হাল ছাড়া যাবে না","Looking at the girl, one thing came to mind: never give up."
Stereotype,"মেয়ের বিয়ে যত দেরিতে, পরিবারের মানহানি তত বেশি ","The later a girl gets married, the greater the family’s disgrace."
Non Misogynistic,"এই মেয়েটি স্কুলে সেরা বিতার্কিক, যুক্তি দিয়ে কথা বলার দক্ষতা অসাধারণ।",This girl is the best debater at school; her ability to argue logically is outstanding.
Sexual Harassment,"ভাবি,শরীর না দেখালে কেউ চিনত না","Sister-in-law, no one would have recognized you if you had not shown your body."
Non Misogynistic,পরিবারের সমর্থন পেলে একটি মেয়ে অনেক উঁচুতে উড়তে পারে।,"With family support, a girl can fly very high."
Stereotype,"মেয়েরা বেশি ইমোশনাল হয়, তাই বড় সিদ্ধান্ত নিতে পারে না","Girls are too emotional, so they cannot make big decisions."
Derogation,মেয়েটার মাথায় কী আছে জানি না তবে বুদ্ধি নেই এটা নিশ্চিত,"I do not know what is in the girl’s head, but it is certain that she has no intelligence."
Non Misogynistic,আপু সংসার ও চাকরি দুটোই সমান গুরুত্বে রাখেন,Apu gives equal importance to both family life and her job.
Non Misogynistic,রান্নায় বোঝা যাচ্ছে তার হাতে জাদু আছে।,Her cooking shows that there is magic in her hands.
Sexual Harassment,ভাবির রস মনে হয় একটু কম,Sister-in-law’s juice seems a little low.
Sexual Harassment,বুড়ি হলেও জিনিটা কিন্তু এখনও আগুনের মতো,"Even though she is old, the thing is still like fire."
Sexual Harassment,বৌদিকে টেনে কাপড় খুলে দিলে কেউ কিছু বলত না,"If Boudi’s clothes were pulled off, no one would say anything."
Non Misogynistic,"রূপবতী সে, ভিড়ের মধ্যেও তাকে খুঁজে বের করা যায়",She is beautiful; she can be found even in a crowd.
Derogation,তুমি গাঞ্জা খেয়ে কথা বলতে এসেছ আপু,"Apu, did you come to talk after smoking weed?"
Derogation,এই বাংলার পাচের মত মুখ নিয়ে কিভাবে নায়িকা হয়!,How does someone become a heroine with a face like the backside of Bengal?
Non Misogynistic,মেয়ে টা খুব ভদ্র এবং মার্জিত,The girl is very polite and refined.
Non Misogynistic,মেয়েটা আইনি সহায়তা নিয়ে নিজের অধিকার রক্ষা করেছে।,The girl protected her rights by taking legal assistance.
Stereotype,মেয়েরা একটা বেঈমান জাতি,Girls are a treacherous kind.
Sexual Harassment,"কি গানে কি নাচ দিচ্ছে, শুধু বুকের দুধ ছাড়া কিছুই নড়ছে না",What kind of dancing is this to what kind of song? Nothing is moving except her breasts.
Sexual Harassment,আমার এক রাতের জন্য দরকার কত টাকা নিবেন জানাইয়েন,I need her for one night; let me know how much you will charge.
Non Misogynistic,মেয়েটার পরিশ্রম দেখে শিখলাম কিভাবে এগিয়ে যেতে হয়,Seeing the girl’s hard work taught me how to move forward.
Sexual Harassment,বৌদির ফিগার বিদেশে রপ্তানি করার সময় এসে গেছে,It is time to export Boudi’s figure abroad.
Sexual Harassment,নেঙটা হলে সুন্দর দেখাইত,She would look beautiful if she were naked.
Stereotype,মেয়েদের মতামত শুনে কাজ করলে সংসারে সমস্যা হয়,"If work is done by listening to women’s opinions, problems arise in the household."
Non Misogynistic,মেয়েটির সৃজনশীল চিন্তা প্রতিষ্ঠানে কাজে আসে,The girl’s creative thinking is useful for the organization.
Sexual Harassment,মামণি ব্রা না পরলে নাচ দেখতে আরো মজা লাগত,It would have been more fun to watch Mamuni dance if she were not wearing a bra.
Sexual Harassment,মেয়েটার ওই কোমর দুলানো টা আমি এখনো ভুলতে পারছি না যা নড়া দিয়েছিল উফ একদম কড়া ছিল,I still cannot forget the way the girl shook that waist; the movement was so intense.
Derogation,এসব নর্তকী কোথা থেকে আসে?,Where do these dancers come from?
Non Misogynistic,"মেয়েটা স্নাতক পাস করে এখন মাস্টার্স করছে, লক্ষ্য শিক্ষাবিদ হওয়া।","The girl has completed her bachelor’s degree and is now doing her master’s, with the goal of becoming an academic."
Derogation,এই মেয়েটার ড্রেস কম্বিনেশন দেখলে মাথা ঘুরে যায়,Looking at this girl’s dress combination makes my head spin.
Sexual Harassment,আর কত নিজেকে খুলে দিয়ে পুরুষজাত কে পাগল বানাবা,How much longer will you keep exposing yourself and driving men crazy?
Sexual Harassment,ভাবির সুখ শান্তি টাকা সৌন্দর্য সব আছে শুধু লাগানোর মতো কেউ নাই,"Sister-in-law has happiness, peace, money, and beauty—only no one to have sex with her."
Stereotype,"বসের প্রিয়পাত্রী হলে প্রমোশনের কারণ আর জিজ্ঞেস করতে হয় না, স্বীকার করুক বা না করুক।","If she is the boss’s favorite, there is no need to ask the reason for her promotion, whether they admit it or not."
Non Misogynistic,মেয়েদের চাকরির সময় তার নিরাপত্তা সবার আগে বিবেচনা করা উচিত -,Women’s safety should be considered first during their working hours.
Non Misogynistic,আপু সঞ্চয় ও বিনিয়োগে দক্ষ,Apu is skilled in savings and investment.
Non Misogynistic,মেয়েদের অর্থনৈতিক স্বাধীনতা নিশ্চিত হলে সমাজে নারীর মর্যাদা বাড়বে।,"If women’s economic independence is ensured, women’s dignity in society will increase."
Sexual Harassment,"এই মাগি বগল ভেজা যখন দেখা যাচ্ছে, নিচেরটাও দেখাও","You bitch, since your wet armpit is visible, show the lower part too."
Non Misogynistic,মেয়েটার প্রেজেন্টেশন এত ভালো ছিলো পুরো হলে তালি পড়ে গেল,The girl’s presentation was so good that the whole hall applauded.
Stereotype,মেয়েমানুষ নিজেকে অতি চালাক মনে করে,Women think they are very clever.
Sexual Harassment,মেয়েটাকে খালি রুমে পেলে মাথা ঠিক থাকবেনা,"If I get the girl in an empty room, I will lose control."
Sexual Harassment,অনুষ্ঠান শেষে কিছু মেয়ের প্রেগনেন্ট হওয়ার সম্ভাবনা আছে।,"After the event, there is a possibility that some girls will become pregnant."
Stereotype,মেয়েরা বিয়ের পর পরিবারের চেয়ে নিজেকে বড় ভাবে,"After marriage, girls think of themselves as bigger than the family."
Non Misogynistic,মেয়েটি প্রতিকূল পরিবেশেও সাফল্য পেয়েছেন,The girl has achieved success even in an unfavorable environment.
Sexual Harassment,নতুন ভাতার পেয়েছ নাকি আপু?,"Have you found a new patron, Apu?"
Sexual Harassment,"নারী বদলায় না,বদলায় ব্রা সাইজ",Women do not change; only their bra size changes.
Stereotype,মেয়েরা যুক্তি দিলে বড়রা একে বেয়াদবি ধরে নেয় — এটাই বাস্তব।,"When girls use logic, elders consider it rude — that is the reality."
Non Misogynistic,বোনটি একজন স্বাবলম্বী মানুষ,The sister is a self-reliant person.
Non Misogynistic,একজন নারীর মতামত গুরুত্ব দিয়ে শোনা উচিত,A woman’s opinion should be listened to with importance.
Non Misogynistic,লিঙ্গবৈষম্যমুক্ত কর্মপরিবেশ তৈরি করা প্রতিটি প্রতিষ্ঠানের নৈতিক দায়িত্ব।,Creating a gender-discrimination-free work environment is the moral responsibility of every organization.
Stereotype,এখন কার মেয়েরা এমন ছেলেই খুজে যারা পথে খেয়ে পথেই ছেড়ে দিবে,Girls these days look for boys who will use them on the road and leave them there.
Derogation,"এই শরীর নিয়ে এক্সারসাইজ করা ঠিক আছে, নাচের জন্য না","With this body, exercising is fine, but it is not suitable for dancing."
Sexual Harassment,বৌদির বুকের গভীরে একটু জায়গা দাও,"Boudi, give me a little space deep in your chest."
Sexual Harassment,"ভাবির যত বড় সাইজ, তত বড় দাম","The bigger sister-in-law’s size, the higher the price."
Sexual Harassment,এই বুড়িকে কুকুরের সাথে মানাবে ভালো,This old woman would look good with a dog.
Stereotype,"মেয়েরা ছোট কারণে মন খারাপ করে থাকে, এটা তাদের স্বভাব",Girls get upset over small things; that is their nature.
Derogation,"ডাস্টবিনের দুর্গন্ধের জন্য যেমন নাক চেপে যেতে হয়, তেমনি এসব মহিলার সামনের দিয়ে যাওয়া ডাস্টবিনের চেয়ে বিপদজনক।","Just as you have to hold your nose because of the stench of a dustbin, passing in front of these women is more dangerous than a dustbin."
Stereotype,রান্না না জানলে মেয়ে হয়ে কী লাভ? বিয়ে হবে কোথায়?,What is the point of being a girl if she cannot cook? Where will she get married?
Non Misogynistic,মেয়েটার সাঁতারে অসামান্য দক্ষতা তাকে আন্তর্জাতিক প্রতিযোগিতায় নিয়ে গেছে।,The girl’s outstanding skill in swimming has taken her to international competitions.
Sexual Harassment,"উপর থেকে ভিডিও নিতে নিষেধ করে নিজেই তার পম পম গুলা বের করে দিচ্ছে, ব্যাপারটা চোদলিং পং হয়ে গেল না !","She tells people not to take videos from above, yet she herself is exposing her breasts; did the whole thing not become vulgar?"
Sexual Harassment,নর্তকীর মতো খাওয়া মাল আর কতদিন চলবে,How long will a used item like this dancer last?
Sexual Harassment,মামুনির ভোদায় আঙুল দিলে কেমন লাগবে কে জানে,Who knows what it would feel like to put a finger in Mamuni’s vagina?
Non Misogynistic,"প্রতিটি মেয়ে বিবাহিত হোক বা না হোক, তার জীবন সম্পূর্ণ।","Every girl’s life is complete, whether she is married or not."
Derogation,বুড়ি দামড়া বেডি এখনো বিয়ে ছাড়া কেমনে থাকে??,How does this old grown woman still live without being married?
Stereotype,মেয়েরা সিগারেট খেলে তাদের নৈতিক অবস্থান নিয়ে প্রশ্ন ওঠে,"When girls smoke cigarettes, questions are raised about their moral standing."
Non Misogynistic,মেয়েটার মানবিকতা সবার মন ছুঁয়ে যায়,The girl’s humanity touches everyone’s heart.
Stereotype,মেয়েরা শ্বশুরবাড়ির সাথে মিলিয়ে না চললে সংসার ভাঙে,"If women do not adjust to their in-laws, the household breaks apart."
Sexual Harassment,"মামুনিকে রুমে নিয়ে যেতে চাই, ১০ হাজার দিতে রাজি আছি",I want to take Mamuni to a room; I am willing to pay 10 thousand.
Derogation,তোর মতো গসিপ মেয়ে অফিসে থাকলে সবার সমস্যা।,"If a gossiping girl like you is in the office, everyone has problems."
Non Misogynistic,বোনটি বইপড়ার প্রতি অত্যন্ত আগ্রহী,The sister is highly interested in reading books.
Non Misogynistic,বোনটির শখের বাগান প্রতিবেশীরাও পছন্দ করে,The sister’s hobby garden is also liked by the neighbors.
Stereotype,"বলে রাখি, যে মেয়ে পিএইচডি করে, সংসারে তার মন বসে না।",Let me say this: a girl who does a PhD does not settle into family life.
Non Misogynistic,মেয়েটার বক্তব্যে দিকনির্দেশনা থাকে,The girl’s speech contains direction and guidance.
Sexual Harassment,উপস্থাপিকার বুক এর ওজনে এক দিন রেলিং পড়ে যাবে,"One day, the railing will fall because of the presenter’s chest weight."
Derogation,এই মহিলার নাম শুনলে সমাজে হাসি পায়,Hearing this woman’s name makes society laugh.
Non Misogynistic,মেয়েটা সত্যিসত্যিই মায়াবিনী,The girl is truly enchanting.
Sexual Harassment,আপুর মতো খাওয়া মাল আর কতদিন চলবে,How long will a used item like Apu last?
Non Misogynistic,মেয়েটার মধ্যে একটি অদম্য মনোভাব আছে যা তাকে বারবার এগিয়ে যেতে উৎসাহিত করে।,There is an indomitable attitude in the girl that encourages her to move forward again and again.
Non Misogynistic,"আপু ইংরেজি, বাংলা দুটোতেই সমান পারদর্শী",Apu is equally skilled in both English and Bengali.
Derogation,নষ্ট মেয়েদের দিয়ে কিসের ব্যবসায় উদ্বোধনী? ছি!,What kind of business inauguration is done with spoiled girls? Shame!
Sexual Harassment,"সবাই লাইনে দাঁড়াও, একে একে বৌদিকে ভোগ করে আসবো",Everyone stand in line; we will enjoy Boudi one by one.
Derogation,মেয়েটার ফিগার দেখলে মনে হয় আর একটু মোটা হলে দরজা দিয়ে ঢুকতে পারবে না।,"Looking at the girl’s figure, it seems that if she gets a little fatter, she will not be able to enter through the door."
Stereotype,"সবাই জানে, মেয়েরা আবার কীসের পাইলট, নিজেই বাইক এ বসেত ভয় পায়","Everyone knows, how can girls be pilots when they are even afraid to sit on a bike?"
Non Misogynistic,মেয়েটা সমাজের পরিবর্তনে বিশ্বাস করে এবং সেই অনুযায়ী কাজ করে।,The girl believes in social change and works accordingly.
Sexual Harassment,এই নর্তকী আসলে একটা সুগার মাগী,This dancer is actually a sugar bitch.
Sexual Harassment,তুই একটা আবাসিক হোটেলের মেয়ে,You are a girl from a residential hotel.
Stereotype,মেয়েদের বয়স বাড়লে সৌন্দর্য কমে,Women’s beauty decreases as they age.
Stereotype,পরিবারের কারও কাপড় নোংরা থাকা মানে বউয়ের গাফিলতি,"If anyone’s clothes in the family are dirty, it means the wife was negligent."
Stereotype,স্মার্ট মেয়েরা স্বভাবগতভাবেই স্বামীর কথার উপর কথা বলা মানে সংসার নষ্ট করা — এটাই সত্য।,Smart girls naturally talking back to their husbands means ruining the household — that is the truth.
Derogation,এই বেডি মিথ্যা বলতে বলতে নিজেও ভুলে যায় সত্যটা কী ছিল।,This woman lies so much that she herself forgets what the truth was.
Sexual Harassment,আপুটার চামড়া টাইট যতদিন মার্কেটে চলবে ততদিন,Apu will stay in the market as long as her skin remains tight.
Stereotype,মেয়েরা আর্কিটেকচারাল ডিজাইনে ছেলেদের মতো ভালো হয় না,Girls are not as good as boys in architectural design.
Derogation,এই মহিলার মুখের রঙ এত অদ্ভুত যে কোনো রঙের সাথেই মেলে না,This woman’s face color is so strange that it does not match any color.
Derogation,এই মহিলা নায়িকা হতে গিয়েছিল কিন্তু ক্যামেরার সামনেও অভিনয় করতে পারে না,"This woman tried to become a heroine, but she cannot even act in front of a camera."
Derogation,এই মহিলার ইতরামি দেখলে লজ্জা লাগে,This woman’s vulgar behavior is embarrassing.
Non Misogynistic,মেয়েটা নেতৃত্বে থাকলে দলের কাজে একটা ইতিবাচক শৃঙ্খলা আসে।,"When the girl is in leadership, a positive discipline comes into the team’s work."
Derogation,এরকম বেহায়া আর ছেচরা মেয়ে আমি আমার জীবনে দেখিনি,I have never seen such a shameless and cheap girl in my life.
Stereotype,মেয়েরা আবেগ দিয়ে সব বিচার করে।,Girls judge everything with emotion.
Stereotype,টাকা ধার নিলে মেয়েদের আর সেটা দিতে মনে থাকে না,"When girls borrow money, they do not remember to return it."
Stereotype,মেয়েমানুষের মত প্রতিষ্ঠার চেষ্টা সবসময় ব্যর্থতায় শেষ হয়।,Women’s attempts to establish their opinions always end in failure.
Stereotype,মেয়েরা লিপস্টিক আর ফাউন্ডেশন ছাড়া বের হতে পারে না,Girls cannot go out without lipstick and foundation.
Non Misogynistic,মেয়েটি বইয়ের মূল ভাবনা সহজে ধরতে পারে,The girl can easily grasp the main idea of a book.
Non Misogynistic,মেয়েটা নিজের উপর আস্থা রেখে কাজ করে বলেই এতদূর এসেছে।,The girl has come this far because she works with confidence in herself.
Stereotype,বিয়ের আগে প্রেম করা মেয়েরা ভালো বউ হয় না,Girls who have relationships before marriage do not become good wives.
Non Misogynistic,মেয়েটির কাচের কাজে সৃজনশীলতা ফুটে ওঠে,The girl’s creativity shines through in her glasswork.
Non Misogynistic,প্রথম প্রজন্মের শিক্ষার্থী এই মেয়েটার সাফল্য পুরো সম্প্রদায়কে অনুপ্রাণিত করেছে।,The success of this first-generation student has inspired the entire community.
Non Misogynistic,মহিলাটি ছোটদের সাথে অত্যন্ত স্নেহশীল,The woman is very affectionate with children.
Stereotype,মেয়েরা স্বামীর বেতনের বেশি আয় করলে সংসারের ভারসাম্য নষ্ট হয়।,"If women earn more than their husbands, the balance of the household is ruined."
Derogation,নিজের পোশাকের ঠিক নাই তবে জীবন সঙ্গী খোঁজে দরবেশ,"Your own clothes are not proper, yet you look for a saintly life partner."
Stereotype,মেয়েদের একা দূরে কোথাও যাওয়া ঠিক না,It is not right for girls to go far away alone.
Derogation,এই মহিলা নিজের জীবন নিয়ে ব্যস্ত না থেকে অন্যের জীবনে মাথা গলায়,This woman interferes in other people’s lives instead of being busy with her own.
Derogation,এই মহিলার দ্বিমুখী আচরণ দেখলে বিশ্বাস করা কঠিন।,This woman’s two-faced behavior makes her hard to trust.
Sexual Harassment,"আপুর দেহের বাজার এখন রমরমা, সাইজ দেখলেই বুঝবে",Apu’s body market is booming now; you can understand just by looking at her size.
Stereotype,মেয়েরা কথায় কথায় ব্যক্তিগত আক্রমণ করে,Girls make personal attacks in every conversation.
Derogation,মেয়েটার মাথার চুল দেখলে মনে হয় বছরে একবারও চিরুনি দেয় না।,"Looking at the girl’s hair, it seems she does not comb it even once a year."
Non Misogynistic,আপুর হাসি যেন এক প্রশান্তির ছবি,Apu’s smile is like a picture of peace.
Stereotype,মেয়েরা সংসারে বেশি মাতব্বরি করলে পুরুষের কর্তৃত্ব শেষ হয়,"If women act too bossy in the household, men’s authority ends."
Sexual Harassment,"আপু, ডাব দুটা কত টাকায় বিক্রি করবেন","Apu, how much will you sell those two coconuts for?"
Stereotype,মেয়েমানুষ কে এখন শুধু লুক আর দাম দিয়েই বিচার করা হয়,Women are now judged only by looks and price.
Stereotype,"আসলে মেকআপে ডোবা মেয়েদের ভেতরটা প্রায়শই ফাঁপা, স্বীকার করুক বা না করুক।","Actually, girls drowned in makeup are often empty inside, whether they admit it or not."
Sexual Harassment,সৌন্দর্য আছে যতদিন মানুষ খাবে ততদিন,"As long as beauty remains, people will have her."
Sexual Harassment,"আপনাকে দেখে খুব ভালো লাগছে, লাড়া দিয়েছে মনে, সব দেখা যাচ্ছে","You look very attractive; it stirred something in my mind, and everything is visible."
Non Misogynistic,আপুর কথা বলার সময়ের ভঙ্গিমা চমৎকার,Apu’s manner of speaking is wonderful.
Non Misogynistic,মেয়েটি কঠিন কথাও ঠাণ্ডা মাথায় বলেন,The girl says even difficult things with a cool head.
Sexual Harassment,"আমি তোমার বডি মেসেজ করতে চাই আপু, একটা টাকা ও নিবো না শুধু মজা পাবো","I want to massage your body, Apu; I will not take any money, I will only enjoy it."
Stereotype,মেয়েদের সুন্দর না হলে বিয়ের পাত্র পাওয়া কঠিন,"If girls are not beautiful, it is hard to find a groom."
Stereotype,মেয়েদের আজকাল যোগ্যতার থেকে দাবি করার পরিমান বেড়ে গেছে,"Nowadays, girls’ demands have increased more than their qualifications."
Stereotype,চাকরিজীবী মেয়েদের উচিত বাবার পছন্দের পাত্রকেই জীবনসঙ্গী মেনে নেওয়া।,Working girls should accept the groom chosen by their father as their life partner.
Stereotype,রাত করে বাসায় আসা মেয়েদের স্বভাব নষ্ট,Girls who come home late at night have bad character.
Stereotype,মেয়েদের উচিত পড়ালেখা না করে ঘরের কাজ শেখা,Girls should learn housework instead of studying.
Sexual Harassment,তুমি খাটের খেলোয়ার,You are a player in bed.
Derogation,দেখতে একদম শয়তানের নানী,She looks exactly like the devil’s grandmother.
Stereotype,"যুগ যুগ ধরে দেখে আসছি, এখনকার মেয়েদের নেতৃত্বের ক্ষমতা সংসারের গণ্ডির বাইরে কাজে আসে না।","For ages, we have seen that today’s girls’ leadership ability is not useful beyond the boundaries of the household."
Stereotype,"সত্যি বলতে বিদেশে চাকরি করতে যাওয়া মেয়েদের পরিবার ভেঙে যাবেই, স্বীকার করুক বা না করুক।","Honestly, families of girls who go abroad for jobs will definitely break apart, whether they admit it or not."
Non Misogynistic,মেয়েটার সামাজিক অবদান তার সম্প্রদায়ে তাকে একটি বিশেষ স্থান দিয়েছে।,The girl’s social contribution has given her a special place in her community.
Sexual Harassment,সবাই লাইন এ দাড়াই একজন একজন করে ওকে চোদে আসবো,Everyone stand in line; we will go one by one and fuck her.
Sexual Harassment,কাপড় খুললেই তোমাকে এখন নায়িকার ট্যাগ দেওয়া হবে,"If you take off your clothes, you will now be given the tag of heroine."
Derogation,"বেহায়া, তোমার মতো মেয়ে রাস্তায় পড়ে মারা উচিত","Shameless woman, a girl like you should die on the road."
Non Misogynistic,মেয়েটা আত্মনির্ভরশীল হওয়ার পর থেকে অন্যদের জন্যও পথ তৈরি করছে।,"Since becoming self-reliant, the girl has been creating a path for others too."
Non Misogynistic,নারী সাংবাদিকের সাহস এই সমাজে নজির স্থাপন করেছে,The courage of the female journalist has set an example in this society.
Sexual Harassment,আপুটির সাইজ আসলে টাকা ছাপানোর মেশিন,Apu’s size is basically a money-printing machine.
Derogation,মেয়েটার কারণে অফিসের সুনাম নষ্ট হচ্ছে।,The girl is damaging the office’s reputation.
Stereotype,অভিভাবকের পছন্দে বিয়ে না করলে মেয়েরাই ভুগবে।,"If girls do not marry according to their guardians’ choice, they will suffer."
Stereotype,"অবিবাহিত মেয়েরা রাগ চেপে রাখতে পারে না, একসঙ্গে সব উগরে দেয়",Unmarried girls cannot suppress their anger; they pour everything out at once.
Derogation,এ মেয়ের পোজ দেখলে মনে হয় জীবনে একবারও আয়নার সামনে দাঁড়ায়নি,"Looking at this girl’s pose, it seems she has never stood in front of a mirror in her life."
Sexual Harassment,ব্লাউজের ডিজাইন সামনে দিয়ে কাটলে আরো কড়া লাগত আপু,"Apu, if the blouse design were cut in the front, it would look even more intense."
Non Misogynistic,চাচির পিঠা বানানোর কৌশল অসাধারণ,Auntie’s technique for making pitha is extraordinary.
Sexual Harassment,"মহিলার চেরি এত বড় কীভাবে, কতজন টিপেছে?",How did this woman’s cherries become so big? How many people squeezed them?
Derogation,এই মহিলার কর্মক্ষমতা শূন্য,This woman’s work capacity is zero.
Sexual Harassment,এই মাগির পাছা নিয়ে রাতে কল্পনা করি,I fantasize about this bitch’s butt at night.
Stereotype,মেয়েরা ঠিকভাবে টাকা ম্যানেজ করতে পারে না,Girls cannot manage money properly.
Sexual Harassment,আপুকে বিছানায় নিয়ে গেলে আসল রূপ বের হবে,"If Apu is taken to bed, her real form will come out."
Sexual Harassment,"আমার একটা দাসী লাগবে ,কে হবা আমার দাসী, সব চাহিদা পূরণ করবো",I need a slave girl; who will be my slave? I will fulfill all desires.
Sexual Harassment,এই মাগি কে বিক্রি করার সময় এসে গেছে,It is time to sell this bitch.
Non Misogynistic,মেয়েটা অন্যদের মতামতকে গুরুত্ব দেয়,The girl gives importance to others’ opinions.
Non Misogynistic,মেয়েটার নেতৃত্বের অধীনে দলটি সবচেয়ে কঠিন চ্যালেঞ্জও জয় করতে পেরেছে।,"Under the girl’s leadership, the team was able to overcome even the toughest challenge."
Derogation,নর্তকীর মুখে এতো গুরুত্বপূর্ণ কথা মানায় না,Such important words do not suit a dancer’s mouth.
Derogation,মেয়েটার আচরণ দেখলে মনে হয় সবার কাছ থেকে প্রশংসা চাই।,"Looking at the girl’s behavior, it seems she wants praise from everyone."
Non Misogynistic,বোনটি কারো প্রতি অবিচার সহ্য করে না,The sister does not tolerate injustice toward anyone.
Sexual Harassment,"সামান্য একটু হাসি দিছে তাতে যে লাড়া দিলো, ওর লাড়া দেখে পাগল হয়ে গেলাম","She smiled just a little, and the way she moved made me go crazy."
Derogation,এতো টাইট ফিটিংস জামা পরার কারণে বাজে লাগছে,It looks bad because she is wearing such tight-fitting clothes.
Stereotype,"মেয়েমানুষ আবার কীসের সাংবাদিকতা করবা, এইগুলো মেয়েদের ধারা হয় না",What kind of journalism will a woman do? These things are not for women.
Sexual Harassment,আপুটার ভোদায় আঙুল দিলে ভিজে যাবে,"If someone puts a finger in Apu’s vagina, it will get wet."
Stereotype,মেয়েরা মেকআপে ঘণ্টা নষ্ট করে তাই কাজে সময় কম,"Girls waste hours on makeup, so they have less time for work."
Sexual Harassment,বেটির দুধ এত ছোট কেন ? জামাই খেয়ে মজা পায় না তো,Why are the girl’s breasts so small? Her husband probably does not enjoy them.
Stereotype,মেডিকেল পড়ুয়া মেয়েদের বিয়ে হতে সমস্যা হয়,Girls who study medicine face problems getting married.
Sexual Harassment,"টাকা ছাড়া আপুটা নিজের গায়ে হাত দিতে দেয়না, কত নিবেন আপু","Apu does not let anyone touch her body without money; how much will you take, Apu?"
Derogation,মেয়েটার ব্যবহার দেখলে মনে হয় বাইরের দুনিয়া দেখেনি,"Looking at the girl’s behavior, it seems she has not seen the outside world."
Non Misogynistic,আপুর কথা বলার ধরন অত্যন্ত গোছানো,Apu’s way of speaking is very organized.
Derogation,মেয়েটার চেহারা দেখেই বু্ঝা যাচ্ছে ওর চরিত্র কেমন,"Just by looking at the girl’s face, it is clear what her character is like."
Derogation,মেয়েটাকে থামাতে গেলে আরো বেশি কথা বলা শুরু করে,"If you try to stop the girl, she starts talking even more."
Stereotype,মেয়েরা সাজগোজে অনেক সময় নষ্ট করে উৎপাদনশীলতা কমে,"Girls waste a lot of time on grooming, so productivity decreases."
Derogation,এই মেয়ে গুছিয়ে কথা বলতে পারে না,This girl cannot speak in an organized way.
Derogation,মেয়েটার নেইলপলিশ এত বাজেভাবে করা যে হাত দেখতে চাই না।,The girl’s nail polish is done so badly that I do not even want to look at her hands.
Stereotype,টেকনিক্যাল আলোচনায় মেয়েরা চুপ করে বসে থাকে — এটাই বাস্তব।,"In technical discussions, girls sit silently — that is the reality."
Stereotype,বিদেশে চাকরি করতে যাওয়া মেয়েদের পরিবার ভেঙে যাবেই — এই কথাটা কখনোই পুরোনো হবে না।,Families of girls who go abroad for jobs will definitely break apart — this statement will never get old.
Derogation,এই মেয়ের শরীরের অতিরিক্ত ভার দেখলে স্বাস্থ্য নিয়ে প্রশ্ন আসে,Looking at this girl’s excess body weight raises questions about her health.
Derogation,মেয়েটাকে দেখলে মনে হয় ওজনের জন্য হাঁটতে কষ্ট হয়,"Looking at the girl, it seems she has difficulty walking because of her weight."
Stereotype,"বাঙালি মেয়েদের উচিত বাহিরের পৃথিবীর তুলনায় ঘরের গণ্ডিকে নিরাপদ ভাবা, স্বীকার করুক বা না করুক।","Bengali girls should consider the boundaries of home safer than the outside world, whether they admit it or not."
Derogation,এই বেডি অন্যের পদোন্নতিতে কষ্ট পায়।,This woman feels hurt by other people’s promotions.
Non Misogynistic,মেয়েটার মনোবল ও আত্মবিশ্বাস তার সবচেয়ে বড় পুঁজি।,The girl’s morale and confidence are her greatest assets.
Stereotype,"সুশিক্ষিত, সুশীল, ভদ্র মেয়েরাই নিজের ইজ্জত সহজে বিসর্জন দেয়","Educated, refined, and polite girls are the ones who give up their honor easily."
Sexual Harassment,"ভালো ভালো মেয়েদেরকে কে ধর্ষণ করে, এদেরকে কি চোখে দেখে না।",Who rapes good girls? Do they not see girls like these?
Non Misogynistic,নারী ইঞ্জিনিয়াররা প্রকৌশল খাতে দারুণ অবদান রাখছেন,Women engineers are making excellent contributions to the engineering sector.
Stereotype,বিধবা মহিলা আবার বিয়ে করলে সমাজে মুখ দেখাবে কীভাবে?,How will a widow show her face in society if she marries again?
Stereotype,"মেয়েরা খেলায় হারলে কাঁদে, জিতলে মনেও থাকে না","When girls lose in games, they cry; when they win, they do not even remember it."
Derogation,এই মহিলা এত কম বোঝে যে সহজ কথাও বারবার বুঝিয়ে বলতে হয়।,This woman understands so little that even simple things have to be explained again and again.
Stereotype,মেয়েরা শ্বাশুড়ির রান্নায় ভুল ধরলে সংসারে আগুন লাগে।,"If girls find fault with their mother-in-law’s cooking, it sets the household on fire."
Sexual Harassment,প্রতিদিন পরের খাট কাপালে সময় পাবা কি করে!,How will you get time if you keep shaking other people’s beds every day?
Stereotype,মেয়ের বয়স বেশি হয়ে গেলে সংসার টিকতে চায় না।,"If a girl’s age gets too high, her marriage does not tend to last."
Non Misogynistic,মেয়েটা টিমের সবার সাথে মানিয়ে চলতে পারে,The girl can get along with everyone on the team.
Non Misogynistic,মেয়েটি ভয় ভেতরে রেখেও সাহসিকতা দেখান,The girl shows courage even while keeping fear inside.
Non Misogynistic,বোন কঠিন সময়ে পাশে থাকে,A sister stays beside you during difficult times.
Sexual Harassment,"এই উপস্থাপিকা একটা মাল, আমার সেই লেভেলের পছন্দ ওরে।",This presenter is an item; I like her on that level.
Derogation,এই মেয়ের কাজের গতি দেখলে মনে হয় বিরতি ছাড়া সরে না,"Looking at this girl’s work speed, it seems she does not move without taking breaks."
Non Misogynistic,মেয়েটা নিজের পছন্দের কাজ বেছে নিয়েছে এবং তাতে সে সুখী।,"The girl has chosen the work she likes, and she is happy with it."
Derogation,এই মহিলার জীবনের কোনো মানে নেই দেখলে মনে হয়।,"Looking at this woman, it seems her life has no meaning."
Non Misogynistic,"মেয়েটা অন্যদের সাহায্য করতে সবসময় প্রস্তুত, নিঃস্বার্থ মনোভাব।","The girl is always ready to help others, with a selfless attitude."
Derogation,এই বেডির সাফল্য আর ব্যর্থতার হিসাব ঠিক নেই।,This woman’s calculation of success and failure is not right.
Non Misogynistic,পিসির হাতের পিঠা স্বাদের জগতে অনন্য,Auntie’s handmade pitha is unique in the world of taste.
Sexual Harassment,"এই মহিলার জামাই ভালো টিপতে পারে না, তাই এখনো ছোট","This woman’s husband cannot squeeze properly, so they are still small."
Stereotype,মেয়েরা বয়স বাড়লে নিজেই অনিরাপদ বোধ করে,"As girls get older, they themselves start feeling insecure."
Non Misogynistic,মেয়েটির কথা শুনলে বিষয় সহজে বোঝা যায়,"When the girl speaks, the subject becomes easy to understand."
Derogation,"এসব মেয়েদের বিয়ে কেউ করবে না, সবাই ভোগ করবে যতদিন চামড়া টাইট আছে",No one will marry girls like these; everyone will enjoy them as long as their skin stays tight.
Sexual Harassment,"এই মহিলার প্রাইভেট লিংক হাতে এসে গেছে, ভেবে চলো","This woman’s private link has come into my hands, so be careful."
Non Misogynistic,মেয়েটি পুরাতন জিনিসকে নতুন রূপ দিতে দক্ষ,The girl is skilled at giving old things a new form.
Derogation,রক্ষিতা নতুন রক্ষক খুঁজিতেছে দেখলেই ঘৃণা লাগে,The mistress is looking for a new protector; it feels disgusting just to see.
Stereotype,নারী জাত একটু উগ্র হলেই বেয়াদব,"If a woman becomes even a little aggressive, she is called rude."
Non Misogynistic,"একটা শিক্ষিত মেয়ের গুণই আলাদা, ও সব দিক থেকেই সুন্দরী ও বুদ্ধিমতী",An educated girl has a unique quality; she is beautiful and intelligent in every way.
Derogation,এই মহিলাকে ক্যামেরায় ভালো দেখানো ফটোগ্রাফারের কাজ না,It is not the photographer’s job to make this woman look good on camera.
Derogation,মেয়েটাকে দেখলে মনে হয় কী হচ্ছে বুঝতেই পারছে না এত নাটক করে,"Looking at the girl, it seems she does not even understand what is happening, yet she acts so dramatic."
Non Misogynistic,উনি রিভিউ দেন মানে সেটা সত্যি কথা বলেন বাড়িয়ে বলেন না,"When she gives a review, she tells the truth and does not exaggerate."
Derogation,তোর মতো মেয়ে বড় হয়েছে কিন্তু মাথায় বুদ্ধি আসেনি।,"A girl like you has grown up, but intelligence has not entered your head."
Non Misogynistic,"মেয়েটা দূরত্বের কারণে প্রতিদিন এক ঘণ্টা হেঁটে স্কুলে যায়, অদম্য মনোভাব।","Because of the distance, the girl walks one hour to school every day; she has an indomitable spirit."
Derogation,"মেয়েটার আত্মবিশ্বাস দেখে অবাক লাগে, এত কনফিডেন্স কোথা থেকে আসে?",The girl’s confidence is surprising; where does so much confidence come from?
Non Misogynistic,মেয়েদের নিরাপত্তা বিষয়ে আরোও সচেতনতা প্রয়োজন,More awareness is needed about women’s safety.
Sexual Harassment,"ওড়না তো রাখো নাই, তাহলে কাপড় সাথে রাখার কি দরকার ছিল ওটাও খুলে ফেলতা আমরাও মজা পাইতাম তোমাকেও মজা দিতাম","You did not keep your scarf, so what was the need to keep any clothes with you? You should have taken that off too; we would have enjoyed it and given you enjoyment too."
Non Misogynistic,মেয়েটার মানসিক দৃঢ়তা তাকে চাপের মধ্যেও কার্যকর থাকতে সাহায্য করে।,The girl’s mental strength helps her remain effective even under pressure.
Derogation,এই মহিলা যেকোনো কাজ দিলে অজুহাত দেয়,This woman gives excuses whenever she is given any work.
Non Misogynistic,মেয়েটার ডিজিটাল শিল্পকর্ম অনলাইনে ব্যাপক প্রশংসা পেয়েছে।,The girl’s digital artwork received wide praise online.
Non Misogynistic,তোমার এই স্কেচগুলো দেখে নিজেও আঁকতে ইচ্ছে করছে,Seeing these sketches of yours makes me want to draw too.
Sexual Harassment,"মেয়েটি কাপড়ের নিচ থেকে ভিডিও নিতে হবে আজকে, আমরাও একটু মজা পেতাম",We need to take a video from under the girl’s clothes today; we would have had some fun too.
Derogation,এই বেডির পারফরম্যান্স দেখলে মনে হয় বেতন নেওয়ার যোগ্যতা নেই।,"Looking at this woman’s performance, it seems she does not deserve a salary."
Non Misogynistic,আপু মঞ্চে দাঁড়ালে সবার নজর কাড়ে,"When Apu stands on stage, she attracts everyone’s attention."
Derogation,মেয়েটার নেগোশিয়েশন দক্ষতা শূন্য।,The girl’s negotiation skills are zero.
Sexual Harassment,এই নায়িকার মতো খাওয়া মাল আর কতদিন চলবে,How long will a used item like this heroine last?
Stereotype,মেয়েরা বিজ্ঞানে ভালো হলে ব্যতিক্রম মনে হয়,"When girls are good at science, it feels like an exception."
Stereotype,"দেখো, বিয়ের প্রস্তাব এলে না করতে নেই, এটাই বুদ্ধিমানের কাজ, এটা মানতেই হবে।","Look, when a marriage proposal comes, girls should not refuse; that is the wise thing to do, and it must be accepted."
Stereotype,ভবিষ্যতে নারীজাত কে এখনকার মেয়েরাই নষ্ট করবে,"In the future, today’s girls will ruin womanhood."
Non Misogynistic,মেয়েটি যৌক্তিক চিন্তায় অত্যন্ত দক্ষ,The girl is highly skilled in logical thinking.
Sexual Harassment,"বৌদি আসলে একটা কচি মাল, এর বেশি কিছু না","Boudi is actually just a tender item, nothing more."
Sexual Harassment,একটুখানি দেখে মজা পাইলাম না পুরোটা দেখালে ভালো হইতো আপু,"I did not enjoy seeing just a little; it would have been better if you showed the whole thing, Apu."
Non Misogynistic,মহিলা অর্থনীতিবিদ দেশের অর্থনীতিতে গুরুত্বপূর্ণ ভূমিকা রাখেন,The female economist plays an important role in the country’s economy.
Stereotype,"কনসার্ট-উৎসবে একা মেয়েদের যাওয়া দৃষ্টিকটু, যুগ যুগ ধরে চলে আসছে।",It is improper for girls to go alone to concerts and festivals; this has been going on for ages.
Stereotype,"মেয়েরা ডিগ্রি নিয়ে ঘরে বসে থাকে, পড়ানো বৃথা",Girls get degrees and then sit at home; educating them is useless.
Stereotype,এখনকার মেয়েদের অভিযোগ করা যেন তাদের জিনে গাঁথা — এই কথাটা কখনোই পুরোনো হবে না।,Complaining seems to be in the genes of today’s girls — this statement will never get old.
Non Misogynistic,মেয়েটা একা হাসে একা কাঁদে কাউকে দেখায় না,The girl laughs alone and cries alone; she does not show anyone.
Non Misogynistic,আন্টি আপনি যে উপায়ে সমস্যাটা সমাধান করলেন সেটা মাথায় রাখব,"Auntie, I will remember the way you solved the problem."
Non Misogynistic,মেয়েটা নিজের দক্ষতা বাড়াতে সময় ও শ্রম দুটোই বিনিয়োগ করে।,The girl invests both time and effort to improve her skills.
Derogation,এই মহিলা বিশ্ববিদ্যালয়ে পড়ে কিন্তু সাধারণ হিসাবও করতে পারে না।,This woman studies at university but cannot even do basic calculations.
Non Misogynistic,মেয়েটা সমাজের কথা মাথায় রেখে কথা বলেন,The girl speaks while keeping society in mind.
Stereotype,"সবাই জানে, খেলার মাঠে ছেলেদের সঙ্গে মেয়েদের তুলনা চলে না।",Everyone knows girls cannot be compared with boys on the sports field.
Non Misogynistic,আপুর কণ্ঠটা অনেক সুন্দর,Apu’s voice is very beautiful.
Stereotype,"প্যানেলে মেয়েদের নাম শোভা পায়, ভোট পায় না — এই কথাটা কখনোই পুরোনো হবে না।","Girls’ names look good on a panel, but they do not get votes — this statement will never get old."
Derogation,এই মহিলা কতটুকু পড়েছে সেটা মুখ খুললেই বোঝা যায়,"The moment this woman opens her mouth, it becomes clear how much she has studied."
Derogation,"আগেই বলেছিলাম মেয়েটাকে কোনো কাজ দিও না, ওকে দিয়ে কোনো কাজ করানো মানে সল্যুশন না, উল্টো সমস্যা বাড়ানো","I said earlier not to give the girl any work; making her do any task does not bring a solution, it only increases the problem."
Non Misogynistic,ম্যাম বিষয়টা খুব সুন্দরভাবে বুঝিয়েছে,Ma’am explained the topic very beautifully.
Derogation,যে অবস্থা ড্রেস এর মনে হচ্ছে আলিফ লায়লার শুটিং করতে আসছে,"From the condition of the dress, it seems she came to shoot Alif Laila."
Stereotype,"দেখো, নিজে সিদ্ধান্ত নিতে গেলেই মেয়েরা বিপদে পড়ে।","Look, whenever girls try to make decisions on their own, they get into trouble."
Non Misogynistic,আন্টির এই পরামর্শটা আমার বড় কাজে লেগেছে,Auntie’s advice helped me a lot.
Non Misogynistic,মেয়েটা প্রশ্ন করতে ভয় পায় না এটা দেখে ভালো লাগে,I like that the girl is not afraid to ask questions.
Stereotype,মহিলা প্রধান শিক্ষিকার স্কুলে শৃঙ্খলা ধরে রাখা কঠিন — এই কথাটা কখনোই পুরোনো হবে না।,It is difficult to maintain discipline in a school led by a female headteacher — this statement will never get old.
Non Misogynistic,নারী সার্ফার ঢেউয়ের সাথে সাহসিকতায় মিশে যান,The female surfer merges with the waves with courage.
Stereotype,মেয়েরা ঘরের বাইরে থাকলে ঘরের শৃঙ্খলা নষ্ট হয়,"When girls stay outside the home, the discipline of the household is ruined."
Non Misogynistic,দিদির অর্থনৈতিক সচেতনতা প্রশংসনীয়,Didi’s economic awareness is commendable.
Non Misogynistic,মেয়েটার কাজের প্রতি আগ্রহ ও উৎসাহ তাকে সবার মধ্যে বিশেষ করে তোলে।,The girl’s interest and enthusiasm for her work make her special among everyone.
Derogation,এই মহিলার বুদ্ধিবৃত্তিক আলোচনায় অংশ নেওয়া উচিত না,This woman should not take part in intellectual discussions.
Non Misogynistic,মহিলা স্বেচ্ছাসেবীটি দুর্যোগের সময় অক্লান্তভাবে ত্রাণ কার্যক্রম পরিচালনা করেছেন।,The female volunteer tirelessly carried out relief activities during the disaster.
Sexual Harassment,"মামণি ইনবক্সে আসো, রাতের ব্যবস্থা করি","Mamoni, come to my inbox; I will arrange the night."
Non Misogynistic,আপুর সাজে ঐতিহ্য ও নতুনত্বের মিশ্রণ,Apu’s style is a blend of tradition and modernity.
Non Misogynistic,মেয়েটা চাপের মধ্যেও হাসিমুখে কাজ করে যাচ্ছিল,The girl kept working with a smile even under pressure.
Derogation,এই মেয়েটার পড়ালেখা না করার ফল এখন ভোগ করছে,This girl is now suffering the consequences of not studying.
Sexual Harassment,পাছাটা দেখে মনে হচ্ছে রসের হাঁড়ি,Her butt looks like a pot full of juice.
Stereotype,মেয়েজাত শাশুড়ির মুখে মুখে কথা বললে পাপের সমান।,For a woman to talk back to her mother-in-law is like a sin.
Derogation,মেয়েটা তিন বার বিয়ে করেছে কিন্তু কেউই সহ্য করতে পারেনি।,"The girl has been married three times, but no one could tolerate her."
Sexual Harassment,তোমার ভাতার রাতে ভালো টিপতে পারেনা তাই ছেলের সঙ্গে টিপে নিচ্ছো,"Your patron cannot squeeze properly at night, so you are getting it squeezed by a boy."
Stereotype,অফিসে মেয়েরা একা কাজ করলে সাহায্যের দরকার হবে,"If girls work alone in the office, they will need help."
Non Misogynistic,মেয়েটার ড্রয়িং স্কিল দেখে নিজেকে ছেড়েই দিলাম।,"After seeing the girl’s drawing skills, I completely gave up on myself."
Sexual Harassment,এই মেয়ে একদিনের রেট কত তোমার?,"Girl, what is your rate for one day?"
Non Misogynistic,মহিলা জিমন্যাস্টের নমনীয়তা বিস্ময়কর,The female gymnast’s flexibility is astonishing.
Stereotype,নারী রাজনৈতিক নেতা মানে স্বামীর হাত মাথায়।,A female political leader means her husband’s hand is over her head.
Sexual Harassment,ওরে কি পরিমাণে খাইলে এই রকম হয় সাইজ ভাবা যায়,Can you imagine how much she must have eaten to become this size?
Non Misogynistic,ম্যাম এর আত্মবিশ্বাস সত্যিই অনুপ্রেরণাদায়ক,Ma’am’s confidence is truly inspiring.
Stereotype,"মেয়েরা ফুটবল বোঝে না, শুধু শুধু স্টেডিয়ামে যায়",Girls do not understand football; they go to the stadium for no reason.
Sexual Harassment,"নর্তকী ওড়না ছাড়া বের হও কেন, পুরুষের চোখ নষ্ট করতে?","Dancer, why do you go out without a scarf? To ruin men’s eyes?"
Stereotype,"মেয়েদের একা থাকা মানে অভিশাপ, সমাজ ভালো চোখে দেখে না","For girls, living alone is a curse; society does not look at it well."
Stereotype,"মেয়েরা অর্থনীতি বোঝে না, টাকার হিসাব মাথায় ঢোকে না",Women do not understand economics; money calculations do not enter their heads.
Sexual Harassment,"এই মহিলা আসলে একটা মাল, এর বেশি কিছু না","This woman is actually just an item, nothing more."
Stereotype,মেয়েরা মেকানিক বা ইঞ্জিনিয়ার হলে কেউ গুরুত্ব দেয় না,"If women become mechanics or engineers, no one takes them seriously."
Sexual Harassment,বুড়ি ড্রেস এর ডিজাইন সামনে দিয়ে কাটলে আরো কড়া লাগত,"Old woman, if the dress design were cut in the front, it would look more intense."
Sexual Harassment,বড় বড় শিল্পপতিদের সেবায় নিয়োজিত এই আপু টা,This apu is serving big industrialists.
Derogation,"মেয়েটার ব্লগ পড়লে মাথাব্যথা হয়, কোনো সারবস্তু নেই।",Reading the girl’s blog gives me a headache; there is no substance.
Derogation,মেয়েটা মনে হয় শেভ করে।,It seems the girl shaves.
Derogation,এই মহিলার হেয়ারস্টাইল দেখলে মনে হয় ঘুম থেকে উঠেই বের হয়েছে,This woman’s hairstyle makes it look like she left right after waking up.
Non Misogynistic,"আপু তোমার চ্যানেলটা অনেক পরে খুঁজে পেয়েছি, তবু পেয়েছি এটাই ভালো","Apu, I found your channel much later, but at least I found it, and that is good."
Derogation,এই মহিলার ভাব দেখলে মনে হয় আকাশে উড়ছে,This woman’s attitude makes it seem like she is flying in the sky.
Non Misogynistic,বোনটি অন্যের সুখে সত্যিই আনন্দিত হয়,The sister is truly happy in other people’s happiness.
Stereotype,বাইরে চলাফেরায় চোখ নিচু না রাখলে চরিত্রে দাগ লাগে।,"If girls do not keep their eyes lowered while moving outside, their character gets stained."
Derogation,এই মেয়েটার সৃজনশীলতা বলে কিছু নেই,This girl has nothing called creativity.
Stereotype,স্বামীর জন্য সকালে উঠে রান্না করাটা মেয়েদের ভালোবাসার প্রমাণ,Waking up in the morning to cook for the husband is proof of women’s love.
Non Misogynistic,"একজন দক্ষ মহিলা চিকিৎসক থাকলে রোগীরা, বিশেষত নারীরা, আরও খোলামেলা কথা বলতে পারেন।","When there is a skilled female doctor, patients, especially women, can speak more openly."
Stereotype,রাস্তায় মেয়েদের কেনাকাটার দরাদরি করা একদম বেমানান,It is completely inappropriate for women to bargain while shopping on the street.
Derogation,মেয়েটার ইগো এত বেশি যে কাউকে সহ্য করতে পারে না।,The girl has so much ego that she cannot tolerate anyone.
Non Misogynistic,বোনটির সরলতাই তার আকর্ষণ,The sister’s simplicity is her charm.
Sexual Harassment,মেয়েটাকে দেখে ক্যামেরা ম্যান এর কন্ট্রোল করতে অনেক কষ্ট হয়ে গেছে,Seeing the girl made it very difficult for the cameraman to control himself.
Sexual Harassment,আপুটির নিচের টার দাম মাত্র ৫০ টাকা?,Is the price of Apu’s lower part only 50 taka?
Non Misogynistic,মহিলা পর্বতারোহী এভারেস্ট জয় করে দেশের সম্মান বাড়িয়েছেন,The female mountaineer has increased the country’s honor by conquering Everest.
Non Misogynistic,"মেয়েটা পারিবারিক সহিংসতার শিকার হলে সেটা তার একার সমস্যা নয়, সমাজের সমস্যা।","If the girl is a victim of domestic violence, it is not only her problem; it is society’s problem."
Non Misogynistic,মেয়ে টা কত পরিবর্তন হয়েছে,How much the girl has changed.
Derogation,তোর মতো অনিশ্চিত মেয়ের সাথে চলা কঠিন।,It is hard to be with an uncertain girl like you.
Stereotype,"মেয়েদের আজকাল দাবি বেড়ে গেছে, যোগ্যতা সে অনুপাতে নেই।","Girls’ demands have increased nowadays, but their qualifications have not increased accordingly."
Derogation,এই মেয়েটার চামড়া এত ঝুলে গেছে যে টাইট করার উপায় নেই,This girl’s skin has sagged so much that there is no way to tighten it.
Non Misogynistic,আপু রক্ত দিতে কখনো দ্বিধা করেন না,Apu never hesitates to donate blood.
Non Misogynistic,নারী যোগ গুরু মন ও শরীরের সংযোগ শেখাচ্ছেন,The female yoga guru is teaching the connection between mind and body.
Non Misogynistic,দিদির অনুবাদ সাহিত্যিক মান বহন করে,Didi’s translation carries literary quality.
Derogation,মেয়েটার এই অবস্থায় নিজেকে সুন্দর বলা হাস্যকর,"In the girl’s current condition, calling herself beautiful is ridiculous."
Non Misogynistic,"মেয়েটা কাজের ক্ষেত্রে সততা বজায় রাখে, তাই সবার বিশ্বাস অর্জন করেছে।","The girl maintains honesty in her work, so she has earned everyone’s trust."
Sexual Harassment,যতই শরীর দেখাও না কেনো সিনেমায় আর ডাকবেনা।,"No matter how much you show your body, they will not call you for movies anymore."
Derogation,এই মহিলাকে দেখলে মনে হয় দুনিয়া সম্পর্কে অজ্ঞ,"Looking at this woman, she seems ignorant about the world."
Stereotype,"একা অ্যাপার্টমেন্ট কেনা মেয়েদের অহংকার ছেলেদের তাড়িয়ে দেয়, স্বীকার করুক বা না করুক।","Whether they admit it or not, the arrogance of girls buying apartments alone drives boys away."
Non Misogynistic,মহিলা রেডিও জকি শ্রোতাদের সকাল ভালো করে দেন,The female radio jockey makes listeners’ mornings better.
Derogation,মেয়েটার ফাউন্ডেশন এত মোটা লেয়ার দিয়েছে মুখটা মাস্কের মতো লাগছে,The girl has applied such a thick layer of foundation that her face looks like a mask.
Non Misogynistic,মেয়েটার সামনে চলার পথ উজ্জ্বল কারণ সে নিজেই সেই পথ আলোকিত করছে।,The girl’s path ahead is bright because she herself is lighting that path.
Derogation,এই মেয়েটার পোশাকের সাথে অনুষ্ঠানের কোনো মিল নেই,This girl’s outfit does not match the event at all.
Stereotype,"অবিবাহিত মেয়েরা বরাবরই বেশি সাজগোজ মানেই দৃষ্টি কুড়ানোর ধান্ধা, স্বীকার করুক বা না করুক।","Whether they admit it or not, unmarried girls dressing up too much has always been a ploy to attract attention."
Stereotype,মেয়েরা বস হলে অফিসে রাজনীতি বেড়ে যায়,"When women become bosses, office politics increases."
Non Misogynistic,গ্রামের মেয়ে তো গ্রামের মতই সহজ সরল।,A village girl is simple and innocent like the village.
Non Misogynistic,মেয়েটি ভুল ধরা পড়লে সরাসরি স্বীকার করেন,"When the girl’s mistake is caught, she directly admits it."
Sexual Harassment,বেটির ডাব দুটো কত টাকায় বিক্রি করবে?,How much will the girl sell her two coconuts for?
Stereotype,মেয়েদের ভুলগুলো চরিত্রের দোষ,Girls’ mistakes are flaws in their character.
Sexual Harassment,এই সুন্দরী বিয়ে না করেও খেলা শেষ অনেক আগে,This beauty’s game ended long ago even without getting married.
Non Misogynistic,মেয়েটার অদম্য মনোভাব ও কঠোর পরিশ্রমের মিশ্রণে তার সাফল্য অনিবার্য।,"With the girl’s indomitable spirit and hard work, her success is inevitable."
Derogation,মেয়েটার বিশ্বস্ততা দেখলে মনে হয় যেকোনো মুহূর্তে পিঠে ছুরি মারবে।,The girl’s loyalty makes it seem like she could stab someone in the back at any moment.
Stereotype,মেয়েদের স্পোর্টস কমেন্ট্রি করা মানায় না,Sports commentary does not suit women.
Non Misogynistic,বোনটির ভেতরে এক অদম্য আত্মশক্তি আছে,There is an indomitable inner strength within the sister.
Stereotype,"মেয়েরা টাকা পেলে শুধু শপিং করে, সেভিংস বোঝে না","When girls get money, they only shop; they do not understand savings."
Derogation,মেয়েটার ফেসবুকের প্রোফাইল ছবি আর বাস্তবের চেহারার মধ্যে আকাশ-পাতাল পার্থক্য।,There is a sky-high difference between the girl’s Facebook profile picture and her real-life appearance.
Non Misogynistic,"একটি সমতাভিত্তিক সমাজ মেয়েদের জন্য যেমন ভালো, ছেলেদের জন্যও তেমনই।",An equality-based society is good for boys just as it is good for girls.
Stereotype,গৃহস্থালির হিসাব না মেলাতে পারলে বউ হিসেবে শূন্য,"If she cannot balance the household accounts, she is worthless as a wife."
Non Misogynistic,মেয়েটি ধ্যান ও যোগচর্চায় গুরুত্ব দেন,The girl gives importance to meditation and yoga practice.
Non Misogynistic,উনি ছোটদের সাথে কথা বলেন বড়দের মতো করে,She speaks to children as if they are adults.
Non Misogynistic,ভারী মিস্টি মেয়ে,A very sweet girl.
Sexual Harassment,"এই আপুর জামা দিনে দিনে ছোট হয়ে যাচ্ছে, লজ্জা নেই?",This apu’s dress is getting shorter day by day; does she have no shame?
Non Misogynistic,পিসির হাতের নিরামিষ স্বর্গীয় স্বাদ,Auntie’s vegetarian cooking tastes heavenly.
Stereotype,"মানতেই হবে, পশ্চিমা পোশাকে অভ্যস্ত মেয়েরা সংসারের জন্য মানানসই না।",It must be admitted that girls who are used to Western clothing are not suitable for family life.
Stereotype,"মেয়েরা বিতর্কে নামলে যুক্তি কম, কথা বেশি — এটাই সত্য।","When girls enter debates, they have less logic and more talk — that is the truth."
Non Misogynistic,উনি রাগ করলেও পরে এসে ঠিক করে যান,"Even when she gets angry, she comes back later and fixes things."
Stereotype,মেয়েরা আইটি সেক্টরে ভালো করতে পারে না,Girls cannot do well in the IT sector.
Non Misogynistic,মেয়েটি ভিন্ন ভিন্ন দৃষ্টিকোণ থেকে চিন্তা করতে পারে,The girl can think from different perspectives.
Derogation,এই মেয়েটা মেকআপ ছাড়া মানুষের সামনে আসতেই পারে না,This girl cannot even appear in front of people without makeup.
Non Misogynistic,মেয়েটার ভাই তার ক্যারিয়ারের সিদ্ধান্তকে সম্পূর্ণ সমর্থন করে।,The girl’s brother fully supports her career decision.
Non Misogynistic,"মেয়েটা নিজের ক্ষমতায় বিশ্বাস করে চলছে, পথ কঠিন হলেও থামেনি।","The girl keeps moving forward with belief in her own ability; even though the path is hard, she has not stopped."
Stereotype,আসলে গ্রামের মেয়েদের প্রতিযোগিতার মঞ্চ সংসারের চার দেয়াল — এটাই সত্য।,"Actually, for village girls, the arena of competition is the four walls of the household — that is the truth."
Non Misogynistic,মেয়েটি আত্মহত্যা প্রতিরোধে কাজ করছেন,The girl is working in suicide prevention.
Stereotype,মেয়েরা একসাথে বসলেই গসিপের আড্ডা হয়,"When girls sit together, it becomes a gossip session."
Non Misogynistic,নারী ট্রায়াথলন খেলোয়াড় তিনটি বিভাগেই দক্ষ,The female triathlon athlete is skilled in all three events.
Non Misogynistic,দিদির দূরদর্শিতা প্রশংসনীয়,Didi’s foresight is commendable.
Stereotype,মেয়ের চুল ছোট মানে এই মেয়ের মধ্যে সমস্যা আছে,"If a girl has short hair, it means there is something wrong with her."
Non Misogynistic,মেয়েটা নিজের জীবনের প্রতিটি সংকটকে শেখার সুযোগ হিসেবে দেখে।,The girl sees every crisis in her life as an opportunity to learn.
Non Misogynistic,মেয়েটার লেখা প্রবন্ধটা পাঠকদের মধ্যে গভীর চিন্তার উদ্রেক করেছে।,The article written by the girl has sparked deep thought among readers.
Stereotype,"ছেলেরা যেদিন ঘর সামলাবে, সেদিন বুঝবে মেয়েরা কী করছিল — এটা ভুল ধারণা।",The idea that boys will understand what girls were doing only when they manage the household is a misconception.
Non Misogynistic,আপু তোমার তোলা ছবিগুলোতে একটা আলাদা অনুভূতি আছে।,"Apu, there is a distinct feeling in the photos you take."
Non Misogynistic,দিদির জীবনের গল্প সাহস ও সংকল্পের প্রতিচ্ছবি,Didi’s life story is a reflection of courage and determination.
Stereotype,"অভিজ্ঞতা বলে, যেকোনো ক্রাইসিসে মেয়েরা ধর্য ধরতে পারে না",Experience says that girls cannot remain patient in any crisis.
Non Misogynistic,মেয়েটি অসহায়ের কাঁধে হাত রেখেছিলেন,The girl placed a hand on the shoulder of someone helpless.
Stereotype,মেয়েরা কোনো পুরুষের সাথে একা থাকলে মানুষ নানা কথা ভাবে,"When girls are alone with any man, people think all kinds of things."
Stereotype,"এদেশের মেয়েদের পোশাক যত ছোট, ব্যক্তিত্ব তত ছোট।","In this country, the shorter girls’ clothes are, the smaller their personality is."
Non Misogynistic,আপুর চেহারা অনেক মায়াবী,Apu’s face is very charming.
Derogation,ওরা রাতে ঢাকার নাইট ক্লাবে রানী হিসেবে থাকে,"At night, they stay as queens in Dhaka’s nightclubs."
Non Misogynistic,মেয়েটা মানুষের গোপন কথা ফাঁস করেন না,The girl does not reveal people’s secrets.
Derogation,এই মেয়ে সমাজে উচ্চবিত্ত সাজে আর ঘরে গেলে দেখা যায় আসল চেহারা,"This girl pretends to be upper-class in society, but when she goes home, her real face is seen."
Non Misogynistic,মেয়েটার বাবা বলেছেন তোমার পাশে আমি আছি যেকোনো পথে।,"The girl’s father said, I am by your side on any path."
Non Misogynistic,দিদি ক্ষুধার্ত শিশুকে নিজের লাঞ্চ দিয়ে দিয়েছেন,Didi gave her own lunch to a hungry child.
Non Misogynistic,মহিলা থিয়েটার অভিনেত্রী মঞ্চে আগুন জ্বালিয়ে দেন,The female theater actress sets the stage on fire.
Stereotype,বেশি সেজে বের হওয়া মেয়েদের উদ্দেশ্য ভালো না ,Girls who go out overly dressed up do not have good intentions.
Non Misogynistic,আপুর শিক্ষাগত ভিত্তি অত্যন্ত মজবুত,Apu’s educational foundation is very strong.
Derogation,মেয়েটাকে যে কাজ দেওয়া হয় সেটা উল্টো করে দেয়,"Whatever work is given to the girl, she does the opposite."
Derogation,"অসভ্য মেয়ে, বিয়ের আগে প্রেম করছো এখন ছেলে ধোঁকা দিলে দোষ","Uncivilized girl, you had a relationship before marriage, and now if the boy deceives you, it is your fault."
Derogation,মেয়েটার কথায় ভুল বাংলা দেখলে হাসি পায়,It is funny to see wrong Bengali in the girl’s words.
Non Misogynistic,মহিলা স্কেটার বরফের ওপর ছন্দে পারদর্শী,The female skater is skilled at rhythm on the ice.
Derogation,মেয়েটার ডিসিশন মেকিং এত খারাপ যে দলের সবাই ক্ষতিগ্রস্ত।,The girl’s decision-making is so bad that everyone in the team is harmed.
Stereotype,একটা মেয়ে একটা ভালো ছেলের জীবন নষ্ট করে,One girl ruins the life of a good boy.
Sexual Harassment,দেহ দেখিয়ে মজা নিছো আর এখন টাকা আনতে চাও?,"You enjoyed showing your body, and now you want to bring in money?"
Stereotype,"সবাই জানে, নারীদের মত প্রতিষ্ঠার চেষ্টা সবসময় ব্যর্থতায় শেষ হয়, এটা মানতেই হবে।",Everyone knows that women’s attempts to establish their opinions always end in failure; this must be accepted.
Stereotype,"বেশিরভাগ মেয়েরা ভাইরাল হওয়ার সিস্টেম বুঝে গেছে, নিজে কে দেখিয়ে ভাইরাল হওয়ার চেষ্টা করে",Most girls have understood the system of going viral; they try to go viral by showing themselves.
Stereotype,"মেয়েরা নরম গলায় কথা বললে মানায়, তাছাড়া ব্যাডা ব্যাডা লাগে","Girls look good when they speak softly; otherwise, they look manly."
Sexual Harassment,বিয়ের আগে আপনি কত জনের সাথে ছিলেন জানাবেন?,Will you tell me how many people you were with before marriage?
Derogation,এই বুড়িটার মাথা থেকে দিন দিন মরার চিন্তা নেমে গেছে।,This old woman seems to have gradually lost all thoughts of dying.
Non Misogynistic,মহিলা লোকসংগীত শিল্পীটি ঐতিহ্যবাহী সুরকে নতুন প্রজন্মের কাছে পৌঁছে দিচ্ছেন।,The female folk singer is bringing traditional melodies to the new generation.
Derogation,এই মহিলার বিচারশক্তি দেখলে মনে হয় প্রাথমিক স্কুলের ছাত্রী,"Looking at this woman’s judgment, she seems like a primary school student."
Non Misogynistic,মেয়েটার কবিতায় সমাজের বাস্তব চিত্র উঠে আসে।,The girl’s poetry reflects the real picture of society.
Derogation,এই মহিলার চুলের ছাঁট দেখলে অবাক হতে হয়,This woman’s haircut is surprising to look at.
Non Misogynistic,আপু তুমি যে বিষয়টা নিয়ে কাজ করছ সেটা দরকার ছিল,"Apu, the issue you are working on was really needed."
Non Misogynistic,মেয়েটি গয়না কম পরেও সুন্দর,The girl looks beautiful even with little jewelry.
Non Misogynistic,মেয়েটার কাজের ধরনে একটা পেশাদারিত্ব আছে যা সবার দৃষ্টি আকর্ষণ করে।,There is a professionalism in the girl’s way of working that attracts everyone’s attention.
Non Misogynistic,ঐ মহিলা সাংবাদিক প্রশ্নটা এমনভাবে করলেন কেউ এড়াতে পারল না,That female journalist asked the question in such a way that no one could avoid it.
Stereotype,দুজন মেয়ে একসাথে হলে চারজনের গল্প শুরু।,"When two girls are together, stories about four people begin."
Derogation,এরকম জেদি মেয়েরা পরিবারে শান্তি নষ্ট করে।,Such stubborn girls destroy peace in the family.
Non Misogynistic,পরিবারে মেয়েটার কণ্ঠস্বর সমানভাবে সম্মানিত হয়।,The girl’s voice is equally respected in the family.
Sexual Harassment,এই মেয়ে তোকে পাট ক্ষেতে নিয়ে রেপ করব,"Girl, I will take you to a jute field and rape you."
Sexual Harassment,লাগানোর সময় ভাল লাগে না?,Does it not feel good while being fucked?
Sexual Harassment,আবাসিক হোটেলে কাজ করো আপু তোমার কষ্ট কম টাকা বেশি হবে,"Work in a residential hotel, Apu; your pain will be less and the money will be more."
Stereotype,মেয়েরা বেশি এক্সপ্রেসিভ হওয়ায় কর্মক্ষেত্রে অস্বস্তি হয়,"Because girls are too expressive, it creates discomfort in the workplace."
Non Misogynistic,দিদির ভাজির সুঘ্রাণ পুরো বাড়ি ছড়িয়ে পড়ে,The aroma of Didi’s fried food spreads throughout the house.
Non Misogynistic,আপু তোমার এই গানটা শুনলে কাজে মনোযোগ আসে,"Apu, listening to this song of yours helps me focus on work."
Stereotype,উচ্চপদস্থ মেয়েরা ক্ষমতার ভার সহ্য করতে পারে না,High-ranking women cannot bear the weight of power.
Non Misogynistic,বোনটির আলোচনা পদ্ধতি ঐক্য তৈরি করে,The sister’s discussion method creates unity.
Sexual Harassment,"বেটির মতো একটা মেয়ে যদি বউ হতো, ডেইলি খাট ভাঙতাম","If a girl like this woman were my wife, I would break the bed every day."
Non Misogynistic,মেয়েটি পরিবেশ দূষণ প্রতিরোধে কাজ করছেন,The girl is working to prevent environmental pollution.
Derogation,এই মহিলা কর্মক্ষেত্রে সবার জন্য সমস্যা,This woman is a problem for everyone in the workplace.
Sexual Harassment,এক রাতের জন্য আপনাকে একটা আইফোন দেয়া হবে,You will be given an iPhone for one night.
Stereotype,মেয়েরা নিজের ইচ্ছামতো বিয়ে করলে সংসার সুখের হয় না — এটাই বাস্তব।,"When girls marry according to their own wishes, the household is not happy — that is the reality."
Non Misogynistic,মেয়েটা নিজের সিদ্ধান্তের জন্য কারো কাছে সাফাই দেয় না।,The girl does not justify her decisions to anyone.
Stereotype,"যুগ যুগ ধরে দেখে আসছি, টাকা হাতে পেলে মেয়েদের শপিং ছাড়া কিছু মনে থাকে না।","For ages, we have seen that when girls get money in hand, they remember nothing except shopping."
Derogation,মেয়েটা বয়সে ছোট কিন্তু চেহারায় বুড়ো দেখায়।,The girl is young in age but looks old in appearance.
Derogation,মেয়েটার বাড়ির পরিবেশ যেমন ছিল সে অনুযায়ীই সে হয়েছে।,The girl has become exactly according to the environment of her home.
Non Misogynistic,দিদির স্বাভাবিক হাসি সবাইকে আকর্ষণ করে,Didi’s natural smile attracts everyone.
Non Misogynistic,মহিলা তথ্যপ্রযুক্তিবিদটি নিরাপদ সাইবার সিস্টেম তৈরিতে অগ্রণী ভূমিকা রাখছেন।,The female information technologist is playing a leading role in creating secure cyber systems.
Stereotype,মেয়েদের বুদ্ধি বরাবরই ছেলেদের চেয়ে এক ধাপ নিচে,Girls’ intelligence has always been one step below boys’.
Non Misogynistic,মেয়েটার সাহায্য কখনো শর্তযুক্ত নয়,The girl’s help is never conditional.
Non Misogynistic,মেয়েটার সামগ্রিক ব্যক্তিত্ব তাকে একজন অনুপ্রেরণামূলক মানুষ করে তুলেছে।,The girl’s overall personality has made her an inspirational person.
Non Misogynistic,মহিলা ড্রাইভার রাস্তায় সবচেয়ে নিয়ম মেনে চলছিলেন,The female driver was following the rules the most on the road.
Stereotype,শাকসবজি না খেলে সৌন্দর্য নষ্ট হয় মেয়েদের,"If girls do not eat vegetables, their beauty is ruined."
Non Misogynistic,"মহিলা পাইলটের সাক্ষাৎকারটা পড়ে অনেকক্ষণ চুপ করে বসে রইলাম, সত্যি এমন মেয়েদের স্যালুট জানাই","After reading the female pilot’s interview, I sat silently for a long time; I truly salute girls like her."
Stereotype,অর্ধশিক্ষিত মেয়েরা অল্পতেই ব্যক্তিগত আক্রমণ ধরে নেয়,Half-educated girls take even small things as personal attacks.
Stereotype,"মেয়ে মানুষ অধিকাংশ সময় অভিমানের সাগর হয়ে বসে থাকে,এটা মানতেই হবে।","Most of the time, women sit like an ocean of hurt feelings; this must be accepted."
Non Misogynistic,অনলাইন শিক্ষায় মেয়েটা নিজেই পাঠ্যক্রম তৈরি করে পড়াচ্ছে।,"In online education, the girl is creating the curriculum herself and teaching it."
Non Misogynistic,দিদির স্নেহ পরিবারের প্রাণ,Didi’s affection is the life of the family.
Sexual Harassment,"দিদি একটা লুচ্চা, বারোভাতারি ছাড়া কিছু না","Didi is a lecherous, promiscuous woman and nothing else."
Derogation,এই মহিলা ত্বক ফর্সা করার পেছনে যত টাকা নষ্ট করে,This woman wastes so much money trying to make her skin fair.
Derogation,কত সুন্দর মেয়ে কিন্তু ব্রেইন নাই,"Such a beautiful girl, but she has no brain."
Non Misogynistic,মেয়েটা দলের নেতৃত্ব নিয়ে সবাইকে একসূত্রে বেঁধে রেখেছে।,The girl has united everyone by leading the team.
Stereotype,বস্তির মেয়েরা উচ্ছৃঙ্খল হয়,Girls from slums are unruly.
Derogation,এই মহিলার জন্য পরিবার বিব্রত হয়,The family is embarrassed because of this woman.
Sexual Harassment,"মহিলা এতটুকু কাপড়ের কী দরকার, ওড়না ছাড়াই এসেছ যখন, বাকিটাও খুলে ফেলো","Woman, what is the need for such a tiny piece of cloth? Since you came without a scarf, take off the rest too."
Non Misogynistic,মেয়েটার কাজে সৃজনশীলতা ও বাস্তবতার অসাধারণ মিশ্রণ আছে।,The girl’s work has an extraordinary blend of creativity and practicality.
Non Misogynistic,মেয়েটার সামগ্রিক ব্যক্তিত্ব ও দক্ষতা তাকে একজন পরিপূর্ণ মানুষ হিসেবে তুলে ধরেছে।,The girl’s overall personality and skills present her as a complete person.
Derogation,"তুই যত ক্রিম মাখিস না কেন, কালো কালোই থেকে যাবি","No matter how much cream you apply, you will remain dark."
Derogation,এই বেডির গসিপ করার অভ্যাস অফিসের পরিবেশ নষ্ট করছে।,This woman’s habit of gossiping is ruining the office environment.
Derogation,কীভাবে মানুষের সাথে কথা বলতে হয় এই বেয়াদপ মেয়ে জানে না,This rude girl does not know how to talk to people.
Non Misogynistic,মেয়েটা কাজ ভাগ করে দেয় কিন্তু নিজেরটা সবার আগে শেষ করে,The girl assigns work to others but finishes her own first.
Non Misogynistic,শিক্ষায় পিছিয়ে পড়া মেয়েদের সহায়তা দেওয়া সমাজের জন্য দীর্ঘমেয়াদী বিনিয়োগ।,Providing support to girls who are behind in education is a long-term investment for society.
Non Misogynistic,আপু আপনাকে অনেক সুন্দর লাগছে,"Apu, you look very beautiful."
Derogation,আমার তো তাকে দেখে মনে হয় সে তিন বাচ্চার মা।বুড়ি একটা।,"Looking at her, I feel like she is a mother of three children. She is an old woman."
Stereotype,"নির্বাচনে মেয়েরা জিতলে পেছনের পুরুষের কৃতিত্ব ধরে নেওয়া হয়, এটা মানতেই হবে।","It must be accepted that when women win elections, the credit is assumed to belong to the man behind them."
Stereotype,মেয়েরা একা রেস্টুরেন্টে খেতে গেলে মানুষ অবাক হয়,People are surprised when girls eat alone at restaurants.
Derogation,"তুই বিয়ে করতে পারবি না, কেউ তোর মতো মেয়েকে চায় না।",You will not be able to get married; no one wants a girl like you.
Non Misogynistic,"কথায় যুক্তি আছে, একটু বুদ্ধি হয়েছে এটা বুঝা যায়",There is logic in her words; it is clear she has gained some intelligence.
Derogation,এই মহিলার হাসির শব্দ এলাকায় ছড়িয়ে পড়ে,This woman’s laughter spreads through the neighborhood.
Non Misogynistic,"প্রতিটি মেয়ের স্বাস্থ্য, শিক্ষা ও নিরাপত্তার অধিকার সাংবিধানিকভাবে সুরক্ষিত হওয়া উচিত।","Every girl’s rights to health, education, and safety should be constitutionally protected."
Stereotype,মেয়েরা বেশি হাসিঠাট্টা করলে তাদের সংস্কার নিয়ে প্রশ্ন ওঠে,"When girls laugh and joke too much, questions arise about their values."
Stereotype,মেয়েরা টেকনিক্যাল বিষয় সহজে বোঝে না,Girls do not understand technical matters easily.
Non Misogynistic,এই মেয়েটি তার বিশ্ববিদ্যালয়ে সর্বোচ্চ সিজিপিএ নিয়ে স্নাতক হয়েছে।,This girl graduated from her university with the highest CGPA.
Stereotype,মেয়েদের বিয়ের পর ক্যারিয়ার ব্রেক নেওয়া খুব কমন বিষয়,Taking a career break after marriage is very common for girls.
Sexual Harassment,আপুটার মতো খাওয়া মাল আর কতদিন চলবে,How long will a used item like Apu last?
Derogation,মেয়েটার হাতের নখের অবস্থা দেখলে মনে হয় কাজের মহিলা।,"Looking at the condition of the girl’s fingernails, she seems like a maid."
Sexual Harassment,রাতে মারা খাওয়ার জন্য বের হইতাছো নাকি,Are you going out at night to get fucked?
Sexual Harassment,ম্যাডামের ঢোল দুটো খেলার মাঠের মতো,Madam’s two drums are like a playing field.
Sexual Harassment,বৌদির দেহের গড়ন বিদেশিদের কাছে যাওয়ার সময় এসে গেছে,It is time for Boudi’s body shape to go to foreigners.
Sexual Harassment,"এই মহিলাকে এক সপ্তাহের জন্য চাই হোটেলে, যত টাকা লাগে বুঝে নিও",I want this woman in a hotel for one week; take whatever money is needed.
Non Misogynistic,আপু পার্ট-টাইম কাজ করে পড়াশোনা চালান,Apu works part-time to continue her studies.
Stereotype,সালোয়ার-কামিজের জায়গায় টপস পরা মেয়েরা সংস্কৃতি ভুলে গেছে,Girls who wear tops instead of salwar-kameez have forgotten their culture.
Stereotype,বাড়ির মেয়ে যদি ঘর না সামলায় তাহলে পুরো পরিবার ভেঙে পড়বে,"If the daughter of the house does not manage the household, the whole family will collapse."
Non Misogynistic,মহিলা প্রকৌশলী জটিল প্রকল্প সফলভাবে শেষ করেছেন,The female engineer successfully completed the complex project.
Stereotype,"অভিজ্ঞতা বলে, এক কথায় খুশি, পরের কথায় কান্না — এটাই মেয়েদের স্বাভাবিক রিদম।","Experience says, happy with one sentence and crying at the next — this is the natural rhythm of girls."
Non Misogynistic,মেয়েটি প্যানেল আলোচনায় গুরুত্বপূর্ণ মতামত দেন,The girl gives important opinions in panel discussions.
Non Misogynistic,মেয়েটার মনোবল ও আত্মবিশ্বাস তাকে যেকোনো পরিস্থিতিতে স্থির রাখে।,Loading...
Non Misogynistic,পরিবারের পক্ষ থেকে মেয়েটার স্বপ্নকে সহায়তা করাটাই সেরা উপহার।,Loading...
Non Misogynistic,দিদির হিপ-হপ নৃত্যশৈলী দারুণ,Loading...
Non Misogynistic,মেয়েটির শান্ত উপস্থিতি স্বস্তি দেয়,Loading...
Derogation,এই মেয়ের বাচ্চার মতো কান্নাকাটি দেখলে হাসি পায়,Loading...
Non Misogynistic,মেয়েটার অভিনয়ে একটি আলাদা গভীরতা আছে যা দর্শকদের স্পর্শ করে।,Loading...
Non Misogynistic,"মেয়েদের আর্থিক সচেতনতা ও দক্ষতা বাড়ানো উচিত, এটা তাদের মুক্তির পথ।",Loading...
Non Misogynistic,"আমি এতটুকু বলতে পারি, সে কারোর পিঠ পিছে কথা বলার মানুষ না।",Loading...
Derogation,মেয়েটার আসল যোগ্যতা যেদিন প্রকাশ পাবে সেদিন লজ্জায় পড়বে।,Loading...
Derogation,মেয়েটার চুলগুলো এমন রুক্ষ যে ঝাড়ু বানানো যাবে,Loading...
Stereotype, মহিলা সিইওর কোম্পানি বাজার ধরতে পারে না — এটাই সত্য।,Loading...
Stereotype,স্বামীর অমতে কোথাও যাওয়া বউয়ের ভয়াবহ স্পর্ধা — এটাই সত্য।,Loading...
Stereotype,সংকটে মেয়েদের সিদ্ধান্ত প্রায়ই ক্ষতি ডেকে আনে যদিও অনেকেই মানতে চাইবে না ।,Loading...
Sexual Harassment,পোশাকের কাটটা আরেকটু খোলামেলা হলে শরীরের অংশ দেখা গেলে নাকি দেখতে ভালো লাগত।,Loading...
Non Misogynistic,এই মেয়েটা এত ভালো গান কীভাবে গায়?,Loading...
Stereotype,মেয়ের নিজেদর নিরাপত্তা নিজেরা নষ্ট করেছে,Loading...
Non Misogynistic,দাদীর হাত ধরে চলা ছোটবেলার মধুর দিন,Loading...
Non Misogynistic,নারী-পুরুষ সমতার সমাজ তৈরিতে সবার সমান দায়িত্ব আছে।,Loading...
Non Misogynistic,মহিলা আন্তর্জাতিক সংস্থার প্রধানটি বৈশ্বিক সমস্যায় কার্যকর পদক্ষেপ নিচ্ছেন।,Loading...
Stereotype,মেয়েরা একা সমুদ্রপথে যাত্রা করার কথা ভাবতেও পারে না,Girls can't even think about sailing alone.
Stereotype,"সবাই জানে, মহিলাদের উপার্জনের চিন্তা পরিবারের পুরুষের ওপর ছেড়ে দেওয়াই উত্তম, যুগ যুগ ধরে চলে আসছে।",Loading...
Stereotype,মেয়েদের শিক্ষকতা ছাড়া অন্য পেশা মানায় না,Loading...
Non Misogynistic,মেয়েটার অলিম্পিয়াডে অংশগ্রহণ গর্বের বিষয়,Loading...
Non Misogynistic,নেকলেসটা কি সুন্দর মানিয়েছে আপনাকে,Loading...
Stereotype,মেয়েরা প্রফেশনাল গেমার হতে পারে না,Loading...
Non Misogynistic,মহিলা লোক শিল্পীটি ঐতিহ্যবাহী শিল্পকলা সংরক্ষণে অসামান্য ভূমিকা রাখছেন।,Loading...
Non Misogynistic,মহিলা অডিটরটি প্রতিষ্ঠানের স্বচ্ছতা নিশ্চিত করতে নিরলসভাবে কাজ করছেন।,Loading...
Non Misogynistic,নারীরা যেকোনো কাজেই দক্ষ হতে পারে,Loading...
Stereotype,মেয়েদের মাল্টিটাস্কিং এর দাবি আসলে অতিরঞ্জিত,Loading...
Sexual Harassment,"তোমার নিচে কি অনেক পরিমান পিছলা, হাত দিলেই আংগুল ভিজে যাবে",Loading...
Stereotype,শিক্ষিত মেয়েদের বাহাদুরি দেখানো মানেই ঘরে অশান্তি ডেকে আনা।,Loading...
Stereotype,মেয়েমানুষ বড়দের কথার পাল্টা যুক্তি দিলে ফ্যামিলি ছোট হয়ে যায়।,Loading...
Derogation,নিজেকে চরিত্রবান ভাবলেও এই মহিলার চরিত্র খুবই খারাপ,Loading...
Non Misogynistic,মহিলা রসায়নবিদ গবেষণায় গুরুত্বপূর্ণ আবিষ্কার করেছেন,Loading...
Non Misogynistic,"মেয়েরা একা থাকতে পারে না, সবসময় কারো না কারো সঙ্গ চায়",Loading...
Derogation,এই মেয়েটা কারো সাথে কাজ করতে পারে না,Loading...
Stereotype,"দেখো, একা থাকা মেয়েদের সমাজ কখনোই ভালো চোখে দেখে না।",Loading...
Derogation,নায়িকাটার কথা বলার ভঙ্গি দেখলে হাসি আসে।,Loading...
Stereotype,"মেয়েরা বেশি সেফ সাইডে থাকতে চায়, রিস্ক নিতে ভয় পায়",Loading...
Derogation,মেয়েটা সোশ্যাল মিডিয়ায় নিজেকে ইনফ্লুয়েন্সার ভাবে কিন্তু ফলোয়ার একশোও নেই।,Loading...
Sexual Harassment,নর্তকীর চামড়া এমন বানিয়েছে যেন পিছনে তাকানো লাগবে না,Loading...
Stereotype,"দেখো, বাজার সদাই ভুলে যায়, তাই গিন্নি হিসেবে অচল, যুগ যুগ ধরে চলে আসছে।",Loading...
Derogation,মেয়েটা বেতন নেয় কিন্তু কাজের কোনো প্রমাণ দেখা যায় না।,Loading...
Derogation,মেয়েটার কারণে অফিসে দলাদলি হচ্ছে।,Loading...
Derogation,এটা আবার নায়িকা হয় কিভাবে? কথা বলার মাঝেই তো কোন গ্ল্যামার নাই।,Loading...
Non Misogynistic,মেয়েটা নিজেকে অন্যের সাথে তুলনা না করে নিজের গতিতে এগিয়ে যায়।,Loading...
Sexual Harassment,"এই মেয়ে আসলে একটা বাতি মাল, এর বেশি কিছু না",Loading...
Non Misogynistic,মেয়েটার ঘর সাজানোর দক্ষতা প্রশংসনীয়,Loading...
Derogation,এই মহিলার কথায় ৯০ ভাগ অতিরঞ্জন।,Loading...
Sexual Harassment,"এই মাগি একটা ভিডিও কল দাও, দেখে কেমন আছ বুঝি",Loading...
Non Misogynistic,মহিলা বিমান প্রকৌশলীটি নতুন ডিজাইনে উড়োজাহাজের জ্বালানিসাশ্রয়ী ব্যবস্থা তৈরি করেছেন।,Loading...
Non Misogynistic,মেয়েটার পরিশ্রম ও মেধার মিশ্রণ তাকে সাফল্যের পথে এগিয়ে নিয়ে যাচ্ছে।,Loading...
Non Misogynistic,মেয়েটা নিজের ভুল থেকে শিক্ষা নিয়ে আরও ভালো হয়ে উঠেছে।,Loading...
Non Misogynistic,মেয়েটি ছোট ছোট সাফল্যকেও উদযাপন করে,The girl celebrates even small successes.
Non Misogynistic,আপু কঠিন সময়েও মাথা উঁচু রেখেছেন,Loading...
Derogation,এইসব মেয়েই প্রতিরাতে বিছানা পাল্টায় কারণ এঁদের জীবন টাই এমন,Loading...
Derogation,মেয়েটার স্কিন টোন দেখলে মনে হয় রঙ নির্বাচনে ভুল হয়েছে,Loading...
Non Misogynistic,আপুর কাজের গুণগত মান অসাধারণ,Loading...
Derogation,"নিজেরে লাগে বুড়ির মতো আবার আরেক বুড়ি রে জিগায়, ও নানী তোর বয়স কত ?",Loading...
Derogation,"নায়িকাটার অভিনয়ে কোনো প্রাণ নেই, একদম কাঠের পুতুলের মতো।",Loading...
Non Misogynistic,বোনটি অল্প আয়েও জীবনে ভারসাম্য রক্ষা করেন,Loading...
Stereotype,পঁয়ত্রিশের পরে বিয়ের কথা শুনলে আত্মীয়স্বজন হাসাহাসি করে।,Loading...
Non Misogynistic,মেয়েটার কাজের মধ্যে একটা আন্তরিকতা আছে যা সবার মন স্পর্শ করে।,Loading...
Non Misogynistic,মহিলা ক্রিকেটাররা মাঠে দারুণ পারফরম্যান্স দেখাচ্ছেন,Loading...
Derogation,এই মেয়ে সন্তান মানুষ করতে পারে না নিজেই শিশু,Loading...
Sexual Harassment,আপুটার বুকের উপর মাথা দিতে পারলে ভালো লাগত,Loading...
Stereotype,নিজের পেশা বেছে নেওয়া মেয়েরা পরিবারের শাসন ভাঙে।,Loading...
Derogation,মেয়েটার অস্থিরতা দেখলে মনে হয় কোনোকিছুতেই মনোযোগ নেই।,Loading...
Sexual Harassment,এক রাতের জন্য এই মালটারে দরকার,Loading...
Sexual Harassment,"কলকাতার দাদাদের খাওয়া শেষ, এবার টার্গেট হলিউড",Loading...
Derogation,তোর মতো ভণ্ড মেয়ে শেষ পর্যন্ত ধরা পড়বে।,Loading...
Stereotype,"বাঙালি মেয়েদের উচিত নিজের মতামত প্রকাশের আগে অন্তত দশবার ভাবা, যুগ যুগ ধরে চলে আসছে।",Loading...
Non Misogynistic,"লিঙ্গ পরিচয় নয়, মানুষের গুণ ও কর্মই হওয়া উচিত মূল্যায়নের ভিত্তি।",Loading...
Non Misogynistic,বোনটির ভাষাজ্ঞান বিশাল,Loading...
Stereotype,"যতই অস্বীকার করুক, গ্রামের মেয়েদের একমাত্র পরিচয় তাদের স্বামীর নাম — এটাই সত্য।",Loading...
Stereotype,"টাকা গচ্ছিত রাখার বদলে মেয়েরা সোনা গয়নায় ঢালে, স্বীকার করুক বা না করুক।",Loading...
Derogation,"কিছুদিন আগে অন্য কাউকে উপদেশ দিয়েছিলো, শাড়ি পড়া নিয়ে, আজ নিজেই বের করে রাখছে, এইজন্যই বলে মেয়ে মানুষের বুদ্ধি হাটুর নিচে",Loading...
Non Misogynistic,দিদির সংলাপ গুছানো এবং অর্থবহ,Didi's dialogue is concise and meaningful.
Non Misogynistic,মহিলা উন্নয়ন পরিকল্পনাবিদটির পরিকল্পনা শহরের অবকাঠামো উন্নত করেছে।,Loading...
Non Misogynistic,"মেয়েটা একা থাকে এবং সেটা তার নিজের পছন্দ, কারো সমস্যা না।",Loading...
Non Misogynistic,মেয়েটা প্রতিটি সিদ্ধান্তের আগে সবার কথা শোনে তারপর পথ বেছে নেয়।,Loading...
Sexual Harassment,"মামণি, ওড়না ছাড়াই এসেছ যখন, বাকিটাও খুলে ফেলো",Loading...
Non Misogynistic,"দিদি তুমি এত কষ্ট করে ভিডিও বানাও, সত্যিই ভালোবাসা",Loading...
Stereotype,ছেলের বউ মানেই হাতে হাতে কাজ করার মানুষ ,Loading...
Stereotype,ঘরের মেয়ে যদি গৃহস্থালির কাজ না করে তাহলে পরিবারে অভিশাপ নামে,Loading...
Derogation,এই মেয়েটা এত কম বয়সে এত বেশি কথা বলে,Loading...
Non Misogynistic,মহিলা প্যারামেডিক জরুরি মুহূর্তে অসাধারণ ভূমিকা পালন করেন,Loading...
Non Misogynistic,মেয়েটার এই অভিজ্ঞতার গল্পটা না পড়লে অনেক কিছু মিস করতাম,Loading...
Stereotype,"এত উচ্চাভিলাষ ভালো না, মেয়েরা সংসারী না হলে সংসার কে সামলাবে?",Loading...
Derogation,"এই বেডি নিজের সিদ্ধান্ত নিজে নিতে পারে না, সবসময় অন্যের উপর নির্ভর করে।",Loading...
Derogation,এই বেডি কারো কথা গোপন রাখতে পারে না।,Loading...
Derogation,এই মেয়ে নিজেকে নিয়ে অতিরিক্ত গর্বিত,Loading...
Stereotype,মেয়েরা একা বাড়িতে থাকলে মানুষ সন্দেহের চোখে দেখে,Loading...
Derogation,"এই মেয়ে কাউকে সরাসরি কিছু বলতে পারে না, পেছনে বলে বেড়ায়",Loading...
Stereotype,মেয়েদের বৈজ্ঞানিক চিন্তাভাবনা ছেলেদের চেয়ে কম,Loading...
Derogation,এই মেয়েকে নতুন কিছু করতে দিলে ব্যর্থ হয়,Loading...
Derogation,এই বেডির ভবিষ্যৎ দেখে কষ্ট লাগে।,Loading...
Non Misogynistic,মাসির হাতের পায়েস মুখে লেগে থাকে,Loading...
Stereotype,মেয়েরা ব্র্যান্ডেড পোশাকের পেছনে বেশি অর্থ ব্যয় করে,Loading...
Sexual Harassment,মামণির বুক দুটো কদবেল ঝুলে যাওয়ার মতো,Loading...
Stereotype,কথা পেচানোয় মেয়েদের জুড়ি মেলা ভার।,Loading...
Stereotype,আসলে বিয়ের কথা উঠলে আজকালকার মেয়েরা বেশি দরকষাকষি করে।,Loading...
Derogation,ওই মহিলার ব্যবহার দেখলে পরিষ্কার বোঝা যায় কীভাবে বড় হয়েছে,Loading...
Non Misogynistic,মহিলা উকিলের যুক্তি আদালতে সবাইকে চুপ করিয়ে দিয়েছে,Loading...
Non Misogynistic,মেয়েদের প্রতি সম্মান ও সহমর্মিতার সমাজ গড়তে প্রতিটি মানুষের অবদান দরকার।,Loading...
Derogation,মেয়েটার ইতিহাস জানলে কোনো ভালো পরিবার মেনে নেবে না,No good family will accept the girl if they know her history.
Non Misogynistic,ভাবি পরিবারে নতুনত্ব নিয়ে এসেছেন,Loading...
Non Misogynistic,আন্টি চলে যাওয়ার পরেও মানুষ উনার কথা বলে,Loading...
Sexual Harassment,আগের মতো আর খাট কাঁপাতে পারছে না তাই সুর পরিবর্তন হয়েছে,Loading...
Derogation,"সৌন্দর্য আছে যতদিন ততদিন মার্কেটে চলতে পারবে, এর পর এই মেয়ে রে কেউ পাত্তা ও দিবে না",Loading...
Stereotype,মেয়েদের একা বেড়াতে যাওয়া ঠিক না,Loading...
Non Misogynistic,আপু নতুন আইডিয়ায় ভরপুর,Loading...
Derogation,এই মেয়ে পার্লারে যাওয়ার পরেও চেহারা একই থাকে,Loading...
Stereotype,"মেয়েরা গ্রুপে কলহ বাধায়, তাদের ছাড়া গ্রুপে শান্তি থাকে",Loading...
Non Misogynistic,মেয়েটা নিজের আর্থিক স্বাধীনতা অর্জন করেছেন,Loading...
Derogation,মেয়েটার ভেক ধরার দক্ষতা একমাত্র প্রতিভা তার,Loading...
Sexual Harassment,আপু ব্লাউজের পেছন ফেটে যাচ্ছে তো,Loading...
Derogation,মেয়েটার সাথে বেড়াতে গেলে মজা নষ্ট হয়।,Loading...
Stereotype,"যতই অস্বীকার করুক, রান্নায় হাত না লাগালে বাড়ির মানসম্মান থাকে না।",Loading...
Derogation,হাসিতেও মেয়ে মানুষকে দেখতে এত জঘন্য লাগে!,Loading...
Non Misogynistic,বোনটির কষ্টের সময় পাশে থাকার অভ্যাস চমৎকার,Loading...
Non Misogynistic,মেয়েটির পাটের পণ্য সমাজে গুরুত্বপূর্ণ,Loading...
Sexual Harassment,বেটি বিয়ে না করেও খেলা শেষ অনেক আগে,Loading...
Derogation,যতই মেকআপ করুক এই মেয়েকে সুন্দর করা মানুষের সাধ্যের বাইরে,Loading...
Derogation,মেয়েটার সাথে যা বলা হয় সেটা সঙ্গে সঙ্গে ছড়িয়ে যায়।,Loading...
Stereotype,মেয়েরা অনলাইনে এসে একটু বেশি অ্যাটেনশন চায়,Loading...
Derogation,এই মেয়ে বিভিন্ন ছেলের সাথে ঘুরে এখন ভালো ছেলে চায়?,Loading...
Non Misogynistic,আপু তোমার এই অভ্যাসগুলো নিজের জীবনে আনার চেষ্টা করছি,Loading...
Sexual Harassment,এই সুন্দরী বিয়ের আগে কতজনের সাথে খাটে গিয়েছিলে?,Loading...
Non Misogynistic,মেয়েদের অধিকার ও কর্তব্যের ভারসাম্য থাকা দরকার,Loading...
Sexual Harassment,এই মেয়ে এক নাম্বার পতিতালয় সদস্য,Loading...
Non Misogynistic,মহিলা কথাসাহিত্যিকটির গল্পে মানুষের আবেগ ও বাস্তবতা অসাধারণভাবে উঠে আসে।,Loading...
Stereotype,"পাবলিক স্পিকিংয়ে কণ্ঠ কাঁপাকাঁপি মেয়েদের জন্মগত, স্বীকার করুক বা না করুক।",Loading...
Non Misogynistic,আপুর ভাষাজ্ঞান চমৎকার,Loading...
Stereotype,একা চলাফেরা মেয়েদের জন্য অশোভন।,Loading...
Non Misogynistic,মেয়েটার পরামর্শ মূল্যবান,Loading...
Derogation,এই মহিলার কথা বললে মনে হয় মাইক্রোফোন ছাড়াই হলে শোনা যাবে,Loading...
Stereotype,গভীর সমস্যা সমাধানে মেয়েদের ধৈর্য কম।,Loading...
Non Misogynistic,মেয়েটি প্রতিনিয়ত নিজেকে উন্নত করার চেষ্টা করে,Loading...
Stereotype,"ডাক্তারি পড়িয়ে কী হবে, ঘরের কাজ শিখাও কাজে দিবে",Loading...
Stereotype,সুন্দর না হলে আজকাল কেউ মেয়েদের পাত্তা দেয় না,Loading...
Derogation,থার্ড ক্লাস মহিলা একটা,Loading...
Derogation,এই বেহায়া মহিলার কি কোনো আত্মসম্মান নেই?,Loading...
Stereotype,মেয়েরা রাজনৈতিক বক্তৃতা দিলে হাস্যরস মনে হয়,Loading...
Non Misogynistic,মেয়েটা নিজে কষ্টে থেকেও অন্যকে সাহায্য করে,Loading...
Non Misogynistic,"মেয়েরা যেকোনো পেশায় পুরুষের সমান দক্ষতা রাখে, পার্থক্য শুধু সুযোগের।",Loading...
Derogation,মেয়েটার কাজের ধরন দেখলে মনে হয় হাতে দিয়েছিল না পায়ে,Loading...
Derogation,মেয়েটা কে দেখতে পুরা আলুর বস্তার মতো লাগতেছে,Loading...
Sexual Harassment,সামনের এবং পিছনের দিকটা একটু জুম করে দেখান আপু,Loading...
Stereotype,মেয়ে হয়ে একা একটা বাসায় গেলে এমনই হয়,Loading...
Sexual Harassment,তিন রাতের জন্য ফি কতো?,Loading...
Stereotype,মেয়েরা বেশি স্বাধীনতা পেলে বিপথে যায়,Loading...
Non Misogynistic,মেয়েটা ভুল করলে লুকায় না সরাসরি বলে,Loading...
Non Misogynistic,ঘর তো ভালোই সাজিইয়েছেন আপু,Loading...
Sexual Harassment,ম্যাডাম আর কত জামাই কে দেখাবা? আমরা ও তো লাইন এ আছি,Loading...
Non Misogynistic,মেয়েটির সাজে শালীনতা স্পষ্ট,Loading...
Non Misogynistic,দিদির ইতিবাচক চিন্তা পরিবেশ বদলে দেয়,Loading...
Derogation,মেয়েটাকে দেখলে মনে হয় পরিবর্তন মানতে পারে না,Loading...
Non Misogynistic,বোনটির পোলাও অতিথিদের প্রশংসা পায়,Loading...
Non Misogynistic,"মেয়েটার হাসিটা উজ্জ্বল আর অনেক সুন্দর, মায়া লাগে",Loading...
Derogation,এই মহিলার কমেডি ভিডিও দেখে কেউ হাসে না।,Loading...
Derogation,এই মহিলার চুলের তেল দেখলে মনে হয় মাথায় ঢালা হয়েছে।,Loading...
Stereotype,"অভিজ্ঞতা বলে, বাড়ির গিন্নি হিসেবে যতটা মানায়, কর্পোরেট অফিসে ততটা না।",Loading...
Non Misogynistic,"ক্লাসে সবচেয়ে কঠিন প্রশ্নের উত্তর মেয়েটা দিল, শিক্ষক অবাক হয়ে গেলেন।",Loading...
Derogation,টেরা মেয়ে নাকি আবার নায়িকা !,Loading...
Non Misogynistic,ওরা অনেক সময় নিয়ে সাজে,Loading...
Non Misogynistic,"মেয়ে একবার না বলেছে মানে না, জোর করলে কাজ হবে না",Loading...
Stereotype,বেশি ঘুমালে মেয়েরা অলস হয়ে যায়,Loading...
Non Misogynistic,আপুর কণ্ঠে এক অপূর্ব কোমলতা,Loading...
Non Misogynistic,"তার একটা গুণ, সে সবার সাথে কীভাবে যেন মিশে যায়।",Loading...
Stereotype,"দেখুন, প্রতিষ্ঠান চালানোর মতো ঠাণ্ডা মাথা মেয়েদের থাকে না।",Loading...
Derogation,এই গরমে মুখে আটা ময়দা আর কতো মাখবা সুন্দরী?,Loading...
Stereotype,"মেয়েদের ফান্ডিং পাওয়াটা মেধার কারণে না, অন্য কারণে",Loading...
Non Misogynistic,মেয়েটার বাবার প্রতি বেশি টান থাকে,Loading...
Stereotype,মেয়েরা বাইরে কাজ করতে পারে কিন্তু ঘরের দায়িত্ব ছাড়া যাবে না,Loading...
Non Misogynistic,মহিলা পরিচালকটি প্রতিষ্ঠানে সুষম ও ন্যায়সংগত পরিবেশ তৈরি করেছেন।,Loading...
Non Misogynistic,"সে একা সিদ্ধান্ত নেয়, পরে অন্যদের জানায়।",Loading...
Stereotype,"ছেলেরা চাপের নিচে বড় হয়, আর মেয়েরা চাপ এলে ভেঙে পড়ে।",Loading...
Stereotype,মহিলাদের কণ্ঠস্বর যত ছোট তত মানানসই,Loading...
Stereotype,একা অ্যাপার্টমেন্ট কেনা মেয়েদের অহংকার ছেলেদের তাড়িয়ে দেয়।,Loading...
Non Misogynistic,দিদির রেসিপি সবাই অনুসরণ করে,Loading...
Non Misogynistic,সব মেয়ে যদি বোন হয় তাহলে বউ হবে কে?,Loading...
Stereotype,"মেয়েরা যদি কাঁদে তাহলে দুর্বল, না কাঁদলে পাষাণ",Loading...
Derogation,মেয়েটার কর্মনিষ্ঠা দেখলে হাসি আসে।,Loading...
Stereotype,মেয়েরা মহাকাশ গবেষণায় গেলেও পেছনে কারো সহায়তা থাকে,Loading...
Derogation,খুব তাড়াতাড়ি মেয়েটার জনপ্রিয়তা শেষ হয়ে যাবে ওর বয়স দিন দিন বাড়তেছে সৌন্দর্য নষ্ট হয়ে যাচ্ছে,Loading...
Derogation,মেয়েটার কাজের গতি এত ধীর যে মনে হয় ঘুমের মধ্যে করছে।,Loading...
Non Misogynistic,বোনটির নেতৃত্বে কর্মপরিবেশ ইতিবাচক,Loading...
Derogation,এই মেয়ের পরিচয় দিতে গেলে ওর নিজের পরিবার ইতস্তত করে,"When it comes to introducing this girl, her own family hesitates."
Non Misogynistic,মেয়েটা ফোনে কথা বলতে বেশি স্বাচ্ছন্দ্য বোধ করে,Loading...
Stereotype,রান্না না জানা মেয়েরা সংসারে গেলে স্বামীর মুখে হাসি থাকে না,Loading...
Derogation,এই মহিলার গান শুনলে কান বন্ধ করতে ইচ্ছে করে,Loading...
Non Misogynistic,মেয়েটার বাবা সবসময় বলেছেন শিক্ষা একমাত্র সম্পদ যা কেউ নিতে পারবে না।,Loading...
Non Misogynistic,মেয়েটার পড়াশোনার পদ্ধতি অসাধারণ,Loading...
Stereotype,ঘরের কাজ কাকে বলে সেটা মেয়েদের জানা থাকা লাজমি,Loading...
Stereotype,মেয়েরা বয়স লুকানোর চেষ্টা করে কারণ বয়স বাড়লে দাম কমে,Loading...
Non Misogynistic,দিদির পড়াশোনার শৃঙ্খলা অনুপ্রেরণাদায়ক,Loading...
Derogation,এই মেয়ের অন্ধ অনুকরণ দেখলে বিরক্ত লাগে,Loading...
Derogation,হাসির কি ছিরি দেখলেই ঘৃনা লাগে,Loading...
Non Misogynistic,একটি মেয়েকে সমান সুযোগ দেওয়া মানে তার পরিবার ও সমাজ উভয়কেই উপহার দেওয়া।,Loading...
Non Misogynistic,নারী মানবাধিকার কর্মী নিপীড়িতদের পাশে দাঁড়ান,Loading...
Non Misogynistic,আজকে মেয়েটার মুড অনেক ভালো মনে হচ্ছে,Loading...
Stereotype,মেয়েরা দায়িত্ব নিতে পিছুপা হয় পুরুষের উপর চাপিয়ে দেয়,Loading...
Non Misogynistic,মহিলা স্প্রিন্টার সেকেন্ডের ভগ্নাংশে রেকর্ড গড়েন,Loading...
Non Misogynistic,সিনেমার পরিচালক মহিলা মানুষ ব্যাপারটা ইন্টারেস্টিং।,Loading...
Stereotype,এখনকার মেয়েদের উচিত যেকোনো অভিযোগের আগে চুপ থাকা।,Loading...
Sexual Harassment,এই মাগির লিচু দেখে চোখ সরাতে পারছি না,Loading...
Non Misogynistic,মেয়েটার হস্তশিল্পে ঐতিহ্য ও আধুনিকতার মিশ্রণ দেখা যায়।,Loading...
Non Misogynistic,আপু সাধারণ পোশাকেও আকর্ষণীয়,Loading...
Sexual Harassment,সারাদিন রাত খেয়ে ও শেষ না হওয়া জিনিস আপনি.,Loading...
Sexual Harassment,"উপস্থাপিকার ক্যারিয়ার মানে শরীর দেখানো, এটাই সত্য",Loading...
Non Misogynistic,মেয়েটার প্রতিদিনের ছোট কাজগুলো মিলে বড় পরিবর্তন তৈরি করছে।,Loading...
Non Misogynistic,আপুর বিজ্ঞাপন চিত্রে অসাধারণ অভিনয়,Loading...
Non Misogynistic,মেয়েটার সামাজিক দায়িত্ববোধ তাকে সমাজের একটি অপরিহার্য অংশ করে তুলেছে।,Loading...
Non Misogynistic,মহিলা সেনাপতির নেতৃত্বে সেনাদল মিশন সফলভাবে সম্পন্ন করেছে।,Loading...
Non Misogynistic,ভাবির রান্না অসাধারণ,Loading...
Non Misogynistic,নারীর স্বাস্থ্য সচেতনতা বাড়ানো প্রয়োজন,Loading...
Sexual Harassment,এই আপুর দুধগুলো এর ওজনে এক দিন রেলিং পড়ে যাবে,Loading...
Derogation,এই বেডির স্বপ্ন আছে কিন্তু পরিশ্রম নেই।,Loading...
Stereotype,"যতই অস্বীকার করুক, বিদেশি ক্লায়েন্ট সামলানোর জন্য মেয়েদের পাঠালে কাজ হারাতে হয়।",Loading...
Derogation,এই মেয়ে বুড়ো বয়েসে এসেও এতো উত্তাপ ছড়াচ্ছে!,Loading...
Derogation,মেয়েটার সংলাপ বলার স্টাইল দেখলে মনে হয় মুখে আঠা লেগে আছে,Loading...
Derogation,মেয়েটার গ্রোথ মাইন্ডসেট নেই বলেই এগিয়ে যেতে পারছে না।,Loading...
Sexual Harassment,ওর পিঠটা দেখা যাচ্ছে । দেখতে পুরা খেলার মাঠের মত,Loading...
Sexual Harassment,পেন্টটা খুলে রাখলেই হয়,Loading...
Non Misogynistic,আপু পরিবারে সম্প্রীতির বাতাবরণ তৈরি করেন,Loading...
Stereotype,"অভিজ্ঞতা বলে, টিকটক-রিল বানানো মেয়েদের সংসার করার উপযোগী মনে করা যায় না।",Loading...
Stereotype,মেয়েরা সিরিয়াস হয়ে গেম খেলতে পারে না,Loading...
Non Misogynistic,মেয়েটার আত্মসম্মান ও আত্মবিশ্বাস তার জীবনের সবচেয়ে মূল্যবান সম্পদ।,Loading...
Stereotype,"অভিজ্ঞতা বলে, স্বাধীনচেতা মেয়েরা কখনোই বিএ পাস হতে হতে বিয়ের বয়স পেরিয়ে যায়, যুগ যুগ ধরে চলে আসছে।",Loading...
Non Misogynistic,মেয়েটা নিজের উদ্যোগে কর্মক্ষেত্রে একটি দক্ষতা উন্নয়ন কর্মসূচি শুরু করেছে।,Loading...
Derogation,সব দেখানোর ইচ্ছা থাকলে আর শাড়ী পড়ার দরকার কি নটীর মেয়ে?,Loading...
Non Misogynistic,মেয়েটার কাজের মান ও মনোভাব তাকে সবার কাছে অনুকরণীয় করেছে।,Loading...
Sexual Harassment,মেয়েটা তো একজন মাতারি পাড়ার সবাই জানে,Loading...
Non Misogynistic,উনার সাথে একবার কথা হলে মনে হয় বহুদিনের চেনা,Loading...
Non Misogynistic,বোনটির হাতের পায়েস স্বাদের শীর্ষে,Loading...
Derogation,এই মহিলাকে দায়িত্ব দিলে পরে নিজেই পস্তাতে হয়,Loading...
Non Misogynistic,মহিলা শিক্ষকটি শিক্ষার্থীদের মধ্যে বিজ্ঞানমনস্কতা তৈরিতে অসাধারণ ভূমিকা রাখছেন।,Loading...
Stereotype,"মেয়েরা প্রোগ্রামিং বোঝে না, জোর করে শিখলেও কাজে লাগে না",Loading...
Stereotype,অফিসের গ্রুপে মেয়েদের ঢুকতে দিলে দ্বন্দ্ব শুরু হয়।,Loading...
Non Misogynistic,কাকিমার প্রতিদিনের যত্ন পরিবারকে সুস্থ রাখে,Loading...
Non Misogynistic,মহিলা পরিবেশমন্ত্রীটি দেশের সবুজায়নে যুগান্তকারী নীতি প্রণয়ন করেছেন।,Loading...
Sexual Harassment,"এই মাগি, ১০ লাখ দিচ্ছি, একটা রাত কাটিয়ে যাও",Loading...
Sexual Harassment,শাড়ি পরে কী হবে আসল নজর তো শরীর এর উপর যায়,Loading...
Non Misogynistic,প্রতিটি মেয়ে তার নিজস্ব শক্তি ও সম্ভাবনার মালিক।,Loading...
Stereotype,ঘরের কাজ ফাঁকি দিয়ে মেয়েরা অফিসে গেলে দুটোই অধূরা থাকে,Loading...
Stereotype,"যতই অস্বীকার করুক, মেয়েরা কঠিন প্রজেক্ট পেলে সহকর্মী ছেলের ঘাড়ে চাপায়।",Loading...
Non Misogynistic,"এই মেয়ে শোনো,নিজের চেহারাটা আয়নায় দেখেছো কখনও? এতো সুন্দর তুমি",Loading...
Non Misogynistic,বোনটির পরামর্শে অনেক সিদ্ধান্ত সহজ হয়েছে,Loading...
Sexual Harassment,ফলন ভালো হয়েছে শরীরের এখনই বিদেশে রপ্তানি করার সময়,Loading...
Non Misogynistic,বোনটি কুটির শিল্পকে আধুনিক রূপ দিয়েছেন,Loading...
Stereotype,"প্রশাসনিক দক্ষতা মেয়েদের জন্য আসলে শেখানো ব্যাপার, সহজাত না।",Loading...
Sexual Harassment,"এই মহিলার ফিগার খেলার মাঠের মতো, একদম কড়া",Loading...
Derogation,এই মেয়ের শরীরের সব জায়গায় ফর্সা আছে তো?,Loading...
Non Misogynistic,দিদির সমস্যা সমাধানের ক্ষমতা প্রশংসনীয়,Loading...
Sexual Harassment,আবাসিকের মালগুলো সব একসাথে হইছে,Loading...
Non Misogynistic,মেয়েটা অন্যকে সাহায্য করতে পেছনে তাকায় না,The girl doesn't look back to help others.
Derogation,মেয়েটাকে দেখলে মনে হয় একটু রোদ পেলে আরো সংকুচিত হয়ে যাবে,Loading...
Stereotype,"বউয়ের জোরে যে বাড়ি চলে, সে বাড়িতে বরকত থাকে না — এটাই সত্য।",Loading...
Non Misogynistic,মহিলা তথ্যপ্রযুক্তিবিদ মেশিন লার্নিং প্রজেক্টে দলকে এগিয়ে নিয়ে যাচ্ছেন।,Loading...
Non Misogynistic,"লিঙ্গ সমতার লড়াই শুধু নারীর নয়, সমগ্র মানবজাতির লড়াই।",Loading...
Non Misogynistic,মেয়েটা কারো সাহায্য না নিয়ে শিখে নিয়েছে নিজে নিজে,Loading...
Derogation,এই মহিলার চুল রং করে কিন্তু শেকড় দেখা যায়।,Loading...
Stereotype,মেয়েরা শিপ ক্যাপ্টেন হলে নাবিকরা আস্থা রাখে না,Loading...
Derogation,"এই মেয়ের মুখে যা আসে তাই বলে, ফিল্টার বলে কিছু নেই",Loading...
Stereotype," তরুণী মেয়েরা স্বামীর কথার উপর কথা বলা মানে সংসার নষ্ট করা, যুগ যুগ ধরে চলে আসছে।",Loading...
Non Misogynistic,দিদির ধৈর্য সবার অনুপ্রেরণা,Loading...
Non Misogynistic,সিম্পলের মধ্য জাস্ট অসাধারন লাগছে নায়িকাটাকে,Loading...
Non Misogynistic,বোনটির জীবন সাহসের গল্প,Loading...
Stereotype,নারী রাজনৈতিক নেতা মানে পরিবারের মাথায় হাত ,Loading...
Non Misogynistic,"মেয়েটা বিদেশি বিশ্ববিদ্যালয়ে সুযোগ পেয়েছে, পরিশ্রমের পুরস্কার।",Loading...
Derogation,এই মহিলার সংকীর্ণ মনোভাব সমস্যার কারণ,Loading...
Non Misogynistic,মেয়েটা নিজের আবেগকে বুদ্ধির সাথে মেলান,Loading...
Derogation,এই মহিলার অভিনয় দেখলে কান্না পায় না হাসি পায়,Loading...
Non Misogynistic,মেয়েরা পরিবারে ভালোবাসার সেতু তৈরি করেন,Loading...
Sexual Harassment,"মামণি ওড়না ছাড়া বের হও কেন, পুরুষের চোখ নষ্ট করতে?",Loading...
Stereotype,"মেয়েদের মেডিকেলে পড়ানো উচিত না, অর্ধেক পড়েই বিয়ে করে",Loading...
Non Misogynistic,"মেয়েটার স্বাধীনতা মানে দায়িত্বহীনতা নয়, বরং আরও বেশি দায়িত্বশীলতা।",Loading...
Sexual Harassment,আপু টা কী অফিসে যাচ্ছে নাকি রুম ডেট?,Loading...
Derogation,মেয়েটা এত ইন্ট্রোভার্ট যে কারো সাথে সম্পর্ক রাখতে পারে না।,Loading...
Non Misogynistic,আপুর ধারণাগুলো বাস্তবসম্মত এবং কার্যকর,Loading...
Non Misogynistic,মহিলা শিল্পীর হাতের কারিগরি ঐতিহ্যবাহী শিল্পকে আধুনিক রূপ দিচ্ছে।,Loading...
Sexual Harassment,"শোনো আপুটা, আমার কথা না শুনলে ইজ্জত নষ্ট করে ছাড়ব",Loading...
Stereotype,"অভিজ্ঞতা বলে, যত ডিগ্রি, তত অহংকার, সংসারে তত অশান্তি ",Loading...
Non Misogynistic,মেয়েদের মেধা ও পরিশ্রমকে স্বীকৃতি দেওয়া ন্যায্যতার দাবি।,Loading...
Sexual Harassment,"আরেকজন লোক দরকার ছিল সাথে আপুটার কাপড়টা টেনে খুলার জন্য, আসবো নাকি আপু?",Loading...
Non Misogynistic,মেয়েটা কাউকে ছোট করে কথা বলে না,Loading...
Non Misogynistic,মহিলা চিকিৎসক রোগীকে আশ্বস্ত করতে জানেন,Loading...
Stereotype,মেয়েরা বাজারে দরদাম করতে পারে না ঠকে যায়,Loading...
Sexual Harassment,বেশি মানুষ টিপেছে বলেই আজ এত বড়,Loading...
Derogation,অকালে পেকে গেলে মেয়েরা এই রকমই হয়,Loading...
Derogation,এই মেয়েটার সাজসজ্জা দেখলে প্রশ্ন আসে পার্লারে যায় না কেন,Loading...
Stereotype,"অভিজ্ঞতা বলে, ইএমআই-লোনের হিসাব মেয়েদের মাথায় ঢোকে না, যুগ যুগ ধরে চলে আসছে।",Loading...
Derogation,মেয়েটা সাঁতার শিখতে গেছিলো কিন্তু ভাসতেও পারে না।,Loading...
Derogation,মেয়েটার মাথায় কাপড় আছে কিন্তু চরিত্রে নেই,Loading...
Stereotype,মেয়েদের সফলতা ভাগ্য বা পরিচয়ের ফল,Loading...
Stereotype,সত্যি বলতে একা থাকা মেয়েদের সমাজ কখনোই ভালো চোখে দেখে না — এই কথাটা কখনোই পুরোনো হবে না।,Loading...
Derogation,এই মহিলার ড্রেস আপ সেন্স এত বাজে,Loading...
Derogation,এই মহিলা সবসময় ভিকটিম কার্ড খেলে।,Loading...
Non Misogynistic,আপুর কথা বলার সময় চোখে আলো জ্বলে ওঠে,Loading...
Derogation,এই মহিলাকে দেখে বোঝার উপায় নেই দশ জনের মারা খাওয়া বেডি,Loading...
Non Misogynistic,বোনটির কথাকলি নাচ অভিনয় দক্ষতা দেখায়,Loading...
Non Misogynistic,মেয়েটার সাফল্যের পেছনের গল্প অনুপ্রেরণাদায়ক,Loading...
Stereotype,উচ্চকণ্ঠী মেয়েদের স্বভাব নষ্ট,Loading...
Non Misogynistic,মহিলা পরিচালকটি প্রতিষ্ঠানকে ঘুরিয়ে দাঁড় করিয়েছেন।,Loading...
Sexual Harassment,"মেয়েটা খেলনার মতো মাল, কোলে বসিয়ে খেলতে হবে",Loading...
Derogation,এই বেডি বন্ধুকেও বিপদে ফেলতে দ্বিধা করে না।,Loading...
Derogation,এই মেয়ে কথা বললেই মনে হয় ঝগড়া লাগছে,Loading...
Non Misogynistic,মেয়েটার সংগ্রামী মানসিকতা তাকে কঠিন পরিস্থিতিতেও স্থির রাখে।,Loading...
Sexual Harassment,"মেয়েটাকে খাট কাঁপাতে চাই, রেট কত বলো",Loading...
Non Misogynistic,মেয়েটার প্রতিটি অর্জনের পেছনে অদৃশ্য পরিশ্রম ও ত্যাগ আছে।,Loading...
Sexual Harassment,তোমার নাভির ভাজটা সেই,Loading...
Non Misogynistic,মেয়েটা কাউকে না জানিয়ে অনেক ভালো কাজ করে যায়,The girl does a lot of good things without telling anyone.
Sexual Harassment,"শাড়িতে তো সেই লাগছে আপু তোমাকে, তুমি একটা জিনিস পুরাই হট মাল",Loading...
Non Misogynistic,মেয়েটা সঠিক সিদ্ধান্ত নিতে দক্ষ,Loading...
Non Misogynistic,যোগ্যতা থাকলে পোশাক ছোট লাগেনা অভিনেত্রি হওয়ার জন্য,Loading...
Derogation,মেয়েটার কাজের সাফল্য দেখলে বোঝা যায় অন্য কেউ করে দিয়েছে।,Loading...
Derogation,ভিউ ব্যাবসার জন্য আসছে ।পরে দেখবেন নাইকা হয়ে যাবে।,Loading...
Stereotype,মেয়েরা চাকরিতে প্রমোশন পেলে মেধার চেয়ে সম্পর্কের জোর বেশি থাকে,Loading...
Stereotype,মেয়েরা নিজেদের সংসারী না বানালে বৃদ্ধ বয়সে একা পড়বে,Loading...
Derogation,এই মহিলা মেকআপের তলায় আসল চেহারা লুকিয়ে রেখেছে,Loading...
Non Misogynistic,মেয়েটার খেলার কৌশল দলকে জয়ের পথে নিয়ে গেছে।,Loading...
Derogation,এই মহিলার যোগাযোগ দক্ষতা দেখলে অবাক হতে হয়,Loading...
Derogation,তুমি এত মেকআপ করো কিন্তু চেহারার উন্নতি হয় না।,Loading...
Stereotype,মেয়েরা বেশি বাইরে থাকলে চরিত্র নিয়ে কথা ওঠেই — এটাই সত্য।,Loading...
Non Misogynistic,আপুর পরামর্শ ছাড়া কাজটা এগোতো না।,Loading...
Non Misogynistic,মেয়েটার বাদ্যযন্ত্রে দক্ষতা শ্রোতাদের মুগ্ধ করে।,Loading...
Stereotype,"মেয়েরা সিরিয়াস আলোচনা হ্যান্ডেল করতে পারে না, তারা ইনস্ট্যান্ট সেটাকে পার্সোনালি নিয়ে ফেলে",Loading...
Non Misogynistic,পরিবারে মেয়েটার সিদ্ধান্তকে সম্মান করা মানে তাকে মানুষ হিসেবে স্বীকৃতি দেওয়া।,Loading...
Sexual Harassment,এই আপুর স্লিভলেস ব্লাউজ দেখে বুঝলাম শরীর দেখানোই উদ্দেশ্য,Loading...
Non Misogynistic,মেয়েটার ক্লাস উপস্থাপনা সবাইকে মুগ্ধ করে,Loading...
Non Misogynistic,মেয়েটার সংগীত প্রতিভা ছোটবেলা থেকেই স্পষ্ট ছিল।,Loading...
Stereotype,মেয়েরা নিজের স্বার্থের জন্য সব কিছু করতে পারে?,Loading...
Stereotype,"দেখুন, কর্মজীবী নারীরা প্রায়শই রিলেশনশিপে সামান্য দূরত্বে নিরাপত্তাহীনতায় ভোগে, এটা মানতেই হবে।",Loading...
Derogation,এই মেয়ে মানুষের সাথে যা করে সেটা দেখলে অবাক হতে হয়,Loading...
Non Misogynistic,মেয়েটার মানবিক গুণাবলী ও পেশাদার দক্ষতার মিশ্রণ তাকে অনন্য করেছে।,Loading...
Non Misogynistic,বোনটির শিক্ষাদানের পদ্ধতি কার্যকর,Loading...
Sexual Harassment,মাত্র ৩২ বছরে বয়সেই বহু লিঙ্গের স্পর্শ,Loading...
Stereotype,মেয়েদের ক্রিকেট দেখার চেয়ে পুরুষদের ক্রিকেট দেখা ভালো,Loading...
Non Misogynistic,"একজন মা যখন নিজে শিক্ষিত ও সচেতন, তখন তার সন্তানরা আরও শক্তিশালী হয়।",Loading...
Non Misogynistic,মেয়েটা ক্লাসে সবচেয়ে কম কথা বলে কিন্তু বললে কাজের কথা বলে,Loading...
Derogation,এই মহিলার সামাজিক আচরণ দেখলে লজ্জা লাগে,Loading...
Sexual Harassment,আপুটি ওড়না সরিয়ে নাচলে দর্শক খুশি হতো,Loading...
Non Misogynistic,"তার লেখা অনেক সুন্দর, আমি দেখলেই চিনতে পারি।",Loading...
Derogation,এই মেয়ের আচরণে মনে হয় সে একাই পৃথিবীতে বিশেষ কেউ,Loading...
Non Misogynistic,মেয়েটার অদম্য মনোভাব ও অধ্যবসায় তার সবচেয়ে বড় শক্তি।,Loading...
Stereotype,মেয়েরা একটা বিষয় নিয়ে অনেকক্ষণ মন খারাপ করে থাকে,Loading...
Non Misogynistic,দিদি নিজেকে সময় দিতে দ্বিধা করেন না,Loading...
Non Misogynistic,দিদির আত্মবিশ্বাস অনুপ্রেরণা যোগায়,Loading...
Stereotype,মেয়েদের শরীরের ওজন বাড়লে সমাজ কথা বলে,Loading...
Non Misogynistic,দিদির হাতে গড়া প্রতিষ্ঠান অনেক মেয়ের আশ্রয়,Loading...
Non Misogynistic,মেয়েটার প্রতিটি পদক্ষেপে একটি অনুপ্রেরণার গল্প লুকিয়ে আছে।,Loading...
Non Misogynistic,"মেয়েটা কোনো বিষয়ে আপোষ করেনি, এটা সহজ কথা না",Loading...
Non Misogynistic,মেয়েটার উদার মনোভাব তাকে সবার প্রিয় করে তুলেছে।,Loading...
Derogation,"এই মহিলা সবকিছুতেই সমস্যা দেখে, সমাধান দেখে না।",Loading...
Derogation,এই বেডি নিজের সুবিধার জন্য সবকিছু করে।,Loading...
Non Misogynistic,আপুর হাতের সন্দেশ চমৎকার,Loading...
Sexual Harassment,তোমার মধ্যে আছে কি যে তোমারে করবো?,Loading...
Non Misogynistic,বোনটির রুচি বুদ্ধিমত্তার সাথে মিলিত,Loading...
Non Misogynistic,দিদির সাহস পরিবারকে গর্বিত করেছে,Loading...
Sexual Harassment,ভাবিকে মানুষের হাতে ছেড়ে দিলে সাইজ ২৮ থেকে ৩৮ হয়ে যাবে এক রাতেই,Loading...
Sexual Harassment,তুই আসলে একটা মাগি,Loading...
Non Misogynistic,"মেয়েটাকে সেই ছোট্ট থেকে দেখে আসতেছি, একটু একটু করে আজ সে কত দূরে এসে গেছে।",Loading...
Derogation,এই মহিলা মনোযোগ পেতে সবকিছু করতে পারে।,Loading...
Derogation,এই মাগির চামচামি করাই হলো পেশা,Loading...
Non Misogynistic,"মেয়েটা নিজেকে সক্ষম প্রমাণ করার জন্য নয়, নিজের জন্য কাজ করে।",Loading...
Stereotype,খারাপ চরিত্রের মানুষিকতার মেয়েরা আমাদের দেশের আবর্জনা,Loading...
Non Misogynistic,মেয়েটার ছোট ছোট জিনিসে খুশি হয়ে যাওয়া ব্যাপারটা দেখতে ভালো লাগে।,Loading...
Non Misogynistic,মেয়েটার ধৈর্য সত্যিই অনেক বেশি,Loading...
Non Misogynistic,মেয়েরা রাতে বাইরে থাকতে স্বাচ্ছন্দ্য বোধ করে না,Loading...
Sexual Harassment,তুমি তো খাটের রানী,Loading...
Sexual Harassment,মেয়েটাকে দেখে মনে হচ্ছে ওর যৌন হরমোন বেশি হয়ে গেছে,Loading...
Stereotype,"মেয়েদের সংসার সামলানোই আসল কাজ, বাইরে ছোটাছুটির কী দরকার",Loading...
Derogation,এই বেডি একটু মনোযোগ না পেলে নাটক শুরু করে।,Loading...
Non Misogynistic,মেয়েদের জীবনের প্রতিটি বিষয়ে নিজের মত প্রকাশের স্বাধীনতা থাকা উচিত।,Loading...
Stereotype,মেয়েদের চাকরি করা মানে সন্তানের ভবিষ্যৎ অন্ধকার,Loading...
Sexual Harassment,"আপু এতটুকু কাপড়ের কী দরকার, কাপড়টা একটু খুলে দেখাও আমরাও দেখি",Loading...
Sexual Harassment,"উপস্থাপিকা হট মাল, রাতের জন্য পারফেক্ট ফিট",Loading...
Sexual Harassment,"বেটির যৌবনে ধাক্কা দিয়েছে মনে হয়, এমন করছে কেন",Loading...
Sexual Harassment,"এই খাট কাপানো নায়িকা, আবার নতুন কাস্টমার খুঁজছে",Loading...
Non Misogynistic,মেয়েদের প্রতি শ্রদ্ধাশীল সমাজই একটি সত্যিকার সভ্য সমাজ।,Loading...
Non Misogynistic,মেয়েটার পরিবার তাকে যা সিদ্ধান্ত নেয় তাতে পাশে থাকে।,Loading...
Derogation,এই মহিলার ক্যারিয়ার টিকবে না কারণ প্রতিভা বলে কিছুই নেই,Loading...
Non Misogynistic,মেয়েরা গাড়ি ভালোই চালায়। যত ঝামেলা হয় পার্কিং এর সময়,Loading...
Non Misogynistic,বোনটির অভিধান জ্ঞান বিশাল,Loading...
Derogation,মেয়েটাকে কোনো কিছু শিখিয়ে লাভ হবে না,Loading...
Non Misogynistic,মেয়েদের অবদান অনেক সময় যথাযথ মূল্যায়ন পায় না,Women's contributions often go unappreciated
Sexual Harassment,আপু এখন নিজেকে বিদেশে রপ্তানি করার জন্য খোলামেলা ভাবে আসছে,Loading...
Derogation,এই মেয়ে কথা দিয়ে রাখে না,Loading...
Non Misogynistic,মহিলা নাট্যকারটির নতুন নাটকটি সমালোচকদের প্রশংসা পেয়েছে।,Loading...
Non Misogynistic,মেয়েটা তার মায়ের সাহস থেকে শক্তি নিয়েছে।,Loading...
Non Misogynistic,মহিলা সংগীতশিল্পীর কণ্ঠ মন ছুঁয়ে যায়,Loading...
Derogation,মেয়েটার মানসিকতা এত নীচু যে অন্যের কষ্টে আনন্দ পায়।,Loading...
Non Misogynistic,মেয়েটা কোনো অন্যায়ের বিরুদ্ধে কথা বললে সেটাকে সমর্থন করা দরকার।,Loading...
Sexual Harassment,"মেয়েটা কড়া মাল, করতে সেই মজা পাওয়া যাবে",Loading...
Non Misogynistic,মেয়েটার ব্যক্তিগত ও পেশাদার বিকাশ তাকে একজন পূর্ণাঙ্গ মানুষ করে তুলছে।,Loading...
Sexual Harassment,ভাবির গর্তে মধু ঢেলে চেটে খেতে চাই,Loading...
Stereotype,মেয়েরা পাইলট হলে বিমান চালাতে ভুল করে,Girls make mistakes when they become pilots
Derogation,মেয়েটার ক্যাপশন দেখলে মনে হয় বাংলা ভাষা সঠিকভাবে লিখতে পারে না।,Loading...
Stereotype,বাইরের রাজ্যে চাকরি করতে যাওয়া মেয়েদের পরিবার চিন্তায় ডুবে।,Loading...
Stereotype,মেয়েরা ঝুঁকিপূর্ণ কাজের জন্য উপযুক্ত না,Loading...
Derogation,"মেয়েটার চুলের অবস্থা দেখে মনে হয় কাকের বাসা, নোংরা",Loading...
Non Misogynistic,মহিলা প্রশাসক দক্ষভাবে দপ্তর পরিচালনা করেন,Loading...
Non Misogynistic,বোনটি অন্ধ মানুষকে রাস্তা পার করিয়েছেন,Loading...
Stereotype,মেয়েরা নিজেদের রাগ ধরে রাখতে পারে না,Loading...
Sexual Harassment,পা দুটো ঘাড়ে নিয়ে তোমার সাথে করতে সেই মজা লাগবে,Loading...
Stereotype,মেয়েরা তাদের অশ্লীল পোশাক পড়ার কারনেই আজকে দেশের এই বাজে অবস্থা,Loading...
Derogation,মেয়েটার একাডেমিক রেজাল্ট ভালো কিন্তু প্র্যাকটিক্যাল জ্ঞান শূন্য।,Loading...
Non Misogynistic,মেয়েটার পরিশ্রম ও সাহসিকতা দুটোই উচ্চ মানের,Loading...
Derogation,মেয়েটার মাথার ভেতরে মস্তিষ্কের পরিবর্তে তুলো ভরা মনে হচ্ছে।,Loading...
Stereotype,টিম লিড হিসেবে মেয়েরা মেম্বারদের শক্ত হাতে রাখতে পারে না।,Loading...
Stereotype,"মেয়েরা ইমোশনের বশে ক্যারিয়ার সিদ্ধান্ত নেয়, পরে পস্তায়",Loading...
Sexual Harassment,এই নায়িকা গায়ে কাপড় না পরলে আরো বেশি ভাইরাল হতে,Loading...
Non Misogynistic,আপুটার ভালো ধৈর্য আছে,Loading...
Non Misogynistic,"মেয়েটা নিজের কাজে সর্বোচ্চ মনোযোগ দেয়, তাই ফলাফলও সর্বোচ্চ হয়।",Loading...
Stereotype,মেয়েদের জন্য কোটা রেখে যোগ্য ছেলেদের সুযোগ কেড়ে নেওয়া হচ্ছে,Loading...
Non Misogynistic,মেয়েটার নেতৃত্বে দলের ঐক্য বাড়ে,Loading...
Non Misogynistic,তুমি যা লিখেছ সেটা পড়ে মনে হলো এর চেয়ে সহজ উপায়ে আর কেউ বুঝাতে পারবে না,Loading...
Non Misogynistic,মেয়েটার পিএইচডি গবেষণাটা কৃষিক্ষেত্রে নতুন সম্ভাবনা খুলে দিতে পারে।,Loading...
Non Misogynistic,আপু আপনি অনেক পরিশ্রমী ও মেধাবী,Loading...
Non Misogynistic,মেয়েটি ক্ষুধার্ত মানুষকে নিজের প্লেটটাও দিতে পারেন,Loading...
Sexual Harassment,"সফল চামড়ার ব্যবসায়ী তুমি, নিজের ঢোল তো নিজেই বাজাবে",Loading...
Sexual Harassment,"মামণি ওড়না ছাড়াই এসেছ যখন, বাকিটাও খুলে ফেলো, আমরাও একটু মজা পেতাম",Loading...
Sexual Harassment,"এই বুড়ি আমার সাথে রুম ডেট করো, কেউ জানবে না",Loading...
Stereotype,বেশিরভাগ মেয়ের উচিত নিজের ক্যারিয়ারের চেয়ে স্বামীর ক্যারিয়ারকে অগ্রাধিকার দেওয়া।,Loading...
Derogation,মেয়েটার পেটের চর্বি দেখে মনে হচ্ছে তিনি আলাদাভাবে বহন করছেন,Loading...
Stereotype,"বলে রাখি, মেয়েদের আবেগ এতই বেশি যে অফিস-আদালত কোথাও স্থির থাকতে পারে না, যুগ যুগ ধরে চলে আসছে।",Loading...
Derogation,মেয়েটার রূপের যেমন ঝাঁজ শরীর ও তেমন আগুন,Loading...
Non Misogynistic,আমি মনে করি মেয়েটি খারাপ কিছু বলেনাই,Loading...
Sexual Harassment,নর্তকীর নাচ আসলে দুধ নাড়ানোর প্রতিযোগিতা,Loading...
Non Misogynistic,"মেয়েটা খুব শান্ত স্বভাবের মানুষ, সবার সাথে তেজ দেখায় না",Loading...
Derogation,মেয়েটাকে তর্কে হারানো সহজ কারণ কোনো যুক্তি জানে না,Loading...
Stereotype,"এটাই বাস্তবতা , হিংসা-পরশ্রীকাতরতা মেয়েদের রক্তে।",Loading...
Non Misogynistic,মেয়েরা পরিবারের ভেতর আনন্দের উৎস,Loading...
Stereotype,সংসারের ছোট ছোট কাজগুলোই আসলে মেয়েদের প্রকৃত পরিচয়।,Loading...
Derogation,তুই হচ্ছিস রাস্তার মহিলা,Loading...
Sexual Harassment,"এই আপুকে বিছানায় নিয়ে যেতে চাই, গাড়ি কেনার টাকা দিতে রাজি আছি",Loading...
Sexual Harassment,"মেয়েটার মধ্যে এত রস, সেই জিনিস দশ বছরে কেউ খেয়ে শেষ করতে পারবে না",Loading...
Non Misogynistic,দোয়া করি মেয়েটি যেন স্বামী সংসার নিয়ে সুখী দাম্পত্য জীবন যাপন করে,Loading...
Sexual Harassment,তুই একটা খাট কাপানো নায়িকা,Loading...
Sexual Harassment,"মেয়েটির আপেল এত বড় কীভাবে, কতজন টিপেছে?",Loading...
Non Misogynistic,"মেয়েটা নিজের আবেগকে পরিচালিত করে, আবেগ তাকে পরিচালনা করে না।","A girl controls her emotions, emotions don't control her."
Sexual Harassment,এই মাগি এমন জিনিস পরে বাইরে আইসোস কেন? আবার বলোস উপর থেকে ভিডিও নিয়েন না। তোর তো কাপড়ের নিছ থেকে ভিডিও নেওয়া দরকার।,Loading...
Stereotype,ধনী পরিবারের মেয়েরা সাধারণত আরামপ্রিয় হয়,Loading...
Non Misogynistic,বোনটি পরিস্থিতি কঠিন হলেও হাল ছাড়েন না,Loading...
Stereotype,"পড়াশোনার চেয়ে রান্নাবান্না শিখলে জীবন কাজে লাগবে, তা না হলে সমাজ চলে কীভাবে?",Loading...
Non Misogynistic,মেয়েটা একা ভ্রমণ করার সাহস রাখেন,Loading...
Non Misogynistic,মেয়েটা টিম হিসেবে ভালোই কাজ করে,Loading...
Derogation,এই মহিলার শরীরের এই দশা দেখে বোঝা যায় কোনো পরিচর্যা নেই।,Loading...
Non Misogynistic,নারী ফুটবলারদের প্রতিভা এখন অস্বীকার করার উপায় নেই,Loading...
Derogation,মেয়েটাকে টয়লেট টিস্যু এর মতো ইউজ করে ফেলে দেওয়া উচিত,Loading...
Non Misogynistic,মেয়েটি কথা কম বললেও কাজে অনেক,Loading...
Non Misogynistic,মহিলাটি কাজে নিষ্ঠাবান,Loading...
Non Misogynistic,নারী ভলিবল খেলোয়াড়রা টিমওয়ার্কের চমৎকার নজির স্থাপন করেছেন,Loading...
Stereotype,মেয়েরা অ্যাডমিনিস্ট্রেটর হলে ফাইল জমে যায়,Loading...
Non Misogynistic,মেয়েটার কণ্ঠস্বরে আত্মবিশ্বাস ফুটে ওঠে,Loading...
Non Misogynistic,বোনটি পরিত্যক্ত শিশুদের আশ্রয় দিয়েছেন,Loading...
Derogation,যেই না চেহারা নাম রাখছে পেয়ারা । মেয়েটার চেহারা দেখলেই তো বমি আসে,Loading...
Derogation,এই মেয়ের অহংকারই ওর পতনের মূল,Loading...
Derogation,এই মহিলা জন্ম গতো খারাপ মহিলা,Loading...
Derogation,মেয়েটাকে পুরাই নিগ্রোদের মত লাগছে,Loading...
Derogation,"বালের একটা নাচ শিখছে এই নায়িকা, যেইখানে যায় ওইখানেই এই বাল ছাড়া কিছু পারে না",Loading...
Stereotype,সংসারের হিসাব না জানলে ওই মেয়ে বউ হিসেবে ব্যর্থ,Loading...
Non Misogynistic,মেয়েদের নিরাপত্তা নিশ্চিত করা সমাজের দায়িত্ব,Loading...
Derogation,"তোর মতো মেয়ের কোনো আত্মোপলব্ধি নেই, তাই উন্নতিও নেই",Loading...
Derogation,চেহারায় সুন্দরী কিন্তু কথায় অনেক ন্যাকামি,Loading...
Derogation,এই মেয়ের থেকে সফলতা আশা করা মুশকিল,Loading...
Stereotype,"তরুণী মেয়েদের কণ্ঠস্বর বাইরে যত নিচু, ব্যক্তিত্ব তত উঁচু।",Loading...
Stereotype,মেয়েরা অভিমান করে নিজের ক্ষতি করে,Loading...
Non Misogynistic,আপুটির একাগ্রতা দেখে ভালো লাগলো,Loading...
Derogation,মেয়েটার কমপ্লেক্সন দেখলে সানস্ক্রিনের কথা মনে পড়ে,Loading...
Stereotype,সত্যি বলতে উচ্চশিক্ষিত মেয়েরা স্বামীকে নিচু চোখে দেখে।,Loading...
Derogation,এই বেডির বলিরেখা দেখলে মনে হয় মানচিত্র।,Loading...
Non Misogynistic,মেয়েটা বিশ্ববিদ্যালয়ের ছাত্র সংসদ নির্বাচনে দাঁড়িয়ে নেতৃত্বের অভিজ্ঞতা নিচ্ছে।,Loading...
Sexual Harassment,"মামণি সিক্রেট লিংক চাই, ৩০ মিনিটের ভিডিও",Loading...
Non Misogynistic,"ও খুব পরিশ্রমী মেয়ে, নিজের যোগ্যতায় আজ এই জায়গায় এসেছে",Loading...
Non Misogynistic,মেয়েটা নিজের পরিচয় ও মূল্যবোধ সম্পর্কে স্পষ্ট এবং সে সেটা ধরে রাখে।,Loading...
Sexual Harassment,এই আপু খাট ভাঙবো তোমার সাথে দাম কত তোমার?,Loading...
Non Misogynistic,কাকিমার যত্নে অসুস্থ ভাইপোও দ্রুত সুস্থ হয়,Loading...
Derogation,ওরে দেখলে ভয় পাই আলিফ লায়লার জিন চলে আসছে ভেবে,Loading...
Non Misogynistic,নারীর প্রতি সহিংসতা সম্পূর্ণ অগ্রহণযোগ্য,Loading...
Derogation,এই বেডির জীবনে নাটক কখনো শেষ হয় না।,Loading...
Non Misogynistic,নারীর প্রতি সংঘটিত অপরাধের দ্রুত বিচার হওয়া উচিত,Loading...
Stereotype,টাকা হলেই কিছু মেয়ে বিক্রি হয়ে যায়,Loading...
Stereotype,"ছেলেদের গ্রুপে মেয়েরা থাকলে ড্রামা হবেই, এটাই স্বাভাবিক",Loading...
Non Misogynistic,দিদি বাবা-মার দেখাশোনার দায়িত্ব নিয়েছেন,Loading...
Non Misogynistic,মহিলা কৃষিবিদটি কৃষকদের নতুন প্রযুক্তি শেখাতে মাঠে নেমেছেন।,Loading...
Non Misogynistic,মেয়েটার সামাজিক উদ্যোগ স্থানীয় পর্যায়ে বড় পরিবর্তন আনছে।,Loading...
Non Misogynistic,"মেয়েটা ব্যর্থতাকে শেষ কথা মনে করে না, বরং এগিয়ে যাওয়ার উপায় খোঁজে।",Loading...
Stereotype,মেয়েরা রূপের গর্বে অন্যকে ছোট দেখে,Loading...
Stereotype,মেয়েমানুষের প্রতিযোগিতার মঞ্চ সংসারের চার দেয়াল।,Loading...
Non Misogynistic,নারী পরিসংখ্যানবিদ ডাটার পেছনের গল্প বের করে আনেন,Loading...
Stereotype,রান্না না পারা মেয়েকে বিয়ে দেওয়া মানে ছেলেটার জীবন নষ্ট করা,Loading...
Non Misogynistic,মেয়েটার কণ্ঠে একটা প্রশান্তি আছে,Loading...
Non Misogynistic,মেয়েটার উদ্ভাবনী চিন্তা কাজে নতুন দিক খুলে দেয়।,Loading...
Sexual Harassment,"এই বুড়ির মিসাইল এর বিজ্ঞাপন দিচ্ছ, রেট কী?",Loading...
Non Misogynistic,নারী ভিজ্যুয়াল আর্টিস্টের সৃষ্টিতে অন্যরকম গল্প আছে,Loading...
Stereotype,"স্বাধীনতা মেয়েদের জন্য নিরাপদ না, সবাই জানে, এটা মানতেই হবে।",Loading...
Derogation,এই মেয়েটা কথা বলার সময় অন্যকে বলতেই দেয় না,Loading...
Non Misogynistic,মেয়েটা নিজের দায়িত্ব এড়িয়ে যাওয়ার মানুষ না,Loading...
Non Misogynistic,প্রতিটি মেয়ে তার নিজের মূল্য নিজেই নির্ধারণ করার ক্ষমতা রাখে।,Loading...
Stereotype,সমাজে এত অশান্তির পেছনে মেয়েদের লাগামছাড়া স্বাধীনতা দায়ী — এটাই সমাজ,Loading...
Stereotype,"নেতৃত্বের পদ ছেলেদের জন্যই বানানো, মেয়েদের না।",Loading...
Sexual Harassment,"তুমি খাটে অভিনয় পারবে, আমি শিওর",Loading...
Non Misogynistic,দিদির পশুপ্রেম সমাজের জন্য অনুপ্রেরণা,Loading...
Stereotype,মেয়েরা স্কুটি চালালে সমাজের লোক ভ্রু কোঁচকায়।,Loading...
Non Misogynistic,আপু সবার চাহিদার দিকে নজর রেখেও নিজেরটা ভোলেন না,Loading...
Derogation,এই মেয়ে অন্যের কাজে নাক গলায় কিন্তু নিজের কাজ করে না,Loading...
Non Misogynistic,মেয়েটার পরিশ্রম জীবনের প্রতিটি স্তরে প্রতিফলিত হয়,Loading...
Non Misogynistic,"মেয়েটা নিজের আয় নিজে পরিচালনা করে, সম্পূর্ণ দায়িত্বশীলভাবে।",Loading...
Stereotype,"মেয়েরা কিছুই তো পারে না, এরা নাকি আবার জাতির ভবিষ্যৎ",Loading...
Derogation,এই মেয়েকে দেখলে মনে হয় বাহিরে কখনও বের ই হয় নাই এমন ভাব করে,Loading...
Non Misogynistic,মেয়েটির কথা বিশ্বাসযোগ্য,Loading...
Stereotype,কয়েকজন মেয়ে দল বেঁধে আছে মানে কাউকে নিয়ে গসিপ হচ্ছে,Loading...
Non Misogynistic,মেয়েটা কমিটির চেয়ারপার্সন হিসেবে সবার মতামত শুনে সিদ্ধান্ত নেয়।,Loading...
Derogation,এই মেয়ের মতো গণ্ডারের সাথে কাজ করা একদম অসম্ভব,Loading...
Non Misogynistic,মেয়েটার আত্মবিশ্বাস তাকে সবচেয়ে কঠিন পরিস্থিতিতেও শক্তি দেয়।,Loading...
Stereotype,ঘাড়ের বউ যদি বাড়ির বাকিদের না খাইয়ে নিজে খায় সেটা সংসারের জন্য অশুভ।,Loading...
Non Misogynistic,মেয়েটার গবেষণার মান উচ্চমাত্রার,Loading...
Stereotype,মেয়েরা শ্বশুরবাড়িতে নতুন নিয়ম আনলে পরিবারে ঝামেলা হয়,Loading...
Non Misogynistic,আপুর ব্যবসার ধারণাটা বেশ সৃজনশীল লাগলো,Loading...
Derogation,এই মহিলার ত্বক দেখলে মনে হয় ক্লান্ত একটা মানুষ,Loading...
Non Misogynistic,মেয়েটার নেতৃত্ব অন্যদের মধ্যেও নেতৃত্বের গুণ তৈরি করছে।,Loading...
Non Misogynistic,মহিলা সামাজিক কর্মীটির প্রচেষ্টায় এলাকার মেয়েদের বাল্যবিবাহ উল্লেখযোগ্যভাবে কমেছে।,Loading...
Stereotype,মেয়েরা যদি একা বিদেশ যায় তাহলে পরিবারের মানহানি হয়,Loading...
Stereotype,মেয়েরা চলচ্চিত্র পরিচালনায় ছেলেদের মতো সাহসী দৃষ্টিভঙ্গি রাখতে পারে না,Loading...
Non Misogynistic,মেয়েটির বাগান করার দক্ষতা চমৎকার,Loading...
Non Misogynistic,মেয়েটার স্বাধীন সত্তা তাকে অনন্য করে তুলেছে।,Loading...
Sexual Harassment,"সুন্দরী বেশি কথা বলো না, লিংক সবার ইনবক্সে পাঠাব","Don't talk too much, beautiful, I'll send the link to everyone's inbox."
Derogation,এই মহিলার পরিবার কোন পর্যায়ের সেটা দেখলেই বোঝা যায়,Loading...
Sexual Harassment,মহিলাকে টেনে কাপড় খুলে দিলে কেউ কিছু বলত না,Loading...
Stereotype,মেয়েরা ছোটখাটো বিষয় নিয়ে অনেক বেশি মাথা ঘামায়,Loading...
Derogation,তোর মতো মেয়ে প্রজেক্টে থাকলে ডেডলাইন মিস হওয়া নিশ্চিত।,"If a girl like you is on a project, the deadline is sure to be missed."
Stereotype,মেয়েরা সামাজিক আন্দোলনে নেতৃত্ব দিতে পারে না,Loading...
Non Misogynistic,মেয়েটি সাজে নিজেকে অযথা সাজান না,Loading...
Sexual Harassment,ব্লাউজের নকশা দেখে মনে হচ্ছে দৃষ্টি আকর্ষণ করাই প্রধান উদ্দেশ্য।,Loading...
Sexual Harassment,"আমার কাছে ৭ ইঞ্ছি আছে ৪০ মিনিট খেতে পারবে, খাবে আপু?","I have 7 inches, can I eat it in 40 minutes, sister?"
Stereotype,মেয়েদের ইন্টেলেকচুয়াল ধৈর্য কম,Loading...
Sexual Harassment,মেয়েটার কোমরের গঠন টা চেটে খেতে চাই,Loading...
Stereotype,মেয়ে মানুষষের জামাইয়ের ওপরে আবার কিসের কথা?,Loading...
Non Misogynistic,মহিলা লেখিকা সমাজের অজানা গল্প তুলে এনেছেন,Loading...
Non Misogynistic,মেয়েটি সঙ্কটে শান্ত থাকার শিক্ষা দেন,Loading...
Stereotype,"যতই অস্বীকার করুক, মেয়েদের আবার কীসের রাজনীতি, ঘরের রাজনীতিই তো সামলাতে পারে না।",Loading...
Non Misogynistic,শিক্ষকতায় মেয়েটার উদ্ভাবনী পদ্ধতি দেখে শিক্ষার্থীরা উৎসাহিত হচ্ছে।,Loading...
Sexual Harassment,এই নায়িকা বিয়ের আগেই খেলে আসছে অনেকজনের সাথে,Loading...
Non Misogynistic,মেয়েটা রাত জেগে কাজ করে সকালে আবার সময়মতো আসে,Loading...
Stereotype,রাত করে বাড়ি ফেরা মেয়েদের চরিত্র নিয়ে প্রশ্ন তোলাটাই স্বাভাবিক,Loading...
Non Misogynistic,মেয়েটার কর্মজীবনে উন্নতির গল্প তার সহকর্মীদের অনুপ্রাণিত করেছে।,Loading...
Derogation,মেয়েটার এমন ভাব দেখলে মনে হয় সে ছাড়া পৃথিবীতে কেউ নেই,"When you see a girl like this, it feels like there's no one else in the world but her."
Stereotype,বিধবা নারী বিয়ে করলে সমাজের লোক তো কথা বলবেই,Loading...
Non Misogynistic,দাদির গল্পের ভেতরে জীবনের পাঠ লুকিয়ে থাকে,Loading...
Derogation,এই মহিলার জীবন দিকহীন নৌকার মতো,Loading...
Stereotype,বেশি খেলে শ্বশুরবাড়ির অন্ন ধ্বংস করবে,Loading...
Non Misogynistic,মেয়েদের সম্মতি ছাড়া কোনো সিদ্ধান্ত নেওয়া উচিত নয়,Loading...
Non Misogynistic,মেয়েটার সামাজিক দায়িত্ববোধ তাকে একজন সত্যিকারের পরিবর্তনকর্মী করে তুলেছে।,Loading...
Stereotype,"যতই অস্বীকার করুক, মহিলা ব্যাঙ্কারের সিদ্ধান্তে বড় ঋণ আটকে যায়।",Loading...
Sexual Harassment,এই মাগির পাহাড় ঝুলে গেছে বুড়ির মতো,Loading...
Derogation,এই মেয়েকে দেখলে মনে হয় প্রগতির আলো পৌঁছায়নি,Loading...
Stereotype,"মেয়েদের নলেজ ডেপথ কম, সারফেস লেভেলে থাকে",Loading...
Stereotype,মেয়েরা দেরি করে বাড়ি ফিরলে চরিত্রে দাগ পড়েই যায়।,"When girls return home late, their character is tarnished."
Non Misogynistic,"মেয়েটা কঠিন পরিস্থিতিতে নিজেকে সামলে নিয়েছে, মানসিক শক্তির প্রমাণ।",Loading...
Sexual Harassment,বিছানায় সঙ্গী হিসেবে তোমার রেট কত এখন?,Loading...
Derogation,পর্দা করে মিডিয়ায় আসার কি দরকার?,Is it necessary to come to the media through a screen?
Derogation,"এই মহিলার গায়ের রঙ যত ঢাকার চেষ্টা করুক, কয়লা কয়লাই থাকে",Loading...
Sexual Harassment,"সুন্দরী অভিনয়ে না, খাটে অভিনয় ভালো পারে",Loading...
Sexual Harassment,তোকে যে ভোগ করতে পারবে সে অনেক যৌন সুখ পাবে,Loading...
Non Misogynistic,মেয়েটার অধ্যবসায় সফলতার মূল চাবিকাঠি,Loading...
Non Misogynistic,মহিলা স্বাস্থ্যকর্মীটি দুর্গম এলাকায় প্রাথমিক স্বাস্থ্যসেবা পৌঁছে দিচ্ছেন।,Loading...
Non Misogynistic,তোমার পাশে আমি আছি এগিয়ে যাও,Loading...
Sexual Harassment,বুড়ির সোনার দাম মাত্র ৫০ টাকা?,Loading...
Non Misogynistic,এই আপুর চিন্তাভাবনা অন্যদের থেকে একটু আলাদা,Loading...
Stereotype,মেয়েরা শ্বশুরবাড়ির কথা মান্য না করলে সংসার ভাঙাটা সময়ের ব্যাপার।,Loading...
Derogation,এই মেয়েটার কণ্ঠস্বর শুনলে বাচ্চারা ভয়ে কাঁদে,Loading...
Stereotype,মেয়েদের একমাত্র পরিচয় তার শরীর,Loading...
Stereotype,"নষ্টা ভ্রষ্টা লজ্জাহীন অসভ্য মহিলা গুলো দেশটাকে ধ্বংস করে দিবে। দেশে এখন লেংটা চুংটার প্রতিযোগিতা চলছে, যে যত বেশি লেংটা চুংটা হবে তত বেশি এওয়ার্ড পাবে।",Loading...
Sexual Harassment,মেয়েটাকে দেখলেই বুঝা যায় খাওয়া মাল,Loading...
Derogation,এই মহিলার ভুঁড়ি দেখে মনে হয় পেটের ভেতরে গুদামঘর আছে,Loading...
Non Misogynistic,"মেয়েটা টাকা ধার নেয় না, নিলে সময়মতো ফেরত দেয়",Loading...
Derogation,এই মহিলার কোন ইজ্জত নাই,Loading...
Sexual Harassment,আসলে বড় দুধের ঝাকোনি অনেক ভালো লাগে,Loading...
Derogation,এই মেয়ে বয়সে ছোট কিন্তু লোভে বড় মানুষকেও হারায়,Loading...
Non Misogynistic,বোনটির কর্মদক্ষতা সমাজে নজির,Loading...
Non Misogynistic,মেয়েটার প্রতিটা কাজে একটা নিজস্ব ছাপ আছে,Loading...
Non Misogynistic,মেয়েদের প্রতি সম্মান ও সহযোগিতা একটি সুস্থ সমাজের মূলভিত্তি।,Loading...
Non Misogynistic,এই মেয়েটির উপস্থিতিতে সবাই স্বাচ্ছন্দ্যবোধ করে,Loading...
Sexual Harassment,খাটে ঘাম ঝরানো সফল নারী ব্যবসায়ী তুমি,Loading...
Derogation,তোমার কণ্ঠস্বর শুনলে মনে হয় মাইক্রোফোনটা কষ্ট পাচ্ছে।,Loading...
Stereotype,"বাজেট মেনে চলার অভ্যাস মেয়েদের গড়ে ওঠে না, তা না হলে সমাজ চলে কীভাবে?",Loading...
Derogation,এই বেডি চাকরিতে ঢুকেছে কিন্তু প্রফেশনাল ইথিক্স জানে না।,Loading...
Derogation,মেয়েটা অনেক প্রতিভাবান । পতিতালয়ের সব কাজ করতে পারবে।,Loading...
Non Misogynistic,সে কারো সামনে নিজ থেকে ছোট হয় না।,Loading...
Non Misogynistic,বোনটির স্বেচ্ছাসেবী কার্যক্রম দেশজুড়ে স্বীকৃতি পেয়েছে,Loading...
Derogation,এই মহিলার সাথে বন্ধুত্ব করলে সাবধান থাকতে হয়।,Loading...
Stereotype,অন্যের ঘর অপরিষ্কার থাকলে সম্পূর্ণ দায়িত্ব ওই ঘরের মেয়ের,Loading...
Sexual Harassment,বেটির পিছন বিক্রি করলে রেট বলো,Loading...
Stereotype,মেয়েরা সিরিয়াস বিতর্কে টিকতে পারে না,Loading...
Non Misogynistic,মেয়েটার কৃতিত্বে আমরা সবাই খুশি।,Loading...
Sexual Harassment,"বৌদি, বিকাশে দামি গিফট পাঠাচ্ছি, এক রাতের ডিল কনফার্ম?",Loading...
Stereotype,মেয়ে মানুষ বেশি ঘুমায় মানে সে অলস,Loading...
Derogation,এই মেয়ের পেশাদারিত্ব সম্পর্কে কথা বলা অর্থহীন,Loading...
Stereotype,"যে মেয়ে চুল খোলা রেখে চলে, সে নিজের বিপদ ডাকে।",Loading...
Sexual Harassment,এই বুড়ি অনুষ্ঠানে এসে শরীর বিক্রির বিজ্ঞাপন দিচ্ছে,Loading...
Derogation,এই মহিলা টাকার গন্ধ পেলে লেজ নাড়তে থাকে,Loading...
Derogation,ভাসুর এর সাথে আগেই সম্পর্ক ছিল তাই মনে হয় জামাই টাকে মারছে,Loading...
Non Misogynistic,"মেয়েটার গবেষণা প্রবন্ধটি আন্তর্জাতিক জার্নালে প্রকাশিত হয়েছে, অভিনন্দন।",Loading...
Stereotype,"সত্যি বলতে মেয়েদের কথা সমাজ কখনো গুরুত্ব দিয়ে শোনে না, তা না হলে সমাজ চলে কীভাবে?",Loading...
Non Misogynistic,মেয়েটার সাহস আছে,Loading...
Derogation,মেয়েটার প্র্যাকটিক্যাল স্কিলের অভাব দেখলে মাস্টার্স ডিগ্রিতে হাসি আসে।,Loading...
Derogation,এই মহিলা শাড়ি পরতে জানে না কিন্তু পরে ভাব দেখায়।,Loading...
Non Misogynistic,মেয়েটার টিমওয়ার্কের দক্ষতা তাকে দলের অপরিহার্য অংশ করে তুলেছে।,Loading...
Stereotype,মেয়েরা স্বভাবতই ভীতু হয়,Loading...
Non Misogynistic,মেয়েটার কথা বিশ্বাসযোগ্য,Loading...
Sexual Harassment,বৌদির নাভি নাড়াতে নাড়াতে ক্যামেরা আউট হয়ে যাচ্ছে,Loading...
Derogation,এই বেডির কমান্ড শুনলে কেউ মানতে চায় না।,Loading...
Stereotype,কঠিন আর্থিক সিদ্ধান্ত নিতে গেলে মেয়েরা পিছিয়ে আসে — এই কথাটা কখনোই পুরোনো হবে না।,Loading...
Sexual Harassment,"মামুনির চামড়া বুড়ির মতো হয়ে গেছে, এখন কাকে দেখাচ্ছ",Loading...
Non Misogynistic,দিদির যুক্তিতে কোনো ত্রুটি থাকে না,Loading...
Non Misogynistic,মেয়েটার শাশুড়ি তাকে চাকরি করতে উৎসাহিত করেন।,Loading...
Non Misogynistic,মহিলা পরিবেশ সংগঠকটি তরুণ প্রজন্মকে পরিবেশ সংরক্ষণে সচেতন করছেন।,Loading...
Non Misogynistic,মহিলা শিক্ষিকার পড়ানোর কৌশল সত্যিই দারুণ,Loading...
Stereotype,মেয়েরা সুন্দর হলে অহংকারী হয়,Loading...
Stereotype,"মেয়েরা যেখানে যায়, সেখানে শুধু নিজের চেহারার কারণে সবার অ্যাটেনশন পায়",Loading...
Non Misogynistic,"মেয়েটার যেমন বাইরে অনেক অর্জন, ঘরেও সে সেরকমই পারদর্শী।",Loading...
Non Misogynistic,ভাবির হাতের রান্না বাড়ির আত্মা,Loading...
Stereotype,"যতই অস্বীকার করুক, মহিলাদের রাজনীতি বোঝার ক্ষমতা প্রায় অস্তিত্বহীন, স্বীকার করুক বা না করুক।",Loading...
Sexual Harassment,ছেরিডারে খাইয়া দিছে,Loading...
Derogation,"মেয়েটার ক্লাসে কোনো মনোযোগ নেই, তাই সবসময় ফেল করে।",Loading...
Derogation,মেয়েটাকে দেখে মনে হয় বিয়ের বাজারে দাম নেই,Loading...
Non Misogynistic,দিদির র‍্যাপ গান নতুন প্রজন্মকে আকৃষ্ট করছে,Loading...
Non Misogynistic,"মেয়েটা কারো ছত্রছায়ায় নয়, নিজের শক্তিতে দাঁড়িয়ে আছে।",Loading...
Non Misogynistic,দিদির হাতের পাটিসাপটা অসাধারণ,Loading...
Derogation,এই সব জামা পড়তে হয়না সোনা নজর লেগে যাবে তো,Loading...
Stereotype,মেয়েদের পরিচালিত হাসপাতাল চলে না,Loading...
Stereotype,"দেখো, কম্পিউটার সায়েন্সে মেয়েরা শুধু সংখ্যাতেই থাকে, কাজে না।","Look, in computer science, girls are only in numbers, not in practice."
Derogation,মেয়েটার হাল দেখলে মনে হয় নিজেই বিপদ ডেকে এনেছে,Loading...
Non Misogynistic,"মেয়েটার প্রতিটি কাজে একটা আন্তরিক প্রচেষ্টা থাকে, তাই ফলাফলও অসাধারণ হয়।",Loading...
Stereotype,মেয়েরা বাইরে রাত কাটালে পরিবার লজ্জায় মুখ লুকায়।,Loading...
Stereotype,অনুভূতি একটা তুচ্ছ জিনিস মেয়েদের কাছে,Loading...
Sexual Harassment,মন চায় লাগাইতে কিন্তু শরমে কইতে পারি না,Loading...
Derogation,মেয়েটাকে দেখলে মনে হয় সারাজীবন অন্যের উপর ঝুলে থাকবে,Loading...
Non Misogynistic,দিদি অর্থের চেয়ে মূল্যবোধকে গুরুত্ব দেন,Loading...
Sexual Harassment,"মেয়েটা সুগার মাম্মি না, সুগার মাগি",Loading...
Sexual Harassment,বেটির দুধগুলোতে কতজন যে মুখ দিচে দেখলেই বুজা যায়,Loading...
Stereotype,"যাদের কাপড়ের ঠিক নেই, তাদের কথার ঠিক থাকবে কীভাবে ",Loading...
Stereotype,বিবাহিত মেয়ে চাকরি করলে সংসার ভাঙে,Loading...
Non Misogynistic,মেয়েদের নিজের পায়ে দাঁড়ানো উচিত,Loading...
Stereotype,ছেলেদের সাথে মেলামেশা বেশি হলে মেয়েদের সতীত্ব প্রশ্নবিদ্ধ হয়,Loading...
Sexual Harassment,মেয়েটার মতো ওর মেয়ের মাও বেশ্যা,"Like the girl, her daughter's mother is also a prostitute."
Sexual Harassment,"এই মেয়ে একটা নষ্টা, লুচ্চা, বারোভাতারি ছাড়া কিছু না",Loading...
Non Misogynistic,দিদির ইতিহাস বিষয়ে আগ্রহ অসাধারণ,Loading...
Derogation,ইস মেয়েটার সাথে কথা বলা মানে অস্বস্তিতে পড়া,Loading...
Stereotype,মেয়েদের বিয়ের বয়সটা পেরিয়ে গেলে সমাজ নেতিবাচক দৃষ্টিতে দেখে,Loading...
Non Misogynistic,মেয়েটির আত্মবিশ্বাস সত্যিই দারুণ,Loading...
Non Misogynistic,একজন বোনের সাহায্য জীবন বদলে দিতে পারে,Loading...
Derogation,মেয়েটা ঠিক ই টিম লিড হয়েছেকিন্তু সবাই ওর পিছনে হাসে।,Loading...
Non Misogynistic,ঐ মহিলা ইঞ্জিনিয়ার ব্রিজটা ডিজাইন করেছেন শুনে অবাক হলাম,I was surprised to hear that the female engineer designed the bridge.
Stereotype,মেয়েরা অশালীন পোশাক পরলে সংস্কৃতি হারিয়ে যায়।,Loading...
Non Misogynistic,"নারীর মন পানির মতো তরল- যে পাত্রে রাখা যায়, সে পাত্রের আকার ও রঙ ধারণ করে! -",Loading...
Stereotype,মেয়েরা পার্সোনাল লাইফ আর প্রফেশনাল লাইফ এক করে ফেলে,Loading...
Derogation,"মেয়েটার মতো বউ হলে ঘরে থাকা যায় না, ব্যবহার পুরা জল্লাদের মতো",Loading...
Non Misogynistic,মেয়েটার মিষ্টি বানানোর হাত দারুণ,Loading...
Sexual Harassment,উপস্থাপিকাকে ধরে প্রেগনেন্ট বানিয়ে দিলে শিক্ষা হতো,Loading...
Non Misogynistic,নারীর সমতা নিশ্চিত করা মানবিক মূল্যবোধের সর্বোচ্চ প্রকাশ।,Loading...
Derogation,মেয়েটার ঠোঁট এত মোটা যে কথা বলতে গেলে আলাদা জায়গা লাগে।,Loading...
Stereotype,"বাড়ির বড় মেয়েকে তাড়াতাড়ি বিয়ে দিতে হয়, এটাই স্বাভাবিক",Loading...
Sexual Harassment,"মেয়েটি দেখতে পাবলিক খাবার, খেলে আরো মজা",Loading...
Non Misogynistic,আপুর সাজসজ্জা পেশাদার ও মার্জিত,Loading...
Sexual Harassment,"মহিলা রুমে আসো, ৫০০ টাকা দেব এক ঘণ্টার জন্য",Loading...
Non Misogynistic,মেয়েটার প্রতিটি অর্জন একটি নতুন সম্ভাবনার দরজা খুলে দিয়েছে।,Loading...
Stereotype,"দেখো, লজিকাল প্রশ্নে মেয়েরা পথ হারিয়ে অপ্রাসঙ্গিক উত্তর দেয়।",Loading...
Non Misogynistic,মেয়েটার সিদ্ধান্ত নেওয়ার ক্ষমতা প্রশংসনীয়,Loading...
Stereotype,"ছেলেরা বাইরে সংগ্রাম করে, আর মেয়েরা ঘরে বসে অভিযোগ করে।",Loading...
Non Misogynistic,মেয়েটার পরিধানে আভিজাত্য ফুটে ওঠে,Loading...
Stereotype,সাইটে গিয়ে কাজ করা প্রকৌশল পড়া মেয়েদের জন্য কষ্টকর,Loading...
Non Misogynistic,মেয়েটার নেতৃত্বে প্রকল্পটি নির্ধারিত সময়ের আগেই সম্পন্ন হয়েছে।,Loading...
Non Misogynistic,মেয়েটি দলের আত্মবিশ্বাস বাড়িয়ে দেন,Loading...
Stereotype,"বলে রাখি, মেয়েদের সবচেয়ে বড় ভূষণ হলো স্বামীর প্রতি বিনয় — এটাই বাস্তব।",Loading...
Non Misogynistic,আপু তোমার পেইন্টিংটা দেখে ঘরে রাখতে ইচ্ছে করছে,Loading...
Derogation,এই মহিলার আলোচনা এত অগোছালো যে বিষয়টা বোঝা যায় না।,This woman's discussion is so disorganized that it is incomprehensible.
Non Misogynistic,মেয়েটা মা হওয়ার পরও ক্যারিয়ারে সমান মনোযোগ দিচ্ছে।,Loading...
Stereotype,বাড়িতে মেহমান এলে মেয়েরাই রান্না করবে এটাই স্বাভাবিক,Loading...
Stereotype,টিকটকে রিল বানানো মেয়েদের চরিত্র সম্পর্কে নতুন করে বলার কিছু নেই।,Loading...
Non Misogynistic,মেয়েটার সৃজনশীলতা দেখে বোঝা যায় সে সমাজকে গভীরভাবে পর্যবেক্ষণ করে।,Loading...
Stereotype,মেয়ে মানুষের বুদ্ধি হাটুর নিচে থাকে,Loading...
Sexual Harassment,তোর নগ্নতাতে মগ্ন হতে চাই,Loading...
Non Misogynistic,মেয়েটির সমালোচনাত্মক প্রবন্ধ চিন্তা জাগায়,Loading...
Non Misogynistic,আমি চাই তুমি সবার মুখোশ উম্মোচন করো,Loading...
Derogation,এই মহিলার জীবনপরিকল্পনা বলে কিছুই নেই,Loading...
Non Misogynistic,মেয়েটি ধৈর্য নিয়ে অন্যকে বোঝান,Loading...
Sexual Harassment,"শোনো বেটি, আমার কথা না শুনলে লিংক সবার ইনবক্সে পাঠাব",Loading...
Derogation,এই মেয়ে অন্যের ভালো দেখলে সহ্য করতে পারে না।,Loading...
Sexual Harassment,সরাসরি কাপড় খুইলা হাঁটলেই তো হয়,Loading...
Non Misogynistic,বোনটি মানসিক স্বাস্থ্য সচেতনতা বাড়াচ্ছেন,Loading...
Stereotype,অজানা শহরে একা পৌঁছানো মেয়েদের জন্য চাপের — এই কথাটা কখনোই পুরোনো হবে না।,Loading...
Non Misogynistic,দিদির রঙ ব্যবহারের ধরন একদম স্বতন্ত্র,Loading...
Non Misogynistic,মহিলা সাংবাদিকটি ঝুঁকিপূর্ণ এলাকায় গিয়ে সত্যিকারের প্রতিবেদন তৈরি করেছেন।,Loading...
Non Misogynistic,মেয়েটার আত্মবিশ্বাস তাকে অন্যদের কাছে অনুপ্রেরণার উৎস করে তুলেছে।,Loading...
Derogation,এই মহিলার সাথে থাকলে একসময় ঠকতে হবে।,Loading...
Non Misogynistic,মেয়েটার রুচির প্রসংশা না করে পারলামনা।,Loading...
Stereotype,মেয়েরা কারো ব্যাপারে একবার বিরুদ্ধে গেলে আর সহজে মানে না,Loading...
Derogation,বুড়ি বেডি আবার জোয়ান সাজে,Loading...
Stereotype,মেয়েরা ত্রিশের পর পাত্র পাওয়া কঠিন হয়ে যায়,Loading...
Derogation,এই বেডিরে মেথর ছাড়া কেউ বিয়ে করবে না,No one will marry in this bed except a scavenger.
Derogation,রাস্তায় ডান্ডা দিয়া বান্দর নাচায় না? ঠিক ওমন লাগছে এই ফালতু মহিলা রে,Loading...
Non Misogynistic,আপু নিজের অধিকার আদায়ে সচেতন,Loading...
Derogation,এই মহিলার সোশ্যাল স্কিল এত কম যে কোথাও গেলে বিব্রতকর।,Loading...
Non Misogynistic,মেয়েটার সামাজিক উদ্যোগ প্রমাণ করে সমাজ পরিবর্তনে নারীর ভূমিকা অপরিহার্য।,Loading...
Derogation,"এই বেডির কমনসেন্স নেই, শুধু বইয়ের জ্ঞান দিয়ে কাজ হয় না।",Loading...
Non Misogynistic,এই নায়িকার এখন আগের মতো জনপ্রিয়তা নেই,Loading...
Non Misogynistic,মেয়েটার বাবা তার পেশাদার পরিচয়কে পারিবারিক পরিচয়ের চেয়ে কম গুরুত্বপূর্ণ মনে করেন না।,Loading...
Sexual Harassment,তোর মতো মেয়েদের খেয়ে রাস্তায় ছেড়ে দেওয়া উচিত,Loading...
Non Misogynistic,প্রতিটি মেয়ের শারীরিক ও মানসিক নিরাপত্তা নিশ্চিত করা সমাজের সর্বোচ্চ দায়িত্ব।,Loading...
Non Misogynistic,প্রথমে আপনি নিজেকে পরিবর্তন করেন,Loading...
Non Misogynistic,মেয়েটি সমালোচনা গ্রহণ করেন উদারভাবে,Loading...
Non Misogynistic,"মহিলা ব্যারিস্টার আদালতে যে যুক্তি উপস্থাপন করেন, বিচারকরা মনোযোগ দিয়ে শোনেন।",Loading...
Sexual Harassment,দুইটার সাথে খেলতে পারলে মজা লাগতো,Loading...
Sexual Harassment,"আপুকে খাটে নিয়ে যেতে চাই, ৫০০ টাকা দিতে রাজি আছি",Loading...
Stereotype,মেয়েদের স্বভাব পেটে কথা পেলে রাতে ঘুম আসে না।,Loading...
Sexual Harassment,"এই মডেলের পাছা বিক্রি করলে দাম বলো, ইনবক্সে অপেক্ষা করছি",Loading...
Stereotype,যেসব মেয়েরা মডেলিং করে তাদের চরিত্রে সমস্যা আছে,Loading...
Sexual Harassment,এরকম নারীর মায়ারসে সিদ্ধ হতে চাই,Loading...
Stereotype,"বলে রাখি, বন্ধুত্বের সামান্য টানাপড়েন মেয়েদের জন্য ভূমিকম্প — এটাই সত্য।",Loading...
Non Misogynistic,দিদির পাথরের কাজ চমৎকার,Loading...
Sexual Harassment,সুন্দরীর শরীরে মধু ঢেলে চেটে খেতে চাই,Loading...
Derogation,এই মহিলার মূল্যবোধ কোথায় সেটা জানি না,Loading...
Derogation,এই বেডির চাপ সহ্য করার ক্ষমতা নেই।,Loading...
Non Misogynistic,মেয়েটা নিজের লক্ষ্যে স্থির থেকে প্রতিদিন একটু একটু এগিয়ে যাচ্ছে।,Loading...
Non Misogynistic,প্রতিটি মেয়ে তার নিজের মানসিক স্বাস্থ্যের যত্ন নেওয়ার অধিকার রাখে।,Loading...
Derogation,মেয়েটার ঘর গোছানোর স্টাইল দেখলে মনে হয় ঝড় বয়ে গেছে,Loading...
Non Misogynistic,আমি বিমোহিত আপনার লয়ালিটির বর্ণনা শুনে।,Loading...
Non Misogynistic,মেয়েটা কঠিন সময়ে মাথা ঠাণ্ডা রাখেন,Loading...
Derogation,মেয়েটার সাক্ষাৎকার দেখলে মনে হয় প্রশ্নের উত্তরই জানে না।,Loading...
Sexual Harassment,বুড়ি আইছে সাইজ দেখাইতে,Loading...
Non Misogynistic,নারী গ্রন্থাগারিক জ্ঞানের ভাণ্ডারকে সংরক্ষণ করেন,Loading...
Stereotype,বাইরে কাজ করা মেয়েদের বাচ্চারা বখে যায়,Loading...
Non Misogynistic,মেয়েটার সামগ্রিক ব্যক্তিত্ব তাকে একটি অনুপ্রেরণামূলক ব্যক্তিত্ব করে তুলেছে।,Loading...
Non Misogynistic,মহিলা স্থপতির ডিজাইন সবার নজর কেড়েছে,Loading...
Non Misogynistic,মেয়েটার দাদি তাকে পড়াশোনার জন্য জমানো টাকা দিয়েছেন।,Loading...
Non Misogynistic,মহিলা চিত্রপরিচালকটির দৃষ্টিভঙ্গি চলচ্চিত্রশিল্পে নতুন মাত্রা যোগ করছে।,Loading...
Sexual Harassment,"সুন্দরী মিউজিক ভিডিওতে নাচ না, সেক্সুয়াল সিডিউস করছে",Loading...
Stereotype,রাত করে একা ফেরা মেয়েদের নিরাপত্তা নিজের দায়।,Loading...
Non Misogynistic,মেয়েটার কাজের মধ্যে একটা নিজস্ব শৈলী আছে যা তাকে আলাদা করে রাখে।,Loading...
Derogation,মেয়েটার জীবনধারণ দেখলে মনে হয় বাঁচার কোনো উৎসাহ নেই।,Loading...
Derogation,মেয়েটাকে দেখলে মনে হয় সমস্যায় পড়লে কাঁদে,Loading...
Non Misogynistic,মেয়েদের বিরুদ্ধে অনলাইন হয়রানি প্রতিরোধে কঠোর পদক্ষেপ নেওয়া প্রয়োজন।,Loading...
Stereotype,মফস্বলের মেয়েরা অধিকাংশ সময় নেতা হিসেবে দাঁড়ালেও কেউ গুরুত্বের সঙ্গে নেয় না।,Loading...
Stereotype,মেয়েদের জিমে গিয়ে মাংসপেশি তৈরি করা মেয়েলি নয়,Loading...
Sexual Harassment,"এই আপুর যত বড় সাইজ, তত দাম বেশি",Loading...
Non Misogynistic,মেয়েটার আত্মসম্মানবোধ তাকে অন্যায় সহ্য করা থেকে বিরত রাখে।,Loading...
Derogation,মেয়েটার গানের গলা শুনলে মনে হয় বিড়াল ডাকছে।,Loading...
Derogation,এই মহিলার পোশাক পরার সেন্স একদম শূন্য,Loading...
Stereotype,হাইওয়েতে একা গাড়ি চালানো মেয়েদের ব্যাপারে সমাজের কথা থাকেই।,Loading...
Stereotype,একা ভ্রমণ করতে চাওয়া মেয়েদের পরিবার সম্পর্কে বোঝাপড়া কম (যদিও অনেকেই মানতে চাইবে না)।,Loading...
Stereotype,মেয়েদের চেহারা ঠিক না থাকলে যোগ্যতা থাকলেও ডাক মেলে না,Loading...
Non Misogynistic,নারী টিচার শিক্ষার্থীদের ভবিষ্যত গড়ে তুলছেন,Loading...
Derogation,মেয়েটার চামড়ার রঙ দেখে বোঝা যায় সারাজীবন রোদে পুড়েছে,Loading...
Non Misogynistic,আপুর হাসিতে এক অজানা শক্তি লুকিয়ে থাকে,Loading...
Derogation,এই মেয়ে মেকআপ আর্টিস্টের জন্য একটা চ্যালেঞ্জ,Loading...
Sexual Harassment,এই ডিজের সোনা নিয়ে রাতে কল্পনা করি,Loading...
Stereotype,"মেয়েরা মিথ্যা বলে বেশি, এটা তাদের স্বভাব",Loading...
Non Misogynistic,"ওহে সুন্দরী, ফুলের সুবাস তোমার কাছে হার মানে",Loading...
Derogation,এই মেয়ে এত রোগা যে বাতাসে উড়ে যাওয়ার সম্ভাবনা আছে।,Loading...
Non Misogynistic,মেয়েটার মেধা সত্যিই বিরল,Loading...
Sexual Harassment,আপু ভাইরাল হতে চাইলে কাপড়টা খুলো আমরাও দেখি,Loading...
Stereotype,এদেশের মেয়েরা সংসার গোছানো ছাড়া আর কিছু ঠিকভাবে পারে না।,Loading...
Stereotype,"বলে রাখি, নিজের নামে ব্যাংক একাউন্ট রাখা মেয়েরা সংসারে বিদ্রোহ ডেকে আনে।",Loading...
Non Misogynistic,মেয়েদের বিরুদ্ধে যেকোনো ধরনের হয়রানিকে স্বাভাবিক মনে করা উচিত নয়।,Loading...
Stereotype,ক্রিকেট খেলায় মেয়েরা অদক্ষ,Loading...
Non Misogynistic,মেয়েদের সারপ্রাইজ দিলে তারা অনেক খুশি হয়,Loading...
Non Misogynistic,মহিলা পরিবেশ কর্মীটির উদ্যোগে এলাকায় লক্ষাধিক গাছ লাগানো হয়েছে।,Loading...
Stereotype,"মহিলাদের নেতৃত্বে যত উদাহরণ দেখানো হয়, সবই ব্যতিক্রম মাত্র।",All the examples shown of women leading are just exceptions.
Stereotype,মেয়েমানুষের উচিত ঘরে নরম গলায় কথা বলা তা নাহলে সমাজ খারাপ বলে,Loading...
Non Misogynistic,মেয়েদের বিরুদ্ধে ঘৃণামূলক বক্তব্য প্রতিরোধে সামাজিক দায়িত্ব আছে।,Loading...
Non Misogynistic,মহিলা ব্যাডমিন্টন খেলোয়াড়টি দেশের হয়ে আন্তর্জাতিক পদক জিতেছেন।,Loading...
Non Misogynistic,দিদি বিচার করার আগে চিন্তা করেন,Loading...
Stereotype,মেয়েদের বিদেশে পড়তে পাঠানো ঝুঁকির বিষয়,Loading...
Non Misogynistic,মেয়েটি কঠিন বিষয়ও সহজভাবে বুঝিয়ে দিতে পারে,Loading...
Non Misogynistic,"আপুটি কে দেখে মনে হয়, মানুষ এতো সুন্দরী হয় নাকি",Loading...
Non Misogynistic,আজকে মেয়েটা অনেক আত্মবিশ্বাস নিয়ে কথা বলছিল,Loading...
Derogation,মহিলাটার ঠোঁট দুটো এত পাতলা যে খুঁজে পাওয়াই কঠিন,Loading...
Non Misogynistic,"মেয়েটা যেভাবে সবাইকে সাহায্য করলো, সত্যি ভালো লাগছে",Loading...
Derogation,যে সময় বিভিন্ন বেডা লইয়া ঘুরতি তখন কই ছিল এই কথা?,Loading...
Sexual Harassment,"এই মাগি আজ রাতে কোথায় থাকবে, ঠিকানা পাঠাও",Loading...
Derogation,মেয়েটার এই বয়সে এমন অপরিপক্ক আচরণ দেখে অবাক হই।,Loading...
Stereotype,মেয়েরা মোটরসাইকেল চালালে মানুষ অবাক হয়ে তাকায় — এটাই বাস্তব।,Loading...
Stereotype,"মেয়েদের আসল শিক্ষা হলো সংসার পরিচালনা, বাকি শিক্ষা গৌণ",Loading...
Derogation,মেয়েটার এই আচরণ দেখলে নির্ভরযোগ্যতার প্রশ্ন আসে কিভাবে?,Loading...
Non Misogynistic,মেয়েটার সংগ্রাম ও সাফল্যের গল্প প্রমাণ করে সঠিক মনোভাব থাকলে কিছুই অসম্ভব নয়।,Loading...
Stereotype,"যে মেয়ে যত বেশি পড়াশোনা করেছে, তার বিয়ে হতে তত বেশি দেরি হয়েছে",Loading...
Stereotype,"মেয়েদের মূল্যবোধ ব্র্যান্ডের লেবেলের ওপর নির্ভর করে, এটা মানতেই হবে।",Loading...
Stereotype,মেয়েদের লুক দিয়ে বেশি বিচার করা হয়,Loading...
Stereotype,"মেয়েরা বেশি কথা বলে, তাই তারা কোনো কিছু গোপন রাখাতে পারে না",Loading...
Non Misogynistic,আপনি মেকাপ ছাড়াই অনেক সুন্দর,Loading...
Non Misogynistic,"অভিনন্দন, নারীর শিক্ষাই নারীশক্তি",Loading...
Stereotype,"মানতেই হবে, পাত্রের বেতন কম বলে না করা মেয়েরা শেষে একা পড়ে থাকে।",Loading...
Non Misogynistic,আপুর এবার আইনের সহায়তা নেওয়া উচিৎ,Loading...
Stereotype,পরিবারের পছন্দ উপেক্ষা করে বিয়ে করলে শেষ পর্যন্ত মেয়েদেরই সমস্যায় পড়তে হয়।,Loading...
Derogation,"ঘাটের নটিরাও তো এত নির্লজ্জ হয়না, এই মেয়ে যে পরিমাণ নির্লজ্জ",Loading...
Stereotype,"যে মেয়েদের কাপড়ের ঠিক নেই, তাদের কথার ঠিক থাকবে কীভাবে",Loading...
Non Misogynistic,মেয়েটির গ্রাফিক ডিজাইন আধুনিক,Loading...
Derogation,এই মেয়ে মডেল হয়েছে চেহারা দিয়ে না ধান্দাবাজি দিয়ে,Loading...
Stereotype,মেয়েরা শ্বশুরবাড়িতে নিজের পছন্দ চাপিয়ে দিলে পরিবারে কষ্ট বাড়ে,Loading...
Stereotype,"ছেলেরা যুক্তি দিয়ে চলে, মেয়েরা আবেগ দিয়ে।",Loading...
Sexual Harassment,দিদির সাথে ডগি স্টাইলে খেলতে মজা লাগবে,Loading...
Stereotype,"যতই অস্বীকার করুক, অফিসের সমালোচনায় মেয়েরা নাকের পানি চোখের পানি এক করে ফেলে।",Loading...
Stereotype,মেয়েদের চাকরি থাকলে বিয়েতে পরিবার বেশি দাবি রাখে,Loading...
Non Misogynistic,দিদির উপস্থাপনা পেশাদার মানের,Loading...
Derogation,তুমি কত মেকআপ করলেও তোমার চেহারার উন্নতি হবে না আপু।,Loading...
Non Misogynistic,"মেয়েটা ডক্টরেট করতে গেছে, পরিবার পুরোপুরি সাথে আছে।",Loading...
Stereotype,স্বামীর নির্দেশ মেনে না চললে মেয়েদের পরে অনুতপ্ত হতে হয়।,Loading...
Derogation,"একে কে লাল শাড়িতেও শোভা পাচ্ছে না, বুইড়া মহিলা একটা",Loading...
Stereotype,মেয়েরা মিডিয়ায় গেলে নিজেকে দেখানো ছাড়া কিছু শেখে না,Loading...
Non Misogynistic,নারী ছাত্র নেতা ছাত্রসমাজের কণ্ঠস্বর হয়ে উঠেছেন,Loading...
Sexual Harassment,"এই মেয়ে যত টাকা চাও দিতে রাজি, শুধু একবার খাটে যাও আমার সাথে",Loading...
Stereotype,মেয়েরা মোটরসাইকেল চালালে মানুষ অবাক হয়ে তাকায় — এই কথাটা কখনোই পুরোনো হবে না।,Loading...
Stereotype,সন্ধার পরে বাইরে থাকা মেয়েদের সাজে না — এটাই সত্য।,Loading...
Derogation,মেয়েটাকে হাঁটতে দেখলে মনে হয় প্রতিটা পদক্ষেপ আলাদা দেশে যাচ্ছে,Loading...
Non Misogynistic,"মেয়েটার সাথে একবার দেখা হয়েছিল, কিন্তু মনে হয়েছিল বহুদিনের পরিচয়",Loading...
Non Misogynistic,যদি ধর্ষণের শিকার হয়ে থাকেন থানায় গিয়ে মামলা করেন,Loading...
Stereotype,"অভিজ্ঞতা বলে, মেয়েরা প্রমোশন পেলে সবাই ধরে নেয় কোনো কারণ আছে।",Loading...
Sexual Harassment,"উপস্থাপিকা তো খাসা মাল, গাড়ি কেনার টাকা দিলে রাতের জন্য পাওয়া যাবে",Loading...
Stereotype,মেয়েদের ব্যাংক এর টাকা পয়সা দেখলেই বোঝা যায় তারা কোন দিকে আগাচ্ছে,Loading...
Derogation,তার ওজনের চেয়ে তার মেকাপের ওজন বেশি।।,Loading...
Stereotype,মেয়েরা শালীন পোশাকে বের না হলে কেউ তাকে ভালো চোখে দেখবে না,"If girls don't dress modestly, no one will look down on them."
Non Misogynistic,নারী চিকিৎসক রাত জেগে রোগীর সেবা করেন,Loading...
Sexual Harassment,মামণির বুক এর ওজনে এক দিন রেলিং পড়ে যাবে,Loading...
Non Misogynistic,মেয়েটা গবেষণা করেছে সেই হিসেবে ঠিকই আছে। কয়জনই বা পারে এসব করতে?,Loading...
Non Misogynistic,মেয়েটি কঠিন সত্যও সাহসের সাথে বলেন,Loading...
Non Misogynistic,"এখনো কত সুন্দর মাশাল্লাহ, যেমন গুণবতী তেমন রূপবতী",Loading...
Non Misogynistic,দিদির ব্যক্তিত্ব আস্থার প্রতীক,Loading...
Sexual Harassment,"এই সুন্দরী খানকি মাগি, এর ডিমান্ড থাকবে কোথায়",Loading...
Non Misogynistic,মেয়েটির পেন্সিল স্কেচ জীবন্ত,Loading...
Derogation,মেয়েটার নিজস্ব কোনো পরিচয় নেই অন্যের ছায়ায় থাকে আবার ভাব নেয়,Loading...
Non Misogynistic,আপুর জলরঙের ছবি অসাধারণ,Loading...
Derogation,এই মেয়ে ভুল স্বীকার করতে জানে না,Loading...
Non Misogynistic,"মেয়েদের পেশাদার দক্ষতা বিচারে লিঙ্গ নয়, কর্মদক্ষতাই একমাত্র মাপকাঠি।",Loading...
Stereotype,"মেয়ের জন্য বিয়ের প্রস্তাব এলে না করতে নেই, এটাই বুদ্ধিমানের কাজ, তা না হলে সমাজ চলে কীভাবে?",Loading...
Stereotype,"মেয়েদের অহংকার বেড়েছে, ভদ্রতা কমেছে।",Loading...
Derogation,তোর উপস্থাপনা এত বোরিং যে চ্যানেল বদলাতে ইচ্ছে করে।,Loading...
Derogation,ওড়না টা বাসায় রেখে আসলেই তো হয়,It's okay to leave the veil at home.
Derogation,মেয়েটার এই ভণিতামূলক চালচলন আর কতদিন চলবে?,Loading...
Stereotype,দুজন মেয়ে একসাথে হলে তাদের কথার শেষ হয় না,Loading...
Stereotype,"অভিজ্ঞতা বলে, একা অ্যাপার্টমেন্ট কেনা মেয়েদের অহংকার ছেলেদের তাড়িয়ে দেয়।",Loading...
Derogation,মেয়েটা যেসব কথা বলে দেখলে মনে হয় বাস্তবতা থেকে অনেক দূরে আছে,Loading...
Stereotype,মেয়েরা বিয়ের পরেও ক্যারিয়ার করলে স্বামীর অপমান হয়,Loading...
Derogation,ফুল লালে লাল আপুটা একটু বেশি উত্তেজিত,Loading...
Stereotype,মেয়েরা যুক্তি দিলে বড়রা একে বেয়াদবি ধরে নেয়।,Loading...
Non Misogynistic,মেয়েটার সামাজিক কাজ প্রমাণ করে একজন মানুষ সমাজ পরিবর্তনে বড় ভূমিকা রাখতে পারে।,Loading...
Non Misogynistic,মেয়েটা প্রতিদিন একটু একটু করে তার স্বপ্নের দিকে এগিয়ে যাচ্ছে।,Loading...
Non Misogynistic,মেয়েটার সততা সমাজে দৃষ্টান্ত,Loading...
Sexual Harassment,অনুষ্ঠান শেষে খাটে কত টাকায় বিক্রি হবে এই মাল জানতে পারি?,Loading...
Sexual Harassment,এই মডেল শরীর না দেখালে কেউ চিনত না,Loading...
Sexual Harassment,মাল ঠিক আছে। শরীরটা পুরা রসে ভরা,Loading...
Stereotype,মেয়েদের পড়াশোনার পেছনে পরিবারের বিনিয়োগ ফেরত আসে না,Loading...
Derogation,এই মেয়ে নতুন কিছু গ্রহণ করতে পারে না,Loading...
Stereotype,মেয়েরা সুন্দর না হলে নেতৃত্বের পদে কেউ দেখতে চায় না,Loading...
Stereotype,আসলে মেয়েরাই আজ ছেলেদের কোণঠাসা করার ধান্ধায়।,Loading...
Stereotype,বাজার করতে গেলে মেয়েরা বেশি দাম দিয়ে আসে,Loading...
Stereotype,মেয়েরা বেশি শিক্ষিত হলে পাত্র পাওয়া যায় না,Loading...
Sexual Harassment,এই ডিজে পল্লীতে গেলে আরো ভালো কাস্টমার পাবে,This DJ will get better customers if he goes to rural areas
Non Misogynistic,মেয়েটি প্রতিটি কাজকে দায়িত্ব হিসেবে নেয়,Loading...
Sexual Harassment,"আপুটির শরীর নিলামে তোলা মালের মতো, একদম কড়া",Loading...
Derogation,এই মেয়ের মানসিক সমস্যা আছে,Loading...
Sexual Harassment,বৌদি পল্লীতে গেলে আরো ভালো কাস্টমার পাবে,Loading...
Derogation,তোর মতো অনিশ্চিত মেয়ে বিশ্বাসযোগ্য না।,Loading...
Non Misogynistic,মেয়েদের জন্য এই অর্জনটা অনেক বড়,Loading...
Sexual Harassment,তোমার সোনার দাম মাত্র ৫০ টাকা ?,Loading...
Sexual Harassment,তোমার ডাব গুলো তো বুড়া বেডির মতো,Loading...
Stereotype,মেয়েরা বড় পদে থাকলে পেছনে কোনো পুরুষের হাত থাকে,Loading...
Stereotype,মেয়েরা পশ্চিমা পোশাক পরলে সংস্কৃতি হারিয়ে যায় — এই কথাটা কখনোই পুরোনো হবে না।,Loading...
Sexual Harassment,ফিগার টা যা সুন্দর বুকের কাপড়টা আরেকটু নিচু হলে ভালো হত,Loading...
Stereotype,"মেয়েরা বেশি প্রশ্ন করে উত্তরের জন্য না, অ্যাটেনশন পাওয়ার জন্য",Loading...
Non Misogynistic,দিদির স্বাধীনতার মূল্যায়ন স্পষ্ট,Loading...
Sexual Harassment,এভাবে নাচতে থাকলে মানুষ তোমার শরীর নিয়েই আলোচনা করবে।,Loading...
Non Misogynistic,মেয়েটা নিজের কাজটা খুব মন দিয়ে করে,Loading...
Non Misogynistic,মেয়েটা আর্থিকভাবে স্বাবলম্বী হওয়ার পর থেকে পরিবারের সবার সাহায্য করছে।,Loading...
Sexual Harassment,মেয়েটাকে দেখার পর মনে হচ্ছে না হাত না মেরে থাকতে পারবো,Loading...
Sexual Harassment,নাইট ক্লাবে ভালো সার্ভিস দিয়ে থাকে এই মেয়েগুলো,Loading...
Stereotype,মেয়েদের সমস্যা সমাধানের পদ্ধতি সবসময় আবেগতাড়িত,Loading...
Stereotype,"সবাই জানে, বিয়ের পরই জীবন গুছিয়ে নিতে পারে, তার আগে অসম্পূর্ণ, তা না হলে সমাজ চলে কীভাবে?",Loading...
Non Misogynistic,মেয়েটি বিষয়ভিত্তিক বিতর্কে দারুণ পারদর্শী,Loading...
Stereotype,"যতই অস্বীকার করুক, নিজের পছন্দে জীবনসঙ্গী বেছে নেওয়া মেয়েদের সংসার বেশিদিন টেকে না।",Loading...
Stereotype,মেয়েদের স্বামীর আয়ের উপর নির্ভর করাই স্বাভাবিক,Loading...
Derogation,মেয়েটার আচরণ দেখে মনে হয় স্বামী রাখা কঠিন হবে।,Loading...
Non Misogynistic,বোনটির শর্টফিল্ম সমাজের কথা বলে,Loading...
Non Misogynistic,"মেয়েটার মধ্যে অহংকার কম, তাই সবার সাথে সহজে মিশে যায়",Loading...
Sexual Harassment,"মহিলার পাছাটা রসের হাঁড়ির মতো, ঝাঁকি দিতে ইচ্ছা করছে",Loading...
Stereotype,"মানতেই হবে, যেদিন থেকে মেয়েরা চাকরি করতে শুরু করেছে, পরিবারে অশান্তি বেড়েছে।",Loading...
Derogation,"শরীর নিয়ে নড়তে পারে না, আবার নাকি নায়িকা।",Loading...
Derogation,এই মেয়েটার আবেগ নিয়ন্ত্রণ করতে পারে না,Loading...
Stereotype,মেয়েদের বিয়ের পর স্বামীর মত অনুযায়ী চলা উচিত,Loading...
Non Misogynistic,মেয়েটা নিজের কাজে শতভাগ আন্তরিক,Loading...
Derogation,এই মহিলার কারণে অফিসে পরিবেশ নষ্ট হয়।,Loading...
Derogation,এই মহিলার রিপোর্ট পড়লে মাথা ঘুরে যায়,Loading...
Stereotype,নষ্ট মেয়েদের বিয়ের প্রয়োজনীয়তা কী?,Loading...
Stereotype,মেয়েরা বেশি কাজের চাপ নিতে পারে না,Loading...
Sexual Harassment,মেয়েটাকে একবার কাছে পেলে ছাড়তাম না,Loading...
Stereotype,মেয়ে হয়ে এত রাতে বাইরে থাকাটা ভালো দেখায় না,Loading...
Stereotype,মেয়েদের পোশাক দেখেই বোঝা যায় তারা কেমন,Loading...
Derogation,এসব ভুসকি যে কই থেকে আসে!,Loading...
Non Misogynistic,মহিলা সামাজিক উদ্যোক্তাটি স্থানীয় কারিগরদের জীবিকায় অবদান রাখছেন।,Loading...
Derogation,এই মেয়ের চেহেরাটা চোরের মতো হয়ে গেছে।,Loading...
Non Misogynistic,মেয়েটি কাউকে ছোট না করে কথা বলে,Loading...
Non Misogynistic,"মেয়েটা পরিস্থিতি যতই কঠিন হোক, নেতৃত্বের দায়িত্ব থেকে পিছপা হয় না।",Loading...
Sexual Harassment,এই ডিজের আপেল ছাড়া ভিডিওতে কিছুই নড়ছে না,Loading...
Derogation,মেয়েটার প্রেজেন্টেশন দেখে সবাই বিরক্ত হয়।,Loading...
Non Misogynistic,আপুর কেকের ডিজাইন প্রফেশনাল মানের,Loading...
Derogation,তর মা ও কি তরে এমনি জন্ম দিছে নাকি?,Loading...
Non Misogynistic,মেয়েটার ভাবনায় কখনো হতাশা পায় না,Loading...
Stereotype,মেয়েরা গভীর রাতে বাইরে গেলে যা হয় তা মেনে নিতে হবে,Loading...
Derogation,এই মালের কিন্তু এক চোখ ছোট এক চোখ বড়,Loading...
Non Misogynistic,মেয়েটার সামাজিক কাজ দেখলে বোঝা যায় একজন মানুষ চাইলে কতটা পরিবর্তন আনতে পারে।,Loading...
Derogation,এই মহিলার বর্তমান অবস্থা দেখে কেউ সাহায্য করতেও চাইবে না,Loading...
Non Misogynistic,"মেয়েটা নিজের পরিশ্রমে এতদূর এসেছে, সত্যিই প্রশংসনীয়","The girl has come this far through her own hard work, it's truly commendable."
Sexual Harassment,বিয়ে করবে শুনেই শুয়ে পরে,Loading...
Stereotype,মেয়েরা ঝগড়া মেটাতে না পেরে সম্পর্ক ছিন্ন করে,Loading...
Derogation,এই মহিলার কপটতা দেখলে অবাক হতে হয়,Loading...
Stereotype,মেয়েরা উচ্চস্বরে কথা বললে ভদ্রতা শেখেনি মনে হয়,Loading...
Stereotype,এখনকার মেয়েদের লক্ষ্য মূলত একটি ভালো বিয়ে।,Loading...
Sexual Harassment,"বৌদির পাছাটা রসের হাঁড়ির মতো, ঝাঁকি দিতে ইচ্ছা করছে",Loading...
Non Misogynistic,মেয়েটার চামড়ার পণ্য মানসম্পন্ন,Loading...
Derogation,এ সমস্ত নর্তকীদের কি কারণে মিডিয়ার সামনে আনা হয় বুজি না।,Loading...
Non Misogynistic,মেয়েটার মানসিক স্বাস্থ্য তার পেশাগত ও ব্যক্তিগত জীবনে সমান গুরুত্বপূর্ণ।,Loading...
Derogation,সমাজ নষ্ট দেশ নষ্ট করে ফেলেছে এই ছেমরি,Loading...
Non Misogynistic,মেয়েদের প্রতি যেকোনো অপমানজনক মন্তব্য নিন্দনীয়,Loading...
Non Misogynistic,এই মেয়েটা ক্রিকেট খেলছে দেখে মনে হলো বাংলাদেশ জিতবেই,Loading...
Sexual Harassment,কাস্টমার একটা পাইছে খেলা হবে নাকি আজেকে আপু,Loading...
Derogation,এই বেডির রিলস দেখে মনে হয় কেউ জোর করে নাচাচ্ছে।,Loading...
Derogation,এই মহিলার বয়স হয়েছে তবুও কচি মেয়ের মতো সাজে,Loading...
Derogation,মেয়েটার বিচার বিবেচনার অনেক অভাব,Loading...
Non Misogynistic,মেয়েদের জন্য সুনির্দিষ্ট সহায়তা কেন্দ্র থাকা প্রয়োজন,Loading...
Stereotype,বন্ধুর সাথে থাকলে মেয়েরা স্বামীকে সময় দিচ্ছে না,Loading...
Derogation,তোর মতো মেয়ে পরিবারের সম্মান কমায়।,Loading...
Stereotype,মেয়েরা একা ভ্রমণ করে নিজেই নিজের বিপদ ডেকে আনে,Loading...
Stereotype,"ইঞ্জিনারিং পড়ে মেয়েরা প্রায় কিছুই বুঝে না, যুগ যুগ ধরে চলে আসছে।",Loading...
Stereotype,কর্তার রায়ের পরে মেয়েদের আর কথা বলার থাকে না।,Loading...
Sexual Harassment,এই মহিলার সাথে দৌলোদিয়া পাড়ার বেডির পার্থক্য কোথায়?,Loading...
Sexual Harassment,বুড়ি দেখতে কড়া মাল,Loading...
Stereotype,"মেয়েমানুষ বলে কথা, একটু এদিক-ওদিক তো হবেই",Loading...
Stereotype,ঘর অপরিষ্কার থাকলে বুঝতে হবে বাড়ির মেয়েটা কাজে ফাঁকি দিচ্ছে,Loading...
Sexual Harassment,এই মেয়ের ভাইরাল হওয়ার একমাত্র উপায় শরীর দেখানো,Loading...
Stereotype,মেয়েরা ডায়েট করে কারণ সমাজ শুকনো মেয়ে পছন্দ করে,Loading...
Non Misogynistic,বোনটি অসুস্থ প্রতিবেশীকে সেবা করেছেন,Loading...
Sexual Harassment,"আপুটিকে অফিস থেকে বের হওয়ার সময় দেখি, একদিন রুমে নিয়ে যাব",Loading...
Sexual Harassment,ফিগারটা যেন ভাড়ায় চালিত লাল রিকশা,Loading...
Stereotype,মেয়েরা মেকআপ করে বেরোলে অনেক সময় আসল চেহারা বোঝা যায় না,Loading...
Stereotype,মেয়েদের একসাথে রাখলে অশান্তি নিশ্চিত,Loading...
Stereotype,জটিল প্রযুক্তিগত ধারণা মেয়েদের বোধগম্য হয় না—এমন ধারণা প্রচলিত।,Loading...
Stereotype,মেয়েদের বিয়ের পর স্বামীর নামেই পরিচিত হওয়া উচিত,Loading...
Non Misogynistic,আপু নিজের নোট তৈরি করেন যা সবার কাজে লাগে,Loading...
Derogation,মেয়েটার একগুঁয়েমি সমস্যা সমাধান করতে দেয় না,Loading...
Non Misogynistic,শাড়িতেই নারীর সোন্দর্য,Loading...
Non Misogynistic,মহিলা বিভাগীয় প্রধানটি দলের প্রতিটি সদস্যকে সর্বোচ্চ সুযোগ দিচ্ছেন।,Loading...
Sexual Harassment,এই মেয়ে শরীর দেখিয়ে টাকা ইনকাম করে,Loading...
Stereotype,মেয়েদের পড়াশোনা বেশি হলে বিয়ে দিতে দেরি হয়,Girls who are more educated tend to get married later.
Derogation,"মেয়েটা অফিসে শুধু সময় নষ্ট করে, কাজ কিছুই হয় না।",Loading...
Derogation,মেয়েটার যোগব্যায়াম দেখলে মনে হয় হাড়গোড় নেই।,Loading...
Stereotype,সত্যি বলতে আজকালকার মেয়েদের রাজনীতি বোঝার ক্ষমতা প্রায় অস্তিত্বহীন।,Loading...
Non Misogynistic,মেয়েটার দক্ষতা ও উদ্যম তাকে প্রতিটি পদে সফল করেছে।,Loading...
Stereotype,"মিলিটারি-পুলিশের নেতৃত্বে মেয়েরা ফিট না, তা না হলে সমাজ চলে কীভাবে?",Loading...
Non Misogynistic,দিদির বেতের আসবাব শিল্প মানের,Loading...
Stereotype,মেয়েরা পর্বতারোহণে ছেলেদের মতো যেতে পারে না,Loading...
Non Misogynistic,বোনটি নিজের জীবনের মালিক,Loading...
Stereotype,"মেয়েরা সবার সাথে একসাথে ভালো থাকতে পারে না, পক্ষ নেয়",Loading...
Derogation,মেয়েটা প্রতিবন্ধী হলেও ভালোই সেয়ানা,Loading...
Non Misogynistic,মহিলা ব্যাংকার গ্রাহকের সাথে সম্মানজনক আচরণ করেন,Loading...
Sexual Harassment,"এই বুড়ি আসলে আবাসিকের পাঁচশ টাকার মাল, কারো বউ না",Loading...
Stereotype,"এখনকার মেয়েদের উচিত হাসির শব্দ যাতে ঘরের বাইরে না যায়, সেটা নিশ্চিত করা।",Loading...
Non Misogynistic,মেয়েটা নিজের পেশায় নতুন মানদণ্ড স্থাপন করেছে।,Loading...
Non Misogynistic,মেয়েটার সংগীত সাধনা তাকে একজন পরিপূর্ণ শিল্পী করে তুলেছে।,Loading...
Non Misogynistic,দিদির এই টিউটোরিয়ালটা না থাকলে কাজটা শেষ করতে পারতাম না,Loading...
Stereotype,পরিবারের সদস্যদের খাওয়া দাওয়ার খেয়াল রাখাই মেয়েদের আসল সেবা,Loading...
Derogation,মেয়েটার খেলা দেখলে মনে হয় প্রথমবার হাতে র্যাকেট ধরেছে।,Loading...
Non Misogynistic,সমাজে নারীর সমান অংশগ্রহণ নিশ্চিত হলে সামগ্রিক উন্নতি ত্বরান্বিত হয়।,Loading...
Non Misogynistic,মহিলা সুরকারটির সংগীত জাতীয় পরিচয়ের অংশ হয়ে উঠেছে।,Loading...
Stereotype,মেয়ে মানুষ অসুস্থ হলেও ঘরের কাজ থামে না,Loading...
Stereotype,মহিলা বিচারক মানে সিদ্ধান্ত নিতে দেরি করবে,Loading...
Sexual Harassment,বিয়ের আশা দিয়ে খাইয়া ছাইড়া দিছে।,They gave up on me with the hope of marriage.
Sexual Harassment,এই মহিলার মতো কচি মাল বিদেশেও চাহিদা আছে,Loading...
Sexual Harassment,"ভাবি, কাপড়টা একটু খুলে দেখাও",Loading...
Derogation,এই মহিলার ঘরের অবস্থা দেখলে পালিয়ে যেতে ইচ্ছা করে।,Loading...
Non Misogynistic,মেয়েটা নতুন পরিবেশেও দ্রুত নিজেকে মানিয়ে নিতে পারে।,Loading...
Stereotype,"যতই অস্বীকার করুক, যে মেয়ে চুপ থাকতে জানে, সেই মেয়েই ভালো বউ হয়",Loading...
Stereotype,বিচারক হিসেবে মেয়েরা প্রায়ই দয়া দিয়ে রায় দিয়ে ফেলে।,Loading...
Derogation,তুই যেমন দুশ্চরিত্র মেয়ে তোর জায়গা ওই জায়গাই ঠিক আছে,Loading...
Derogation,"মেয়েটার চেহারার যে ঢং, কুকুরও ওইটার ওপর মুতবে না",Loading...
Derogation,এই মেয়ের জ্ঞান ততটুকুই যতটুকু দেখায়,Loading...
Non Misogynistic,মেয়েটি সামাজিক পরিবর্তনের অগ্রদূত,Loading...
Stereotype,মেয়েরা চেহারায় কম সময় বিনিয়োগ করলে কেউ ভালো চোখে দেখে না,Loading...
Sexual Harassment,বুড়িকে দেখলেই লাগতে মোন চায়,Loading...
Non Misogynistic,সবুজ শাড়িতে স্নিগ্ধ সাজে মেয়েটা কে?,Loading...
Stereotype,এভাবে পোশাক পরা মেয়েদের চরিত্র ভালো হয় না,Loading...
Stereotype,টাকার জন্য কি না করতে পারে মেয়েরা?,Loading...
Sexual Harassment,এই মডেলের দুধগুলো টিপতে পারলে জীবন ধন্য হতো,Loading...
Non Misogynistic,মেয়েটা নিজের মতো থাকতেই বেশি স্বাচ্ছন্দ্যবোধ করে,Loading...
Non Misogynistic,মেয়েটা জীবনের প্রতিটি অধ্যায়ে সেরাটা দেওয়ার চেষ্টা করে।,Loading...
Sexual Harassment,"তোমার নাভি সেই সুন্দর, সামনে পেলেই চুষতাম",Loading...
Non Misogynistic,বোনটির আচরণে সবাই স্বাচ্ছন্দ্য বোধ করে,Loading...
Derogation,মেয়েটার মানসিক শক্তি দেখলে মনে হয় শিশুর মতো।,The girl's mental strength makes her look like a child.
Derogation,এই মুটকি নাকি সুন্দরী ! নিজেকে কি ভাবে কে জানে।,Loading...
Stereotype,"জিম করার দরকার নেই, মেয়েদের শরীরে বেশি মাংসপেশি মানায় না",Loading...
Derogation,রাস্তার মেয়ে একটা । পতিতার চেয়েও খারাপ,Loading...
Non Misogynistic,"মেয়েদের প্রতি সম্মানজনক আচরণ শুধু নৈতিক দাবি নয়, সভ্যতার শর্ত।",Loading...
Non Misogynistic,মেয়েটার আত্মসম্মানবোধ অত্যন্ত প্রবল,Loading...
Non Misogynistic,নারীর নেতৃত্বকে সমর্থন করা মানে পুরো সমাজের সম্ভাবনাকে সমর্থন করা।,Loading...
Sexual Harassment,মানুষ করে টাকার বড়াই তুমি করো দুধে বড়াই,Loading...
Non Misogynistic,মেয়েটি নিজের মধ্যে আশ্রয় খুঁজে নিতে জানেন,Loading...
Stereotype,মেয়েরা পিএইচডি করলেও গবেষণার মান কম থাকে,Loading...
Non Misogynistic,মেয়েটা চাকরির পাশাপাশি নতুন দক্ষতা অর্জনেও সময় দিচ্ছে।,Loading...
Non Misogynistic,সেই সুন্দর চেয়ারা লাজুক লাজুক দেখায় সেই সুন্দর তুমি,Loading...
Derogation,এই মেয়ের কাছে কিছু বলা মানে মাইকে বলা,Loading...
Derogation,এই মেয়ে কত নির্লজ্জ হলে খারাপ কাজ করে আবার ক্যামেরার সামনে আসে,Loading...
Derogation,এই মহিলা হাই হিল পরে নিজেকে লম্বা দেখাতে চায় কিন্তু হাঁটতে পারে না।,Loading...
Stereotype,মেয়েরা যদি শাড়ি না পরে তবে কিসের বাঙালি,Loading...
Non Misogynistic,প্রতিটি মেয়ে তার সাথে কেউ অন্যায় করলে ন্যায়বিচার চাওয়ার অধিকার রাখে।,Loading...
Sexual Harassment,"মামণির গোপন জায়গা বিক্রি করলে দাম বলো, ইনবক্সে অপেক্ষা করছি",Loading...
Derogation,এই মহিলার সাথে থাকলে ক্লান্ত লাগে।,Loading...
Non Misogynistic,দিদির বিশ্লেষণী মন বিরল প্রতিভার পরিচয় দেয়,Loading...
Stereotype,মেয়েদের উচ্চশিক্ষায় পাঠানো মানে পরিবারের টাকা নষ্ট করা,Loading...
Derogation,এই মহিলার মুখের ভাঁজ দেখলে মনে হয় পুরনো চামড়ার ব্যাগ।,Loading...
Sexual Harassment,দিদির ঠোঁট চুষলে স্বাদ কেমন হবে কে জানে,Loading...
Sexual Harassment,বিকাশে ৫০ হাজার দিলে হাত না শুধু আরো অনেক কিছুই দেওয়া যাইতো তখন,Loading...
Non Misogynistic,বোনটির শাস্ত্রীয় সঙ্গীত প্রশিক্ষণ চমৎকার,Loading...
Stereotype,মেয়েদের কন্টেন্টে বুদ্ধির চেয়ে চেহারার প্রভাব বেশি,Loading...
Derogation,মেয়েটার মুখটা এতো বড় যে মুখের ভিতরে কুত্তা ডুকে যাবে,Loading...
Non Misogynistic,নানীর হাতের নকশিকাঁথা শিল্পের নিদর্শন,Loading...
Sexual Harassment,"আপু দেখতে বাতি মাল, খেলে আরো মজা",Loading...
Non Misogynistic,মেয়েটা অন্যায়ের বিরুদ্ধে প্রতিবাদ করে কারণ নীরবতা সম্মতির শামিল।,Loading...
Stereotype,"বলে রাখি, বিজ্ঞান কংগ্রেসে মেয়েদের অংশগ্রহণ মূলত সাজসজ্জা — এটাই সত্য।",Loading...
Derogation,মেয়েটার স্বভাব হলো অন্যের সাফল্যে জ্বলা।,Loading...
Derogation,এই মহিলার অপকর্মের জন্য মা-বাবা লজ্জিত,Loading...
Derogation,এই মহিলার লাইভ স্ট্রিমে কেউ আসে না কারণ বিরক্তিকর।,Loading...
Stereotype,গভীর রাতে অফিস থেকে ফেরা মেয়েদের পরিবার চিন্তায় ঘুমাতে পারে না,Loading...
Non Misogynistic,আপু কাউকে দোষারোপ না করে এগিয়ে যান,Loading...
Derogation,"আপনার ড্রেস সেন্স ভালো না আপু, আপনি ড্রেস ছাড়াই থাকেন",Loading...
Derogation,এই মহিলা একটু চাপ পেলেই ভেঙে পড়ে।,Loading...
Stereotype,"মহিলা আইনজীবী মানেই কম আক্রমণাত্মক, মামলা জিততে পারবে না",Loading...
Non Misogynistic,মেয়েটি জনসমাবেশে ভয় পান না,Loading...
Stereotype,মেয়েরা নিজের ভুল স্বীকার করতে চায় না,Loading...
Non Misogynistic,মেয়ে মানুষ ব্যবসা করতে চাচ্ছে সাহস ভালো।,Loading...
Derogation,মেয়েটার উপস্থিতিতে পরিবেশ আরো জটিল হয়,Loading...
Sexual Harassment,ম্যাডাম নমিনেশন পেতে হলে রিসোর্টে রাত কাটাতে হয়,Loading...
Derogation,এই বেডির প্রেজেন্টেশন স্কিল দেখে বায়াররা চলে যায়।,Loading...
Non Misogynistic,মেয়েটা একা থাকতে পারে কারো উপর নির্ভর না করেই,Loading...
Stereotype,"নারীরা তো এমন জাতি যেইদিন ছাড়া পাবে, ওইদিন পরপুরুষের কাছে চলে যাবে",Loading...
Sexual Harassment,এই মডেল জামার পেছন না কেটে নিচে দিয়ে কাটো আমরাও দেখি,Loading...
Sexual Harassment,"মামণির কাস্টমার কমে গেছে, তাই এত খোলামেলা",Loading...
Sexual Harassment,"উপস্থাপিকা ওড়না ছাড়া বের হও কেন, পুরুষের চোখ নষ্ট করতে?",Loading...
Stereotype,ব্যক্তিত্বহীন মেয়েমানুষ যতই সুন্দর হোক সস্তাই থেকে যায়,Loading...
Non Misogynistic,মাসির ভালোবাসা ভাইপোর জীবনের আনন্দ,Loading...
Stereotype,মেয়েদের চুল ছোট রাখলে স্বভাব নিয়ে প্রশ্ন ওঠে,Loading...
Stereotype,যেসব মেয়েরা গলার স্বর উঁচু করে তারা অনেক রাগী হয়,Loading...
Stereotype,মেয়েদের মাথায় সব সময় ছেলেদের চিন্তা ঘোরে,Loading...
Stereotype,বিয়ের পর মেয়েদের শ্বশুরবাড়িকে নিজের পরিবার মনে করা উচিত,Loading...
Sexual Harassment,"মামুনি লাইভে এত খোলামেলা কেন, পুরো উলঙ্গ হয়ে নাচো একবার",Loading...
Non Misogynistic,আপুর এই টিপসগুলো আগে জানলে অনেক সময় বাঁচতো,Loading...
Sexual Harassment,"ম্যাডামের বিকাশ নাম্বার দাও, ডিল করি",Loading...
Non Misogynistic,মেয়েটার মা তাকে শিখিয়েছেন নিজের পরিচয় হারিয়ে ফেলতে নেই।,Loading...
Stereotype,মেয়েদের লেখাপড়া সমাজের খুব একটা উপকারে আসেনা,Loading...
Non Misogynistic,মেয়েটার সমাজের প্রতি দায়বদ্ধতা তার প্রতিটি কাজে প্রতিফলিত হয়।,Loading...
Non Misogynistic,আন্টির হাতের সেলাইয়ের কাজগুলো দেখলে ধৈর্যের কথা মনে হয়,Loading...
Sexual Harassment,শরীর এর ব্যবসা ভাল হলে বিয়ে করার দরকার আছে ?,Is it necessary to get married if the business of the body is good?
Non Misogynistic,একজন ভালো অভিনেত্রী হওয়ার জন্য ভালো অভিনয়ই যথেষ্ট,Loading...
Stereotype,মেয়েরা মার্শাল আর্ট করলে মেয়েলি ভাব থাকে না,Loading...
Stereotype,মেয়েরা গ্রুপে দুটো পক্ষ তৈরি করে ঝামেলা বাড়ায়,Loading...
Non Misogynistic,এই সাজটা সত্যি খুব সুন্দর হইসে,Loading...
Non Misogynistic,মহিলা চেস খেলোয়াড় বুদ্ধির পরিচয় দিয়েছেন,Loading...
Sexual Harassment,"অশ্লীল পোশাক পরে শত পুরুষের সাথে মেলামেশা করে, আমি ডাকলে আমার কাছে আসবি?",Loading...
Stereotype,মেয়েরা যা মুখে বলে মনে তার উল্টো থাকে,Loading...
Sexual Harassment,"কতো মানুষ হাতায় ওর মতো মেয়েরে, সে হাত দিলে কি সমস্যা",Loading...
Non Misogynistic,মেয়েটা সরকারি চাকরিতে যোগ দিয়ে জনসেবায় মনোনিবেশ করেছে।,Loading...
Non Misogynistic,মেয়েটার অনুসন্ধিৎসু মন তাকে সবসময় নতুন কিছু শিখতে অনুপ্রাণিত করে।,Loading...
Derogation,"আপু, বেহায়াপনার একদম চুড়ান্ত পর্যায়ে আপনি",Loading...
Derogation,"এই মহিলা বুড়ো হয়েও কচি সাজার যে চেষ্টা, লজ্জা পায় না?",Loading...
Derogation,"দেখতে মনে হয় ভাজা মাছ উল্টাইয়া খাইতে পারে না, অথচ নষ্টামির সময় সবার আগে মেয়েটা",Loading...
Non Misogynistic,মহিলা ক্রীড়া ভাষ্যকারটির বিশ্লেষণ পেশাদার ও মেধাবী।,Loading...
Derogation,এই বেডির নখ দেখলে মনে হয় ডাইনির হাত।,Loading...
Non Misogynistic,মেয়েটি ছোটখাটো সমস্যাও সৃজনশীলতা দিয়ে সমাধান করেন,Loading...
Stereotype,মেয়েদের বন্ধু হিসেবে বিশ্বাস করা ঠিক না,Loading...
Stereotype,মেয়েরা বাইরে রাত কাটালে পরিবার লজ্জায় মুখ লুকায় — এই কথাটা কখনোই পুরোনো হবে না।,Loading...
Derogation,"এই মেয়ের বয়স ৩৫ পার হয়ে গেছে বিয়ে হচ্ছে না, মানুষ এমনি কি আর ছেড়ে দেয়?",Loading...
Derogation,এমন বউ থাকার চেয়ে ২লাখ টাকা ঋণ থাকা ভালো,Loading...
Non Misogynistic,নারীর মতামত গুরুত্বের সাথে নেওয়া উচিত,Loading...
Non Misogynistic,দিদির গভীর জ্ঞান সবাইকে চমকে দেয়,Loading...
Stereotype,মেয়েরা গানের থেকে নাচ বেশি করে টাকা উসুল করে,Loading...
Sexual Harassment,"উপস্থাপিকা একটা নষ্টা, লুচ্চা, বারোভাতারি ছাড়া কিছু না",Loading...
Sexual Harassment,"বুড়ি মাগির আর কাস্টমার হয় না তাই নগ্ন অবস্থায় পরিদর্শন করছে , যাতে করে দশ বিশ টাকার কাস্টমার হয়।",Loading...
Sexual Harassment,"এই ডিজেকে বিছানায় নিয়ে যেতে চাই, ১০ লাখ দিতে রাজি আছি",Loading...
Stereotype,মেয়েদের প্রযুক্তিগত জ্ঞান বরাবরই দুর্বল ছিল,Loading...
Non Misogynistic,মেয়েটি সাজসজ্জার চেয়ে স্বাভাবিকতায় সুন্দর,Loading...
Stereotype,মেয়েদের বয়স ত্রিশ মানে সে আর ভালো পাত্র পাবে না,Loading...
Sexual Harassment,উনি পরকীয়া করে না। এই মহিলা ভাড়ায় চলিত,Loading...
Non Misogynistic,প্রতিটি মেয়ে তার নিজস্ব সত্তার মালিক।,Loading...
Sexual Harassment,এই মেয়ে কে নিলামে তুললে মানুষ কিনার জন্য পাগল হয়ে যাবে,Loading...
Derogation,এই বয়সে এই মহিলার এত ঢং মানায় না।,Loading...
Non Misogynistic,মহিলা সামাজিক নেত্রীটি তার এলাকার শিশুদের জন্য বিনামূল্যে স্কুল চালাচ্ছেন।,Loading...
Stereotype,"দেখুন, মেয়েদের ভর্তি পরীক্ষায় পাশ করা মানে কোটার দান।",Loading...
Non Misogynistic,মেয়ে টা তার বুদ্ধির কারনেই সামনে যেতে পেরেছে,Loading...
Stereotype,"ছেলেরা দায়িত্ব নিতে এগিয়ে আসে, আর মেয়েরা শুধু প্রত্যাশা করে।",Loading...
Sexual Harassment,"যদি তোমার নিচের জিনিসটা বিক্রি কর, তাহলে দাম বলো।প্রয়োজন ইনবক্সে",Loading...
Derogation,এই মেয়েকে দেখলে মনে হয় জামার সাথে যুদ্ধ করে বের হয়েছে,Loading...
Derogation,"তুই একটা পচা মাল, এটা আর কতো কি দিয়ে ঢাকবি?",Loading...
Non Misogynistic,মেয়েটার হাতে লেখা নোটগুলো দেখলে বোঝা যায় কতটা মনোযোগ দিয়ে পড়ে।,Loading...
Stereotype,বাবা-ভাইয়ের কথা না শোনা মেয়েদের পরিণতি কখনো ভালো হয় না।,Loading...
Non Misogynistic,মেয়েটার পরিকল্পনা গুছানো এবং বাস্তবসম্মত,Loading...
Stereotype,মেয়েদের হাতে টাকা বেশিক্ষণ থাকে না,Loading...
Stereotype,"দেখো, নারী বিচারক রায় দিলে আবেগের ছোঁয়া থাকেই, এটা মানতেই হবে।",Loading...
Derogation,এইসব মেয়ে ক্রিম দিয়ে ফর্সা হয়ে আবার ভাব নেয়,Loading...
Stereotype,"বাঙালি মেয়েদের পরিচ্ছন্নতা যত নিখুঁত, সংসারে গ্রহণযোগ্যতা তত বেশি।",Loading...
Non Misogynistic,নারীরা সমাজের মূল ভিত্তি,Loading...
Stereotype,মেয়েরা কোনো সিদ্ধান্ত নিতে গেলে অনেক বেশি চিন্তা করে,Loading...
Stereotype,মেয়েরা রাগ হলে যুক্তি ভুলে যায়,Loading...
Sexual Harassment,আপু এটা কি আপনার বডিগার্ড নাকি রাতে আপনার বিছানা পাহারা দেওয়ার নাইটগার্ড,Loading...
Derogation,এই মহিলার যুক্তি দেওয়ার ক্ষমতা নেই,Loading...
Stereotype,মেশিনপত্রের কারিগরি বুঝতে গেলে মেয়েদের মাথা ঘুরে ওঠে।,Loading...
Non Misogynistic,মেয়েটার সাংস্কৃতিক কার্যক্রম সমাজে ইতিবাচক প্রভাব ফেলছে।,Loading...
Sexual Harassment,"এই নায়িকা তো একজন নষ্টা, পাড়ার সবাই জানে",Loading...
Non Misogynistic,মেয়েটার শিল্পকলার প্রতি অদম্য আগ্রহ তাকে পেশাদার শিল্পী করে তুলেছে।,Loading...
Derogation,মেয়েটার ক্ষমতা আছে কিন্তু ইচ্ছাশক্তি নেই।,Loading...
Non Misogynistic,মেয়ে মানুষের ভুল হলে সেটা স্বীকার করতে জানে,Loading...
Stereotype,মেয়েরা ক্যারিয়ারের কথা বেশি চিন্তা করে,Loading...
Derogation,এই মহিলা এত মোটা যে চেয়ারে বসলে চেয়ার কাঁদে।,Loading...
Stereotype,"মানতেই হবে, যে মেয়ে চুপ থাকতে জানে, সেই মেয়েই ভালো বউ হয় — এটাই বাস্তব।",Loading...
Non Misogynistic,দিদির ক্ষমা করার ক্ষমতা প্রশংসনীয়,Loading...
Stereotype,মেয়েরা সারাদিন বাসায় বসে থাকে তাই বোঝে না যে বাইরে কি কষ্ট করতে হয়,Loading...
Sexual Harassment,শো করতে যেয়ে শুয়ে এসেছে,Loading...
Sexual Harassment,আপু টা মনে হয় আবাসিক হোটেলে নিয়ে গেলে খুশি হবে,Loading...
Stereotype,মেয়েরা শিক্ষিত হলেও রান্নাঘর তাদের জন্যই সাজানো।,Loading...
Sexual Harassment,"এই মেয়ে ভালো ভালোয় চলো, নাহলে ইজ্জত নষ্ট করে ছাড়ব",Loading...
Non Misogynistic,মেয়েটার ধৈর্য ও অধ্যবসায় তাকে দীর্ঘমেয়াদী লক্ষ্য অর্জনে সাহায্য করে।,Loading...
Sexual Harassment,আপার কোনো কিছু দেখাতে সমস্যা নাই মনে হয়,Loading...
Stereotype,"মানতেই হবে, মেয়েদের আবার কীসের ক্যারিয়ার, সংসারই তো আসল।",Loading...
Sexual Harassment,এই নায়িকা সেক্সুয়াল সিডিউস করছে,Loading...
Non Misogynistic,মাসির আশ্রয় শৈশবের সবচেয়ে আনন্দময় জায়গা,Loading...
Derogation,মেয়েটি কি জানে ওরে কেমন বিশ্রি দেখা যাচ্ছে?,Loading...
Derogation,সস্তা বাজে একটা মহিলা।,Loading...
Sexual Harassment,"এক্সারসাইজের নামে দুধু দেখানোর ধান্দা, দুধ দেখাইতে আসছে না এক্সারসাইজ করতে আসছে বুঝতেছিনা",Loading...
Sexual Harassment,"এই সুন্দরীর ক্যারিয়ার মানে শরীর দেখানো, এটাই সত্য",Loading...
Sexual Harassment,"ম্যাডামকে নিয়ে খাট কাঁপাতে চাই, দাম কত বলো",Loading...
Sexual Harassment,"আরেকটু খুললে আরেকটু বিউটিফুল কুউন লাগতো, সব ভালো ভাবে দেখা যাইত",Loading...
Derogation,মেয়েটার অতিরিক্ত আবেগ সব পরিস্থিতি নষ্ট করে,Loading...
Sexual Harassment,"এই মেয়ে শোনো, তুমি যদি আমার সঙ্গে রুম ডেট না করো, তোমার সব নগ্ন ছবি আমি ভাইরাল করে দেব",Loading...
Stereotype,মেয়ে মানুষ খুশিতে লাফালাফি করলে দেখতে বেমানান লাগে,Loading...
Non Misogynistic,তিনি একজন দক্ষ নারী কর্মী,Loading...
Derogation,এই মেয়েটার বিতর্কে অংশ নেওয়া হাস্যকর,Loading...
Non Misogynistic,মেয়েটার ব্যক্তিত্বে এক অদ্ভুত মাধুর্য আছে,Loading...
Derogation,এই মেয়েকে পরিপক্ক বলা যায় না কোনোভাবেই,Loading...
Non Misogynistic,মেয়েটা যে বিষয়টা তুললেন সেটা নিয়ে কেউ কথা বলে না সাধারণত,Loading...
Sexual Harassment,এই সুন্দরীর ঢোল ছাড়া ভিডিওতে কিছুই নড়ছে না,Loading...
Non Misogynistic,"মেয়েটা প্রতিদিনের ছোট ছোট অর্জনকে উদযাপন করে, এটা তাকে উৎসাহিত রাখে।",Loading...
Sexual Harassment,মামুনিকে নিলামে তুললে সাইজ দেখে দাম বলবে সবাই,Loading...
Non Misogynistic,শিক্ষার আলো পেলে একটি মেয়ে নিজে থেকেই পথ খুঁজে নিতে পারে।,Loading...
Derogation,মেয়েটার বক্তব্য শুনলে মাথায় কিছু ঢোকে না,Loading...
Derogation,মেয়েটার ফাউন্ডেশন গলার চেয়ে মুখে দুই শেড বেশি।,Loading...
Non Misogynistic,মেয়েটা ক্যারিয়ারে এতদূর এসেছে কারণ সে কখনো হাল ছাড়েনি।,Loading...
Non Misogynistic,মেয়েদের প্রতি সম্মান ও সহমর্মিতার সমাজ গড়তে সবার উদ্যোগ দরকার।,Loading...
Sexual Harassment,এই সুন্দরীর আজকের ইনবক্সে এর পর রাতের ভিউ দ্বিগুণ হবে,Loading...
Non Misogynistic,মেয়েটা শুধু পাঠ্যবই না পড়ে বাইরের বই পড়েও জ্ঞান বাড়াচ্ছে।,Loading...
Sexual Harassment,বিয়া করলে তো অন্য ব্যাটাকে সাথে নিয়ে নাচ করতে পারবে না,Loading...
Stereotype,বর্তমান মডেল নায়িকা দের জামা কাপড় ছোট হয়ে যাচ্ছে,Loading...
Derogation,এই মহিলার পোস্ট দেখলে বোঝা যায় মাথায় কিছু নেই,Loading...
Non Misogynistic,মেয়েটা মা হিসেবে তার সন্তানের কাছে সাহস ও দৃঢ়তার প্রতীক।,Loading...
Non Misogynistic,বোনটি বিচার করার সময় ব্যক্তিগত আবেগ আলাদা রাখেন,Loading...
Stereotype,মেয়েদের স্বভাবই ছেলেদের শরীর দেখিয়ে পাগল করা,It's the nature of girls to drive boys crazy by showing off their bodies.
Stereotype,"দেখো, হিজাব না পরা মেয়েদের নিয়ে সমাজে কথা উঠবেই।",Loading...
Non Misogynistic,মহিলা গণমাধ্যম কর্মী সমাজের বাস্তবতা তুলে আনেন,Loading...
Sexual Harassment,বোঝা গিয়েছে এর মা অনেকের সাথে থেকে একে জন্ম দিয়েছে,Loading...
Non Misogynistic,মেয়েদের নিজের সম্পত্তির অধিকার নিশ্চিত করা প্রয়োজন,Loading...
Derogation,"চুতমারানি বেডি, ছিড়তে পারেনা ভেড়ীর বাল কিন্তু লাফ দিয়া ধরে মাইনসের বাল",Loading...
Stereotype,মায়েরা কাজে গেলে বাচ্চারা ঠিকমতো মানুষ হয় না,Loading...
Stereotype,"মেয়ে মানুষের পড়াশোনা ভালো মানে, তার মানে সংসারে কোনো মন নেই",Loading...
Derogation,বিশ্ব চুদমারানি বলে কথা!,Loading...
Derogation,মেয়েটার নাচ দেখে মনে হয় পা দুটো নিজের নিয়ন্ত্রণে নেই,Loading...
Stereotype,"মেয়েদের দিয়ে জটিল সমস্যা সমাধান হয় না, আবেগ আড়ালে এসে যায়",Loading...
Derogation,তোরে যে পছন্দ করে যে ওর রুচিতে সমস্যা,Loading...
Derogation,এই মেয়ে বাংলা ঠিকমতো বলতে পারে না ইংরেজিও না,Loading...
Derogation,মেয়েটাকে দেখলে মনে হয় মানবিকতার বালাই নেই,Loading...
Stereotype,মেয়েরা মেয়র হলে শহরের উন্নতি কমে যায়,Loading...
Sexual Harassment,পরিচালকগণ টিপে বড় করে দিয়েছে সাধারণ মানুষের দেখার জন্য,Loading...
Derogation,ওই ফালতু মেয়ে কে নিয়া নিউজ করা মানে বোকামি ছাড়া আর কিছুই না,Loading...
Derogation,এই মেয়েকে যত শেখানো যায় তত ভুলে যায়,Loading...
Derogation,এই মেয়ে জিমে গেলে ট্রেডমিল ভেঙে যাবে,Loading...
Derogation,বাপে চালায় রিক্সা। অটোওয়ালা মেয়ের কত ভাব ভঙ্গিমা ! দেখলেই পিত্তি জ্বলে যায়,Loading...
Non Misogynistic,"মেয়েটা ডিজিটাল মার্কেটিংয়ে বিশেষজ্ঞ হয়ে উঠেছে, পরিশ্রমের ফল।",Loading...
Stereotype,মেয়েরা সোশ্যাল মিডিয়ায় ফিলটার ব্যবহার করে আসল রূপ লুকায়,Loading...
Stereotype,"যতই অস্বীকার করুক, সালোয়ার-কামিজের জায়গায় টপস পরা মেয়েরা সংস্কৃতি ভুলে গেছে।",Loading...
Derogation,মেয়েটার কাছ থেকে ক্ষমা পাওয়া মানে অলৌকিক ঘটনা।,Loading...
Non Misogynistic,মেয়েটি গ্রামীণ নারীদের প্রশিক্ষণ দিচ্ছেন,Loading...
Non Misogynistic,আপু পড়াশোনার পাশাপাশি প্রকল্পেও সমান দক্ষ,Loading...
Non Misogynistic,মেয়েটার সামাজিক সচেতনতামূলক কাজ অনেক মানুষের জীবন বদলে দিয়েছে।,Loading...
Non Misogynistic,মেয়েদের শিক্ষায় সমান বিনিয়োগ না করলে সমাজের অর্ধেক সম্ভাবনা অব্যবহৃত থেকে যায়।,Loading...
Sexual Harassment,তুমি এখানে কি কর? তুমি যাও খাট কাঁপিয়ে আসো,Loading...
Sexual Harassment,"এই মাগি, ৫০ হাজার দিচ্ছি, একটা রাত কাটিয়ে যাও আমার সাথে",Loading...
Derogation,মেয়েটার মা কীভাবে মানুষ করেছে এই মেয়েকে ভাবলে অবাক লাগে।,Loading...
Derogation,দুই দিনের বৈরাগী ভাত কে বলে অন্ন । শয়তান মহিলা এক নাম্বার বেইমান,Loading...
Derogation,ওর শাড়ি পড়ার স্টাইল দেখে মনে হয় কেউ ছুঁড়ে মেরেছে,Loading...
Derogation,এই মহিলার কপালে বলিরেখা দেখলে মনে হয় বয়স ৫০ পেরিয়েছে।,Loading...
Non Misogynistic,মেয়েটির অর্জন সত্যিই প্রশংসা করার মতো,Loading...
Non Misogynistic,মেয়েটার ব্যক্তিগত ও পেশাদার জীবনের ভারসাম্য তার বিচক্ষণতার প্রমাণ।,Loading...
Stereotype,মেয়েদের কষ্ট অর্ধেক অন্য মানুষ সামলায়,Loading...
Non Misogynistic,পরিবার মেয়েটার পাশে থাকলে সে যেকোনো চ্যালেঞ্জ মোকাবিলা করতে পারে।,Loading...
Non Misogynistic,দিদি দরিদ্রদের জন্য স্কুল চালু করেছেন,Loading...
Derogation,এই মহিলার ব্যর্থতার তালিকা অনেক লম্বা,Loading...
Derogation,বুড়া বেডার বউ হইতে ভাল লাগে আর ভাবী হইতে ভাল লাগে না ।,Loading...
Stereotype,মেয়েরা বন্ধুত্বেও অনেক ইমোশনাল হয়ে যায়,Loading...
Stereotype,বিয়ের পর শ্বশুরবাড়ির সঙ্গে মানিয়ে নিতে না পারাটাই বউয়ের ব্যর্থতা।,Loading...
Derogation,"এই মহিলার গহনা পরার রুচি নেই, সোনার বদলে পলা পরে।",Loading...
Derogation,তোর মতো ভিকারি মেয়েকে পায়ের জুতার নিচে রাখা উচিত,A vile girl like you should be put under the shoe.
Stereotype,মেয়েদের বন্ধুত্ব দু-চার মাসের বেশি টেকে না।,Loading...
Derogation,নটিদের লিস্ট করে যদি মেডেল বা এওয়ার্ড দেওয়া হত তাহলে তোমার বাসায় এতো মেডেল বা এওয়ার্ড ধরতো কিনা সন্দেহ আছে।,Loading...
Non Misogynistic,মেয়েটি পথ-কুকুরদের খাবার দেন প্রতিদিন,Loading...
Stereotype,নারীদের অহংকার সংসারে কখনো শোভা পায় না,Loading...
Non Misogynistic,মেয়েদের জন্য নিরাপদ শহর গড়া মানে সবার জন্য আরও ভালো শহর গড়া।,Loading...
Stereotype,পোশাকের ওপর মেয়েদের সম্মান নির্ভর করে,Loading...
Sexual Harassment,"ভাই একটু রুমে নিয়ে যান মজা বেশি পাবেন, সুযোগ হইলে কাম করে ছেড়ে দেন",Loading...
Non Misogynistic,মেয়েদের নিজস্ব মতামত ও সিদ্ধান্তকে গুরুত্ব দেওয়াই সুস্থ সম্পর্কের ভিত্তি।,Loading...
Derogation,এই বেডির টাস্ক কমপ্লিট করতে দশগুণ বেশি সময় লাগে।,Loading...
Derogation,মেয়েটার হাল ছেড়ে দেওয়ার অভ্যাস দেখলে বিরক্ত হই।,Loading...
Stereotype,আজকালকার মেয়েদের রাজনীতি বোঝার ক্ষমতা প্রায় অস্তিত্বহীন ,Loading...
Sexual Harassment,"জীবনে আর কত বাসর ঘর করবা, আমার কাছে এসে আমাকেও একটু মজা দাও",Loading...
Non Misogynistic,বোনটি প্রতিটি ব্যর্থতাকে শিক্ষা মনে করেন,Loading...
Non Misogynistic,বোনটি মানসিক সাহায্যের জন্য সবসময় উপলব্ধ,Loading...
Sexual Harassment,"এই সুন্দরীর আপেল দুটো খেতে চাই, দেবে?",Loading...
Derogation,এই বেডিরে কোন দিক থেকে মডেল লাগে,Loading...
Stereotype,"সত্যি বলতে যেসব মেয়েরা প্রতিবাদ করে, তারা সংসার করার যোগ্য না — এটাই বাস্তব।",Loading...
Stereotype,মেয়েরা বেশি আধুনিক হলে সংস্কৃতি থেকে দূরে সরে যায়,Girls become more modern and move away from culture.
Stereotype,নেতৃত্বের ভার মেয়েদের কাঁধে রাখলে পুরো দল ভেঙে যায়।,Loading...
Derogation,মেয়েটা ডিভোর্স দিয়ে এখন বড় কথা বলে বেড়ায় বারো ঘাটের পানি খাওয়া মহিলা কোথাকার,Loading...
Sexual Harassment,"নিজে বেশ্যা হলেও সমস্যা নাই, তবে ভালো জীবনসঙ্গী চাই",Loading...
Sexual Harassment,মেয়েটি ব্লাউজটা না পরলেও চলত,Loading...
Stereotype,মেয়েরা সারাক্ষণ কেউ তাদের মনোযোগ দিচ্ছে কিনা সেটা খেয়াল করে,Loading...
Derogation,এই বেডির আসল চেহারা কেউ দেখলে অবাক হবে।,Loading...
Derogation,মেয়েটার দম্ভ দেখলে বোঝা যায় কতটা অপরিপক্ক।,Loading...
Stereotype,মেয়েরা বাইরে বেশি আড্ডা দিলে সংসারের বারোটা বাজে,Loading...
Sexual Harassment,"নর্তকীর বিকাশ নাম্বার দাও, ডিল করি রাতের জন্য",Loading...
Non Misogynistic,দিদি পরিপাটি থাকতে পছন্দ করেন,Loading...
Sexual Harassment,"এই সুন্দরী তোমাকে নিয়ে খাট কাঁপাতে চাই, রেট কত বলো",Loading...
Derogation,মেয়েটার সালোয়ার কামিজ পরার কায়দা দেখলে হাসি আটকানো কঠিন।,Loading...
Stereotype,রেসটুরেন্ট মেয়ে মানুষ একা যেতে নেই,Loading...
Stereotype,"যুগ যুগ ধরে দেখে আসছি, শহরের মেয়েদের কণ্ঠ যত মিষ্টি, স্বামীর ঘর তত মজবুত।",Loading...
Sexual Harassment,ম্যাডাম আমার সাথে রুমে চলো মজা দিবো তোমাকে,Loading...
Non Misogynistic,বোনটি কঠিন সময়েও মনোবল হারায় না,Loading...
Derogation,এই মেয়ের আইশ্যাডো দেখলে মনে হয় বাক্সের ময়লা চোখে মেখেছে,Loading...
Non Misogynistic,মহিলা ক্রিকেটাররা বিশ্ব মঞ্চে দেশের নাম উজ্জ্বল করছেন,Loading...
Stereotype,মহিলা প্রধান শিক্ষক হলে স্কুলের মান কমে যায়,Loading...
Non Misogynistic,মেয়েটার সৃজনশীলতা ও বিচক্ষণতার সমন্বয় তাকে অনন্য পেশাদার করেছে।,Loading...
Sexual Harassment,সাইজ দেখেই বোঝা যায় কয়টা প্রেম করছো,Loading...
Sexual Harassment,ফ্যামিলি কার্ড এর দরকার কি তোমার তো রাতেই ভালো ব্যবসা হয়,Loading...
Derogation,মেয়েটার মুখের এই ব্রণ দেখলে মনে হয় কিছু একটা করা উচিত।,Loading...
Non Misogynistic,মেয়েটার সামাজিক উদ্যোগ পরিবর্তনের একটি ধারা শুরু করেছে যা থামবে না।,Loading...
Non Misogynistic,মেয়েদের প্রযুক্তি শিক্ষায় বিনিয়োগ করলে দেশ দ্রুত এগিয়ে যাবে।,Loading...
Non Misogynistic,মেয়েটার মা বলেছেন সংসার সামলানো মানে নিজেকে হারিয়ে ফেলা নয়।,Loading...
Non Misogynistic,নারীদের জন্য সুযোগের সমতা সমাজকে এগিয়ে নেয়,Loading...
Stereotype,একা ক্যাফেতে বসা মেয়েদের দেখলে মনে হয় কারো জন্য অপেক্ষা করছে,Loading...
Derogation,"তোর মুখটা হাঁড়ির মতো গোল, দেখতে ভালো লাগে না।",Loading...
Derogation,মেয়েটার অভিযোগের ফিরিস্তি শেষ হয় না।,Loading...
Stereotype,"সবাই জানে, অফিসে চাপ এলে মেয়েদের শরীর খারাপের অজুহাত প্রথমেই দাঁড়িয়ে যায়, এটা মানতেই হবে।",Loading...
Derogation,এই মেয়ে বাজারের নর্তকি,Loading...
Sexual Harassment,"প্রচুর খেলতে হবে তোমার সাথে, হোক মাঠে বা খাটে",Loading...
Sexual Harassment,নর্তকীর ২ মিনিটের ভিডিও এখন সবার কাছে,Loading...
Non Misogynistic,মেয়েদের বিরুদ্ধে বৈষম্যমূলক আইন পরিবর্তন করা সমাজের অগ্রগতির লক্ষণ।,Loading...
Sexual Harassment,দিনে দিনে ওই মেয়ের কাপড় ছোট হয়ে যাচ্ছে,Loading...
Non Misogynistic,বোনটির সাদাসিধে সাজে এক বিশেষত্ব আছে,Loading...
Non Misogynistic,আপুর বক্তৃতা শ্রোতাদের মুগ্ধ করে,Loading...
Sexual Harassment,"ইশ, তোমার ওইখানে যদি একটু ধরে টিপ দিতে পারতাম",Loading...
Sexual Harassment,তুমি রাস্তায় হোগামারা দাও তাতে মানুষের কি,Loading...
Non Misogynistic,নারী এথিকাল হ্যাকার সিস্টেম সুরক্ষিত রাখতে সাহায্য করেন,Loading...
Non Misogynistic,আন্টির হাসিটা দেখলেই মন ভালো হয়ে যায়,Loading...
Stereotype,প্রতিটা মেয়ের কাছে তার বাবাই প্রথম হিরো তার জীবনে,Loading...
Stereotype,নায়িকা হতে গেলে সবাইকে বিছানায় নিতে হয়,Loading...
Non Misogynistic,মেয়েটার অরিগামি কাজ মুগ্ধকর,Loading...
Sexual Harassment,"তোমাকে চেটে দিতে চাই খুকুমণি, আসো একবার",Loading...
Sexual Harassment,মেডাম বিয়ের আগে কত পুরুষের স্বাদ পেয়েছে করো হিসাব নাই,Loading...
Non Misogynistic,মেয়েটার তথ্য সংগ্রহের পদ্ধতি বিজ্ঞানভিত্তিক,Loading...
Derogation,এই বেডির পোস্ট কেউ শেয়ার করে না কারণ দেখার মতো না।,Loading...
Derogation,"বোন, এইসব ড্রেস পরে আর হাসির পাত্র হইস না",Loading...
Stereotype,মেয়েদের ক্যারিয়ার গড়ার চেয়ে ভালো ঘর সংসার গড়া,Loading...
Non Misogynistic,মহিলা পুষ্টিবিদ স্বাস্থ্যকর খাদ্যাভ্যাস তৈরিতে সাহায্য করেন,Loading...
Sexual Harassment,নিচের বাল কাটার ভিডিও করে দিলেও তো কিছু পয়সা কামাই হয় ওটা আর বাদ দিস কেন?,Loading...
Stereotype,নায়িকাদের কাজই শরীর দেখানো,Loading...
Sexual Harassment,এই মাগি ব্লাউজের পেছন না কেটে সামনে দিয়ে কাটও,Loading...
Stereotype,মেয়েরা যা শেখে তা প্র্যাকটিক্যালি প্রয়োগ করতে পারে না,Loading...
Sexual Harassment,"মেয়েটা এমন একটা মাল, সবাই খেতে চায়",Loading...
Non Misogynistic,মেয়েটি ছোটখাটো খুঁটিনাটি বিষয়ও মনে রাখে,Loading...
Stereotype,তারা ব্যর্থ হলে মেয়ে হওয়ার দোহাই দেয়,Loading...
Non Misogynistic,দিদির আত্মনির্ভরতা সমাজের নজির,Loading...
Stereotype,মেয়ে সন্তান জন্ম নিলে পরিবারে নীরব দীর্ঘশ্বাস পড়ে।,Loading...
Sexual Harassment,"আমি ১০ লাখ দিবো,আমার খাটে ১ সপ্তাহ থাকতে হবে",Loading...
Non Misogynistic,উচ্চশিক্ষায় মেয়েদের অংশগ্রহণ বাড়া মানে দেশের মেধার ভান্ডার বাড়া।,Loading...
Stereotype,কথার পেছনে অন্য মানে খুঁজতে মেয়েদের জুড়ি নেই — এই কথাটা কখনোই পুরোনো হবে না।,Loading...
Derogation,মুখটা ঘোড়ার মতো দেখতে মেয়েটার,Loading...
Derogation,এই মেয়েকে নিয়ে ভালো ব্যবসা করা যাবে,Loading...
Derogation,এই মহিলার পেশাদারিত্ব দেখলে মনে হয় প্রথমদিন কাজে এসেছে।,Loading...
Derogation,তোর মতো মেয়ে আমার বাসার কাজের বুয়া হওয়ারও যোগ্যতা নাই,Loading...
Sexual Harassment,"এই মডেলের আপেল খেলার মাঠের মতো, দেখে আর মজা পাই না",Loading...
Stereotype,"মেয়েরা সহজাতভাবে বাচাল হয়, বেশি কথা বলে",Loading...
Derogation,এই মহিলা যে একটা মিথ্যুক সেটা তার কথার হাব ভাবেই বুঝা যায়,Loading...
Derogation,এই মহিলার মুখের ভাষা শুনলে বোঝা যায় বস্তিতে মানুষ হয়েছে।,Loading...
Non Misogynistic,"মেয়েটা নিজের জীবন পরিচালনায় কারো উপর নির্ভরশীল নয়, নিজেই সক্ষম।",Loading...
Stereotype,মেয়েরা নিজের মতো করে সংসার চালাতে চাইলে শাশুড়ির সাথে বিবাদ হয়,Loading...
Stereotype,"সত্যি বলতে মেয়েদের চাকরি মানে অফিসের শোভা বাড়ানো, স্বীকার করুক বা না করুক।",Loading...
Sexual Harassment,নর্তকী নমিনেশন পেতে হলে এক রাত কাটাতে হবে,Loading...
Stereotype,"মেয়েরা নেতিবাচক চিন্তা করতে পারে না মানে, ইতিবাচক চিন্তাও করে না ঠিকমতো",Loading...
Sexual Harassment,আর কদিন পরে আপনার ছেলে আপনার ভিডিও দেখে বাথরুমে গিয়ে গিটার বাজাবে,Loading...
Non Misogynistic,মেয়েটা জীবনের পথ নির্বাচনে সম্পূর্ণ নিজের ইচ্ছাকে প্রাধান্য দিয়েছে।,Loading...
Derogation,এই বেডির কাজ করার স্পিড দেখলে মনে হয় কচ্ছপ রেস দিচ্ছে।,Loading...
Sexual Harassment,"উপস্থাপিকার চামড়া টাইট থাকলেই মার্কেটে চলবে, নইলে নয়",Loading...
Derogation,ওর ঠোঁটে এত লিপস্টিক দিয়েছে যে মনে হচ্ছে টমেটো ফেটে গেছে,Loading...
Sexual Harassment,বৌদির চামড়া এমন বানিয়েছে যেন পিছনে তাকানো লাগবে না,Loading...
Sexual Harassment,"এই আপুর সেক্স উঠে গেছে মনে হচ্ছে, এমন করছে কেন",Loading...
Sexual Harassment,ম্যাডামের স্লিভলেস ব্লাউজ দেখে বুঝলাম শরীর দেখানোই উদ্দেশ্য,Loading...
Derogation,ওই অকর্মা মেয়ের দ্বারা এই কাজ হবে না,Loading...
Sexual Harassment,ঢাকার কি আছে খুলেই রাখেন আপু,Loading...
Derogation,এই মেয়ের ব্যক্তিত্ব বলে কিছু নেই অন্যের নকল করে চলে,Loading...
Non Misogynistic,মেয়েটা নিজের অধিকার জানে এবং প্রয়োজনে সেটা দাবি করে।,Loading...
Non Misogynistic,মেয়েটা নিজের কষ্টের কথা সহজে বলে না,Loading...
Derogation,আপনাকে দেখলে আপু আমার মাথা গরম হয়ে যায়,Loading...
Non Misogynistic,মহিলা প্রত্নতত্ত্ববিদ মাটির নিচ থেকে সংস্কৃতি উদ্ধার করেন,Loading...
Sexual Harassment,এই ডিজেকে নিলামে তুললে সাইজ দেখে দাম বলবে সবাই,Loading...
Stereotype,বাড়ির বউ সারাদিন রান্নাঘরে থাকলে শাশুড়ি মা খুশি হন,Loading...
Derogation,মেয়েটার কাজের ধারা দেখলে মনে হয় টাকা পয়সা নষ্ট হচ্ছে,Loading...
Non Misogynistic,"এই শিক্ষিকার পড়ানোর ধরন একদম ভিন্ন, ভালো লাগে",Loading...
Non Misogynistic,মেয়েটার চলাফেরায় আত্মবিশ্বাস ফুটে ওঠে,Loading...
Stereotype,মেয়েরা মানুষকে ইগনোর করতে পছন্দ করে,Loading...
Stereotype,মেয়েদের খুব দ্রুত মুড সুইং হয়,Loading...
Sexual Harassment,মেয়েটাকে খাটে নিতে চাই আর দেখতে চাই খাট ক্যামন কাঁপাইতে পারে,Loading...
Derogation,মেয়েটার পেশাদার আচরণ দেখে বোঝা যায় কতটা অপরিপক্ক।,Loading...
Derogation,"মেয়েটার ঘরোয়া কাজকর্মের কোনো ধারণা নেই, অকর্মার ঢেঁকি",Loading...
Non Misogynistic,"ম্যাম আপনার পোস্ট দেখলে মনে হয় কিছু একটা করি, প্রতিবাদ জানাই",Loading...
Derogation,এই মেয়েকে দেশের আবর্জনা বললেই চলে,Loading...
Non Misogynistic,"মেয়েটার প্রতিটি কাজে একটা উদ্দেশ্য আছে, অকারণে কিছু করে না।",Loading...
Derogation,মেয়েটার কারণে চারপাশের পরিবেশ ভারী হয়ে যায়।,Loading...
Non Misogynistic,মেয়েটার গানের কণ্ঠ অনেক সুন্দর,Loading...
Stereotype,সব মেয়েরা লম্বা ছেলেই চায়,Loading...
Non Misogynistic,নারী ফিটনেস কোচ সুস্থ জীবনযাপন শেখাচ্ছেন,Loading...
Stereotype,"যতই অস্বীকার করুক, বিয়ের প্রস্তাব বারবার ফিরিয়ে দেওয়া মেয়েদের অহংকার ভয়াবহ।",Loading...
Stereotype,"অভিজ্ঞতা বলে, কোএডুকেশনে পড়া মেয়েদের চরিত্র নিয়ে চিন্তা থাকেই।",Loading...
Stereotype,"মেয়েরা যত পড়াশোনাই করুক, শেষমেশ রান্নাঘরেই ফিরে আসতে হয়",Loading...
Non Misogynistic,দিদির রিকশাচালকের সাথে কথা বলা শ্রদ্ধার পরিচয়,Loading...
Non Misogynistic,মেয়েটা ভালো ফল করেছে বলে পাড়া জুড়ে আনন্দের হাওয়া বইছে।,Loading...
Non Misogynistic,ভাবি সংসারে শৃঙ্খলা নিয়ে এসেছেন,Loading...
Non Misogynistic,আপু আইনি সাহায্যের মাধ্যমে অধিকার আদায় করেছেন,Loading...
Sexual Harassment,তোমার নাভীতে মধু ঢেলে চেটে চেটে খেতে চাই,Loading...
Non Misogynistic,আপু সবার মতামত নিয়ে সিদ্ধান্ত নেন,Loading...
Sexual Harassment,এই মহিলার ডাব দুটো কত টাকায় বিক্রি করবে?,Loading...
Non Misogynistic,মেয়েটা সমাজের প্রতি দায়িত্ব অনুভব করে এবং সক্রিয়ভাবে পরিবর্তনের জন্য কাজ করে।,Loading...
Stereotype,"মেয়েরা তাৎক্ষণিক সিদ্ধান্ত নিতে পারে না, সব কিছু নিয়ে ভেবে বসে থাকে",Loading...
Non Misogynistic,মেয়েটার মানসিক শক্তি তাকে যেকোনো প্রতিকূলতা অতিক্রম করতে সাহায্য করে।,Loading...
Stereotype,বিয়ের পর মেয়েরা স্বামী ছাড়া চলতে পারে না,Loading...
Stereotype,"আসলে কৌশলগত চিন্তাভাবনায় মেয়েরা সবসময় পিছিয়ে, স্বীকার করুক বা না করুক।",Loading...
Non Misogynistic,শাড়িতে তোমাকে ভালোই লাগছে,Loading...
Sexual Harassment,"এই মেয়ে পুরো উলঙ্গ হয়ে যা না, একটু দেখতাম",Loading...
Non Misogynistic,আপু কখনো মিথ্যার আশ্রয় নেন না,Loading...
Stereotype,মেয়েরা সিনিয়র পদে গেলে জুনিয়রদের সাথে ভালো আচরণ করে না,Loading...
Non Misogynistic,মহিলাটি যেকোনো পরিস্থিতিতেই ঠাণ্ডা মাথায় কাজ করেন,Loading...
Non Misogynistic,বোনটি একা সাফল্যের জন্য লড়েছেন,Loading...
Non Misogynistic,মেয়েটা কঠিন সিদ্ধান্তের মুখে আত্মবিশ্বাসের সাথে সঠিক পথ বেছে নিয়েছে।,Loading...
Non Misogynistic,মেয়েটার নেতৃত্বের প্রতিটি পদক্ষেপে দলের স্বার্থ সবার আগে থাকে।,The interests of the party come first in every step of the girl's leadership.
Non Misogynistic,মহিলা সামাজিক কর্মীটি পারিবারিক সহিংসতার শিকারদের পুনর্বাসনে কাজ করছেন।,Loading...
Sexual Harassment,এই মহিলার গঠন আসলে টাকা ছাপানোর মেশিন,Loading...
Non Misogynistic,কাকিমা পরিবারের প্রতিটি সদস্যকে গুরুত্ব দেন,Loading...
Stereotype,"মেয়েরা টাকা সামলালে পরিবারের অর্থনীতি লেজেগোবরে, এটা মানতেই হবে।",Loading...
Derogation,এই বেডির এত সময় থাকে কিন্তু কিছুই করে না।,Loading...
Stereotype,ছেলেরা কাঁদলে দুর্বল আর মেয়েরা কাঁদলে স্বাভাবিক,Loading...
Non Misogynistic,প্রতিটি মেয়ে তার নিজের শর্তে বাঁচার অধিকার রাখে।,Loading...
Derogation,মেয়েটা আরেকটু মোটা হলে রাস্তায় আর হাটার জায়গা থাকতো না,Loading...
Sexual Harassment,এই সুন্দরী রুম ডেটে না এলে নগ্ন ছবি ভাইরাল করে দেব,Loading...
Stereotype,"যতই অস্বীকার করুক, যেকোনো ক্রাইসিসে পুরুষই সামনে দাঁড়ায়, মেয়েরা পেছনে — এটাই বাস্তব।",Loading...
Non Misogynistic,মেয়েটার মা তাকে শিখিয়েছেন নিজের উপর বিশ্বাস রাখতে।,Loading...
Derogation,এই মহিলার মানসিক পরিপক্কতা দেখে মনে হয় বয়স বাড়েনি,Loading...
Stereotype,"যতই অস্বীকার করুক, নিজের বাড়িতে বন্ধু ডাকা মেয়েদের সংস্কারে অভাব",Loading...
Stereotype,মেয়েদের সায়েন্টিস্ট হওয়ার স্বপ্ন দেখা হাস্যকর,Loading...
Sexual Harassment,"মেয়েটি ক্যামেরা যত নিচে নামাচ্ছে, কাপড় তত উপরে উঠছে",Loading...
Sexual Harassment,ভাবির আপেল দেখে চোখ সরাতে পারছি না,Loading...
Non Misogynistic,বোনটির লক্ষ্যে অটুট থাকার ক্ষমতা প্রশংসনীয়,Loading...
Derogation,এই মহিলার মুখোশ একদিন খুলে যাবে।,Loading...
Non Misogynistic,আপু আমি আমার সাথে অভিনয় করতে চাই,Loading...
Derogation,এ বেটির নাটক মানেই আচুদা অবান্তর প্রেম পিরিতি,Loading...
Stereotype,মন্ত্রণালয়ের ফাইল মেয়েদের হাতে দিলে দেরি অবধারিত।,Loading...
Stereotype,"ইঞ্জিনিয়ারিং মেয়েদের জন্য নয়, তাদের অ্যাকাউন্টিং পড়া উচিত",Loading...
Non Misogynistic,"ভাবি আপনি কোনো ভুল করলে সরাসরি বলে দেন, এতেই বোঝা যায় আপনি কতটা সহজ সরল",Loading...
Non Misogynistic,এই শালীন ড্রেসে আপনাকে অনেক সুন্দর লাগছে।,Loading...
Non Misogynistic,"মেয়েটা নিজের উপর বিশ্বাস হারায়নি, তাই সে এগিয়ে যেতে পেরেছে।",Loading...
Non Misogynistic,ওকে কখনো অজুহাত দিতে দেখিনি।,Loading...
Sexual Harassment,এই মেয়ে অনুষ্ঠান শেষে প্রেগনেন্ট হয়ে যেতে পারে,Loading...
Non Misogynistic,মেয়েটার সাহিত্যে মানবিক মূল্যবোধের প্রতিফলন পাঠকদের আলোড়িত করে।,Loading...
Non Misogynistic,আপুর সংগ্রাম প্রতিটি নারীকে অনুপ্রাণিত করে,Loading...
Sexual Harassment,এই মহিলার সোনার দাম এত কম কেন? পচা মাল নাকি?,Loading...
Non Misogynistic,"মেয়েটা নিজের সম্মান রক্ষায় সোচ্চার হয়েছে, এটা অনুসরণীয়।",Loading...
Non Misogynistic,মেয়েটা চুপচাপ থাকে কিন্তু সব খেয়াল রাখে,Loading...
Derogation,মেয়েটা নিজের ভুল স্বীকার করতে পারে না।,Loading...
Non Misogynistic,মেয়েটা সবার মতামত শুনে তারপর নিজের সিদ্ধান্ত নিল,Loading...
Stereotype,মেয়েরা একা ফ্ল্যাটে থাকলে লোকে অনেক কথা বলে ,Loading...
Derogation,মেয়েটার কমিউনিকেশন স্কিল দেখলে মনে হয় গ্রামে বড় হয়েছে।,Loading...
Non Misogynistic,বোনটি যেকোনো রঙের শাড়িতেই মানিয়ে নেন,Loading...
Derogation,ওর মতো মেয়ে নিলজ্জ শ্রেণী থেকে উঠে আসে,Loading...
Sexual Harassment,"এই মেয়ের নাভি দেখে বুঝা যায় , নিচের জায়গায় অনেক রস",Loading...
Derogation,মেয়েটার শিকড় জানলে এতটা ভাব নেওয়া সাজে না,Loading...
Sexual Harassment,এই সাইজের আরও কয়েকটা মেয়ে আসলে আরও জমতো,Loading...
Stereotype,মেয়েরা কান্না দিয়ে সব সমস্যা সমাধান করতে চায়,Loading...
Sexual Harassment,"এই মডেল দেখতে রসের মাল, খেলে আরো মজা",Loading...
Non Misogynistic,মহিলা পরিকল্পনাবিদটি শহরের দীর্ঘমেয়াদী উন্নয়নে মূল ভূমিকা রাখছেন।,Loading...
Sexual Harassment,আপনার দুইটা ঢোল দেখা যাচ্ছে সে ঢোলগুলা বাজাতে পারলে অনেক ভালো লাগত,Loading...
Derogation,এই নটী মেয়ের কপালে কখনো ভালোবাসার মানুষ মিলবো না,Loading...
Derogation,মেয়েটার কান দুটো হাতির কানের মতো বড়।,Loading...
Non Misogynistic,সে কোনো কাজ হাতে নিলে সেটার শেষ দেখে ছাড়ে।,Loading...
Non Misogynistic,মেয়েটি বাবা-মাকে আর্থিক সাহায্য দেন,Loading...
Non Misogynistic,পিসিমার গল্প প্রজন্মের ঐতিহ্য,Loading...
Non Misogynistic,"যেভাবে পরিস্থিতি সামলালো, সেটা ইমপ্রেসিভ ছিল",Loading...
Stereotype,"যতই অস্বীকার করুক, নাইট শিফট দিলে কাজের চেয়ে অজুহাত বেশি দেয়, যুগ যুগ ধরে চলে আসছে।",Loading...
Stereotype,মেয়ে হয়ে রান্না না জানলে পাড়াপড়শি কী বলবে?,Loading...
Derogation,"মেয়েটার ঢংয়ের জ্বালায় বাঁচি না, যত্তসব",Loading...
Non Misogynistic,মেয়েটা নিজের লক্ষ্য সম্পর্কে এতটাই স্পষ্ট যে বাধাগুলো তাকে বিচলিত করতে পারে না।,Loading...
Non Misogynistic,মহিলা নার্স রোগীর প্রতি অত্যন্ত যত্নশীল,Loading...
Non Misogynistic,প্রতিটি মেয়ে নিজের সাফল্যের জন্য নিজেকেই সবচেয়ে বেশি কৃতিত্ব দেওয়ার অধিকার রাখে।,Loading...
Stereotype,মেয়েরা রিলেশনশিপে বেশি নিয়ন্ত্রণ করতে চায়,Loading...
Sexual Harassment,ভাবি মনে হয় নতুন লিঙ্গের স্বাদ গ্রহণ করার জন্য অপেক্ষা করছে,I feel like I'm waiting to taste a new sex.
Derogation,মেয়েটা গান গাওয়ার চাইতে ঢং করে বেশি।,The girl acts more than she sings.
Non Misogynistic,প্রতিটি মেয়ের মতামতকে তার পরিবার সম্মান করলে সে আরও শক্তিশালী হয়।,Loading...
Non Misogynistic,"আপুর সাথে শুধু একবারই কথা হয়েছিল, কিন্তু এখনও মনে আছে খুব সুন্দর কথা বলে",Loading...
Non Misogynistic,মেয়েদের কাছে নিজের ভবিষ্যতের চেয়ে নিজের পরিবার আগে,Loading...
Stereotype,মেয়েরা নিমনিমা শয়তান,Loading...
Sexual Harassment,এই মেয়েকে কতজন চেটেছে তার হিসাব কেউ রাখেনি,Loading...
Stereotype,"যুগ যুগ ধরে দেখে আসছি, গ্রামের মেয়েদের উচিত হাসির শব্দ যাতে ঘরের বাইরে না যায়, সেটা নিশ্চিত করা, এটা মানতেই হবে।",Loading...
Non Misogynistic,এই মেয়েটা ইন্টারভিউতে যা বলল সেটা সবার শোনা দরকার,Loading...
Sexual Harassment,তুমি খেতে চেরি ফলের মতোই মিষ্টি হবে,Loading...
Derogation,এই মহিলার কথা বলার ধরন শুনলে বোঝা যায় কোনো শিক্ষাদীক্ষা নেই।,Loading...
Sexual Harassment,"এই মেয়ে তো একজন নষ্টা, পাড়ার সবাই জানে",Loading...
Derogation,এসব মেয়েদের তালাক দেওয়া উচিত,Loading...
Sexual Harassment,ভাবির সাইজ এমন বানিয়েছে খাইতে সেই মজা লাগবে,Loading...
Sexual Harassment,তুই আসলেই সেক্সি একটা মাল,You are really sexy.
Non Misogynistic,মেয়েটার একাগ্রতা দেখে তার সহপাঠীরা অনুপ্রেরণা নিচ্ছে।,Loading...
Stereotype,মেয়েরা মতামত দিলে সংসারে তা ঝগড়া ডেকে আনে — এটাই বাস্তব।,Loading...
Derogation,"চেহারা দেখলে তো বমি আসে, আবার নাকি নায়িকা!",Loading...
Stereotype,মেয়েদের ঠিক বয়সে বিয়ে না দিলে পরিবারের বোঝা হয়ে যায়,Loading...
Sexual Harassment,সুন্দরী সিক্রেট লিংক ভাইরাল হবে কবে?,Loading...
Stereotype,মেয়েরা অফিসে কারো সাথে একটু কথা কাটাকাটি হলে কাঁদতে বসে,Loading...
Stereotype,মেয়ে মানুষের মাথায় ব্যবসায়িক বুদ্ধি কম থাকে,Loading...
Sexual Harassment,আমার ইচ্ছামতো না চললে তোমার তথ্য সবার মধ্যে ছড়িয়ে দেওয়া হবে।,Loading...
Non Misogynistic,মেয়েটা ক্লাসে অন্য সবাইকে সাহায্য করতে প্রস্তুত থাকে।,Loading...
Derogation,তোর মতো বিরক্তিকর মেয়ে কম দেখেছি।,Loading...
Sexual Harassment,নষ্টা মেয়ে লুচ্চা মেয়ে বারোভাতারি ডাকলে সবাই খুশি হবে,Loading...
Sexual Harassment,ম্যাডামের আপেল দেখে চোখ সরাতে পারছি না,Loading...
Stereotype,"মেয়েরা ফিল্ড জবে যেতে পারে না, শারীরিক কারণ আছে",Loading...
Sexual Harassment,"তোমার ডাব ধরে একটু টিপে দিই, জ্বালা মিটবে",Loading...
Stereotype,যেকোনো সিদ্ধান্ত নিতে গেলে মেয়েরা চিন্তা করে না পরে কী হবে,Loading...
Stereotype,গভীর রাতে বাইরে থাকা মেয়েদের নিয়ে সন্দেহ করাই স্বাভাবিক বলে অনেকে মনে করে।,Loading...
Stereotype,অফিসের রাজনীতিতে মেয়েরা সবচেয়ে দ্রুত জড়িয়ে পড়ে।,Women are the quickest to get caught up in office politics.
Derogation,মেয়েটার মাথাভর্তি গোবর। একদমই অযোগ্য,Loading...
Non Misogynistic,মেয়েটির ভিডিও কনটেন্ট সৃজনশীল,Loading...
Non Misogynistic,যাক মেয়েটার সাহস আছে প্রতিবাদ করার,Loading...
Non Misogynistic,মেয়েটি সমস্যাকে সুযোগে রূপান্তর করতে পারদর্শী,Loading...
Sexual Harassment,তোমার কাছে কুকুর যায় কিনা দেইখো,Loading...
Sexual Harassment,"তোকে চেটে দিতে চাই খুকুমণি, আসো একবার",Loading...
Sexual Harassment,"এই আপু কচি বয়সে পাহাড় তো ভালোই বড় বানিয়েছো , কত মানুষের হাত আছে?",Loading...
Stereotype,"মেয়েরা প্রেশার নিতে পারে না, কাজের মাঝে বিরতি বেশি চায়",Loading...
Sexual Harassment,বউদি লিঙ্ক টা কবে ভাইরাল হবে,Loading...
Non Misogynistic,মেয়েটার তথ্যচিত্র শিক্ষামূলক,Loading...
Non Misogynistic,এই নায়িকার কাজ নিয়ে আলোচনা সমালোচনা দুইটাই আছে,Loading...
Stereotype,গ্রামের মেয়েদের উচিত রাতে দশটার আগে বাড়ি ফেরা — এটাই সত্য।,Loading...
Sexual Harassment,ভাবি ব্লাউজের পেছন কেটে কাকে দেখাচ্ছ?,Loading...
Derogation,এই মেয়েটার পেশাদারিত্ব বলে কিছু নেই,Loading...
Non Misogynistic,মেয়েটার প্রতিটি পদক্ষেপ তার স্বপ্নের দিকে একটি সুনির্দিষ্ট অগ্রযাত্রা।,Loading...
Sexual Harassment,বউদি তোমার খাবার গুলো উপরের অ্যাঙ্গেল থেকে দেখব,Loading...
Derogation,এগুলার মতো ফালতু মেয়ে কার ঘরের বউ হবে,Loading...
Sexual Harassment,মহিলাকে রুমে নিয়ে এসে খেলতে পারলে ভালো লাগত,Loading...
Stereotype,মেয়েদের বিয়ের বয়স পেরিয়ে গেলে পরিবার চিন্তায় পড়ে যাওয়া স্বাভাবিক।,Loading...
Stereotype,স্বাধীনচেতা মেয়েরা বেশি সাজগোজ মানেই দৃষ্টি কুড়ানোর ধান্ধা,Loading...
Non Misogynistic,মেয়েটি জীবনের প্রতিটি পরীক্ষায় উত্তীর্ণ হয়েছেন,Loading...
Non Misogynistic,"আপু তোমার এই উদ্যোগে অনেকেই উপকৃত হচ্ছে, বুঝতে পারছ কিনা জানি না",Loading...
Stereotype,"আসলে আবিষ্কারের ইতিহাসে মেয়েদের নাম এত কম, সেটাই বলে দেয় সবকিছু।",Loading...
Non Misogynistic,দিদির মধ্যস্থতার ক্ষমতা প্রশংসনীয়,Loading...
Derogation,এই মহিলা এত খাটো যে ভিড়ের মধ্যে খুঁজে পাওয়াই মুশকিল,Loading...
Non Misogynistic,মেয়েটা একা বিদেশে গিয়ে এত কিছু করছে,Loading...
Non Misogynistic,বোনটির হাতের কাজ পরিবারে ঐতিহ্য বহন করে,Loading...
Non Misogynistic,মেয়েটা সহজে বিশ্বাস করে না কিন্তু একবার করলে আর সরে না,Loading...
Derogation,মেয়েটা ফর্সা হওয়ার ক্রিম মাখছে কিন্তু কালো তো কালোই থাকবে।,Loading...
Derogation,"এই মেয়ে কোন বস্তি থেকে উঠে আসছ, দেখতেই খেত লাগে",Loading...
Derogation,এই বেডির ঘর দেখলে মনে হয় তুফান বয়ে গেছে।,Loading...
Derogation,মেয়েটার বন্ধু নেই কারণ কেউ ওর সাথে থাকতে চায় না।,The girl has no friends because no one wants to be with her.
Sexual Harassment,"ভাবি দেহ ব্যবসা চালিয়ে যাও, ভালোই আয় হবে",Loading...
Stereotype,রাত আটটার পর বাইরে থাকা মেয়েদের চরিত্র নিয়ে কথা উঠবেই,Loading...
Sexual Harassment,"ম্যাডাম, ওড়না ছাড়াই এসেছ যখন, জামা টাও খুলে ফেলো",Loading...
Non Misogynistic,নারী নির্যাতনের বিরুদ্ধে সম্মিলিত আন্দোলন দরকার,Loading...
Derogation,এই মহিলার হাঁটার ধরন দেখলে মনে হয় নাটকে অভিনয় করছে,Loading...
Stereotype,মেয়েরা মিথ্যা অভিযোগ তুলে পরিস্থিতি জটিল করে,Loading...
Non Misogynistic,"মেয়েটা নিজের দক্ষতা বাড়ানোর চেষ্টা করছে, এটা ভালো",Loading...
Non Misogynistic,লিঙ্গসমতার পথে অগ্রগতি মানে সমাজের সামগ্রিক অগ্রগতি।,Loading...
Derogation,এই মেয়ে সারাজীবন অন্যের অনুসরণ করে যাবে,This girl will follow others her whole life.
Non Misogynistic,দিদির মনস্তাত্ত্বিক স্থিরতা অসাধারণ,Loading...
Non Misogynistic,পরিবারের প্রতিটি সদস্য মেয়েটার সাফল্যকে নিজের সাফল্য মনে করে।,Loading...
Derogation,মেয়েটার ত্বকের রঙ দেখলে মনে হয় কখনো রোদে বের হয়নি।,Loading...
Non Misogynistic,চাচির শাসন ভালোবাসার বহিঃপ্রকাশ,Loading...
Derogation,এই মহিলার ঘাড় দেখলে মনে হয় জিরাফের প্রজাতি।,Loading...
Non Misogynistic,মেয়েটার কৌশলগত চিন্তা তাকে সমস্যা সমাধানে বিশেষ দক্ষতা দেয়।,Loading...
Stereotype,এক মেয়ের বেয়াদবির কারণে দশ মেয়ের চরিত্রে দাগ পড়ে যায়।,Loading...
Derogation,এই মেয়ে এত লম্বা যে ঘরে ঢুকতে মাথা নুইয়ে আসতে হয়,Loading...
Stereotype,"সবাই জানে, কঠিন সময়ে নেতৃত্ব দিতে গিয়ে মেয়েরা চোখের জল ফেলে।",Loading...
Non Misogynistic,দিদির বিশ্লেষণী দৃষ্টিভঙ্গি অসাধারণ,Loading...
Non Misogynistic,এরকম সহায়তাপরায়ণ মেয়ে খুব কমই আছে,Loading...
Non Misogynistic,খোঁপা টা আরো একটু বড় হলে ভালো লাগতো,Loading...
Non Misogynistic,মেয়েটি দায়িত্ব নিতে কখনো পিছপা হয় না,Loading...
Non Misogynistic,"মেয়েটা নিজের পথ নিজেই বেছে নিয়েছে, এটা তার শক্তির পরিচয়।",Loading...
Non Misogynistic,মেয়েদের মানসিক স্বাস্থ্য সমস্যাকে গুরুত্বের সাথে নেওয়া উচিত।,Loading...
Stereotype,"মেয়েরা বস হলে আবেগ দিয়ে সিদ্ধান্ত নেয়, যুক্তি দিয়ে না",Loading...
Non Misogynistic,মেয়েটার পেশাদার দক্ষতা দেখে নিয়োগকর্তারা তাকে আরও বড় দায়িত্ব দিয়েছে।,Loading...
Stereotype,"বলে রাখি, বাঙালি মেয়েদের উচিত অজানা পুরুষের সঙ্গে সামাজিক যোগাযোগ মাধ্যমে কথা না বলা — এই কথাটা কখনোই পুরোনো হবে না।",Loading...
Sexual Harassment,আপা এখন রেট কত করে চলছে?,What is your current rate?
Non Misogynistic,নারী মনস্তত্ত্ববিদ মানুষকে ভিতর থেকে বুঝতে পারেন,Loading...
Non Misogynistic,মেয়েটার বিচক্ষণতা ও কর্মদক্ষতা তাকে যেকোনো পদে সফল করে।,Loading...
Non Misogynistic,আপু পথচারীকে রাস্তা চিনিয়ে দেন,Loading...
Non Misogynistic,কাজ শেষ না হওয়া পর্যন্ত হাল ছাড়ে নাই আপুটা,Loading...
Non Misogynistic,আপুর রান্নার ভিডিও সবার কাজে আসে,Loading...
Non Misogynistic,মহিলা নৃত্যশিল্পীটি ঐতিহ্যবাহী নাচকে নতুন প্রজন্মের সামনে তুলে ধরছেন।,Loading...
Derogation,এই মেয়ে হিজাব পরে এসেছে কিন্তু আচরণে কোনো পার্থক্য নেই,Loading...
Stereotype,"বলে রাখি, চাকরিজীবী মেয়েদের গর্ব করার মতো অর্জন তাদের নিজের না, পরিবারের।",Loading...
Stereotype,মেয়েরা কথা বলার মাঝে ছোটখাটো কথা নিয়েও মাঝে মাঝে রাগ করে বসে,Loading...
Sexual Harassment,"এই আপু আসলে একটা পচা মাল, এর বেশি কিছু না",Loading...
Non Misogynistic,নারী চিকিৎসা গবেষক বহু জীবন বাঁচিয়েছেন,Loading...
Sexual Harassment,তুমি নটিপাড়ায় নাম লেখাও বাবসা অনেক চলবে,Loading...
Stereotype,ঘর সংসারের বাইরে চিন্তা করা মেয়েদের শোভা পায় না।,Loading...
Derogation,মেয়েটাকে দেখলে মনে হয় মাথার ঠিক নেই,Loading...
Derogation,"এই বেডি পঁয়ত্রিশ বছর বয়সে বিয়ে হয়নি, কেউ নেবে না জানে সে।",Loading...
Non Misogynistic,দিদির হাত সবসময় দান করার জন্য খোলা,Loading...
Stereotype,মেয়েরা টিভির সামনে এসে শুধু শরীর প্রদর্শনের চেষ্টা করে,Loading...
Stereotype,চাকরিজীবী মেয়েদের উচিত বিয়ের পর শ্বশুরবাড়ির সংস্কৃতিকে পুরোপুরি গ্রহণ করা।,Loading...
Sexual Harassment,সুন্দরীর ডাব দুটো কত টাকায় বিক্রি করবে?,Loading...
Non Misogynistic,"মেয়েটা ব্যর্থতার পরেও আবার চেষ্টা করেছে, এটাই সত্যিকারের সাহস।",Loading...
Non Misogynistic,মেয়েটি কঠিন পথ বেছে নিয়েও সফল হয়েছেন,Loading...
Stereotype,"মেয়েরা ভারী কাজ করতে পারে না, তারা অনেক দুর্বল হয়",Loading...
Non Misogynistic,গণপরিবহনে মেয়েদের হয়রানির বিরুদ্ধে সবার সোচ্চার হওয়া উচিত।,Everyone should speak out against the harassment of women on public transport.
Non Misogynistic,"খুবই স্মার্ট, রুচিশীল লাগে এই গায়িকাকে",Loading...
Stereotype,মেয়েদের কারণেই অনেক ছেলের জীবন নষ্ট হয়,Loading...
Derogation,এই মহিলার রান্না খাওয়া মানে সাহসের কাজ,Loading...
Non Misogynistic,মেয়েটির লোকগান মাটির গন্ধ বয়ে আনে,Loading...
Derogation,এই মহিলার শরীর দেখে মনে হয় খাবার দাবার কী জিনিস জানে না,Loading...
Non Misogynistic,দিদির ধারাবাহিকে চরিত্র জীবন্ত হয়ে ওঠে,Loading...
Stereotype,বউ যত নরম মনের হবে সংসার তত সুন্দর হবে এটা মানতেই হবে,Loading...
Stereotype,সংকটময় পরিস্থিতিতে মেয়েরা নাকি আবেগ সামলাতে পারে না।,Loading...
Stereotype,মেয়েদের মার্কেট একসময় কমে যায়,Loading...
Sexual Harassment,এইসব মাগিগো পতিতা লয়ের ঘরে কনডম ফেটে জন্ম হয়েছে,Loading...
Non Misogynistic,মেয়েটির হস্তশিল্প আন্তর্জাতিক মানের,Loading...
Stereotype,নারীর নেতৃত্বে দেশ চালানো কঠিন,Loading...
Stereotype,"মানতেই হবে, মহিলারা অধিকাংশ সময় কান্নাকাটি করে নিজের ভুল ঢাকার চেষ্টা করে — এটাই বাস্তব।",Loading...
Stereotype,শাশুড়ির সাথে মানিয়ে চলাই মেয়েদের কাজ,Loading...
Non Misogynistic,মহিলা কোচের নেতৃত্বে দলটি দারুণ পরিবর্তন এনেছে,Loading...
Sexual Harassment,এসব মেয়েরা দেখানোর জন্য ই এসব করে আবার হাত দিয়ে ঢাকার নাটক,Loading...
Sexual Harassment,"আচ্ছা উনি কি প্যান্ট পড়ে নাই ভিতরে,মানে উনি কি ল্যাংটা? একটু খুলে দেখাচ্ছে না কেনো?",Loading...
Stereotype,মেয়েরা আজকাল টাইট জামা পড়ে সুন্দর হতে চায়,Loading...
Non Misogynistic,"আন্টি আপনি রোজ এই সময়ে পোস্ট করেন, আমি অপেক্ষায় থাকি",Loading...
Sexual Harassment,"এই মাগির পেশা ডিজে, পার্ট-টাইম দেহ ব্যবসা",Loading...
Non Misogynistic,মেয়েটার কাজের গতি দেখলে বোঝা যায় সে কতটা অভিজ্ঞ।,Loading...
Stereotype,একা ভ্রমণ করতে চাওয়া মেয়েদের পরিবার সম্পর্কে বোঝাপড়া কম।,Loading...
Non Misogynistic,দিদির ভেতরে এক নিরন্তর শক্তি আছে,Loading...
Non Misogynistic,একজন নারীর শক্তি অপরিসীম,Loading...
Derogation,মেয়েটার উচ্চারণ এত বাজে যে কী বলছে বোঝা যায় না।,Loading...
Non Misogynistic,মহিলা তহবিল সংগ্রাহকটি দুর্যোগকবলিত মানুষদের জন্য কোটি টাকা সংগ্রহ করেছেন।,Loading...
Non Misogynistic,নারীর প্রতি যৌন হয়রানি আইনত দণ্ডনীয়,Loading...
Derogation,এই মেয়ে সহকর্মীদের সাথে ভালোভাবে মিশতে পারে না,Loading...
Sexual Harassment,দুধের সাইজ বুঝাচ্ছেন নাকি ড্রেজ দেখাচ্ছে আপু?,Loading...
Non Misogynistic,আপুর হাতের আচার সব মৌসুমে চলে,Loading...
Derogation,এই মেয়ে গতানুগতিক চিন্তার বাইরে যেতে পারে না,Loading...
Non Misogynistic,দিদি আন্দোলনে নেতৃত্ব দিয়েছেন,Loading...
Sexual Harassment,কয়টা নেতার সাথে বেড কাপাইছেন,Loading...
Non Misogynistic,মেয়েটা নতুন আইডিয়া শেয়ার করতে দ্বিধা করে না,Loading...
Sexual Harassment,ভাবির বিছানায় সঙ্গী হওয়ার রেট কত নিবেন?,Loading...
Stereotype,মেয়েদের সাংগঠনিক দক্ষতা পুরুষের তুলনায় কম,Loading...
Non Misogynistic,মেয়েটার সংগ্রামের পথ তাকে যে শিক্ষা দিয়েছে সেটা সোনার চেয়েও দামি।,Loading...
Non Misogynistic,মেয়েটা অন্যায়ের বিরুদ্ধে প্রতিবাদ করতে দেরি করেন না,Loading...
Stereotype,মেয়েরা রাস্তায় গাড়ি চালালে দুর্ঘটনা বাড়ে,Loading...
Stereotype,"সবাই জানে, মেয়ে এমপ্লয়ি বেশি হলে এইচআরের ঝামেলা বেড়ে যায়, স্বীকার করুক বা না করুক।",Loading...
Non Misogynistic,দিদির গজল গান শুনে চোখ ভিজে আসে,Loading...
Non Misogynistic,"মেয়েটা ব্যর্থতার পরেও উঠে দাঁড়িয়েছে, এটাই প্রকৃত মানসিক শক্তি।",Loading...
Derogation,বয়স তো দেখা যায় ৩৫। বিয়া করেন নাই কেন? সরম নাই? ফাজিল মহিলা একটা,Loading...
Stereotype,"মেয়েরা সরাসরি অ্যাকশন নিতে পারে না, পরামর্শ দেওয়াতেই সীমাবদ্ধ",Loading...
Stereotype,বিয়ের পর মেয়েরা ছেলেবন্ধুদের সাথে মেশা মানে সংসারে আগুন,Loading...
Sexual Harassment,এই মেয়ে একটু খুলে দেখাও না তোমার সাইজ কেমন,Loading...
Non Misogynistic,মেয়েটা কোনো কিছু শেখার সুযোগ পেলে সহজে ছাড়ে না,Loading...
Derogation,"এইগুলো সব মেকআপ সুন্দরী, মেকআপ ছাড়া সব গুলা বাদর এর মতো লাগে",Loading...
Stereotype,মেয়েদের তো কাজই একে অপরকে দেখে হিংসে করা,Loading...
Sexual Harassment,"মেয়েটাকে এক সপ্তাহের জন্য চাই রুমে, দামি গিফট বুঝে নিও",Loading...
Stereotype,"মেয়ে হয়ে জন্মালে বিয়েটা মেনে নিতেই হবে, এর বিকল্প নেই, যুগ যুগ ধরে চলে আসছে।",Loading...
Derogation,মেয়েটার সাধারণ জ্ঞান এত কম যে নিজের বাড়ির ঠিকানা মনে রাখতে পারে না।,Loading...
Derogation,তোর যে জন্মের ঠিক নেই সেটা তোর কথার ধাচেই বুঝা যায়,Loading...
Non Misogynistic,মেয়েটি বাইরের ভাষাও দ্রুত আয়ত্ত করে নেয়,Loading...
Non Misogynistic,মেয়েটার সাফল্যের গল্প বলছে যে কঠোর পরিশ্রম ও মনোবল দিয়ে সব অর্জন সম্ভব।,Loading...
Non Misogynistic,মেয়েটার কাজের ধরন দেখলে বোঝা যায় সে কতটা বিচক্ষণ।,"Looking at the way the girl works, you can understand how prudent she is."
Derogation,তুই সুন্দরী বলেই তো ওই ছেলের মতো বলদও তোরে টিস্যুর মতো ব্যবহার করে ফেলে দিয়েছে,Loading...
Derogation,মেয়েটাকে দেখলে মনে হয় আয়নায় নিজেকে সত্যি করে দেখেনি কোনোদিন,Loading...
Non Misogynistic,মেয়েদের সমান বেতন তাদের অধিকার,Loading...
Stereotype,"দেখো, স্বামীর প্লেট সাজানো তাদের প্রথম দায়িত্ব।",Loading...
Derogation,"এই কাজের মহিলা কি কয়, এদের লজ্জা নাই মনে হয়",Loading...
Stereotype,"দেখুন, যে মেয়ের ছবি সোশ্যাল মিডিয়ায় বেশি, তার সংসারে কম মন — এটাই বাস্তব।",Loading...
Stereotype,মেয়েরা নিজে কামাই করলে স্বামীর কথা শুনতে চায় না,Loading...
Stereotype,মেয়েরা পুরস্কার পেলে সেটা মেধার চেয়ে কোটার কারণে মনে হয়,Loading...
Stereotype,"যতই অস্বীকার করুক, মহিলাদের সিদ্ধান্ত প্রায়ই দিনের শেষে পুরুষদের অনুমোদনের অপেক্ষায় — এটাই সত্য।",Loading...
Derogation,এই বেডির এই মিথ্যা সাফল্য বেশিদিন টিকবে না।,Loading...
Non Misogynistic,দিদির ক্ষমাশীল মন বিশাল,Loading...
Derogation,অল্প বয়সে মেয়েটার বাল পেকে গেছে,Loading...
Sexual Harassment,"আপনার ঢোল ধরে একটু টিপে দিই, জ্বালা মিটবে",Loading...
Non Misogynistic,"মেয়েটা প্রতিদিন ঘণ্টার পর ঘণ্টা পড়ে, ভবিষ্যৎ নির্মাণে সে দৃঢ়প্রতিজ্ঞ।",Loading...
Non Misogynistic,মেয়েটার ইতিবাচক মনোভাব তার জীবনের সব দিককে প্রভাবিত করে।,Loading...
Non Misogynistic,আমাদের দেশের মেয়েরা ফুটবলাররা বহির্বিশ্বের সাথে তাল মিলিয়ে ভালোই ফুটবল খেলছে এখন।,Loading...
Stereotype,"যেকোনো সমস্যায় ছেলেরই সামনে দাঁড়ায়, মেয়েরা পেছনে।",Loading...
Non Misogynistic,আপু শীতের কাপড় বিলিয়ে দিয়েছেন,Loading...
Sexual Harassment,"শাড়িটার জন্য ভালো মানায়নি নিচে শুধু প্যান্টি থাকতো, তাহলে ভালো মানাই তো",Loading...
Stereotype,"বড় বড় অফিসের গুরুত্বপূর্ণ দায়িত্ব মেয়েদের দেওয়া উচিত না, কারণ তারা অনেক ইমোশনাল হয়",Loading...
Non Misogynistic,নারী ইতিহাসবিদ অতীত থেকে শিক্ষা নিতে সাহায্য করেন,Loading...
Stereotype,বিয়ের বয়স পেরিয়ে যাওয়া মেয়েদের নিয়ে সমাজ নানা কথা বলে,Loading...
Non Misogynistic,মেয়েটির আঁকা ছবিতে গল্প খুঁজে পাই,Loading...
Stereotype,মেয়েরা বিয়ে না করলে জীবন অসম্পূর্ণ থাকে,Loading...
Non Misogynistic,"বাহ, মেয়েটা একাই গবেষণা করেছে।",Loading...
Non Misogynistic,মেয়েটা ক্যারিয়ারে প্রতিটি ধাপ পরিশ্রম ও দক্ষতা দিয়ে অতিক্রম করেছে।,Loading...
Derogation,তুমি নিজের জীবন নিয়ে কোনো সিরিয়াস না।,Loading...
Derogation,এই মেয়ে চরম বেয়াদব ও নির্লজ্জ,Loading...
Derogation,মনে চাই তোর মতো মেয়েদের শরীরে গুড়ো মরিচ লাগিয়ে দেই,Loading...
Stereotype,"মেয়েরা আবার কীসের কোডার, কম্পিউটারের ভাষা মাথায় ঢোকে?, স্বীকার করুক বা না করুক।",Loading...
Non Misogynistic,নারী সাইক্লিস্ট দীর্ঘ দূরত্ব অতিক্রম করেছেন,Loading...
Non Misogynistic,মেয়েদের জন্য বৃত্তি ও প্রশিক্ষণ প্রসারিত করা প্রয়োজন,Loading...
Stereotype,মেয়ে মানুষ পরিবার থেকে দূরে থাকলে সেটা ভালো দেখায় না,Loading...
Stereotype,মেয়েদের লিডারশিপে রাখলে অফিসের পরিবেশ নষ্ট হয়,Loading...
Non Misogynistic,এখানে মেয়েটি মতামত অনেক গুরুত্বপূর্ণ,Loading...
Derogation,ওই মেয়ের কন্ঠ তো পুরুষ পুরুষ মনে হয়,Loading...
Stereotype,মেয়েরা কাউকে সাহায্য করলে দয়া হিসেবে গণ্য হয়,Loading...
Non Misogynistic,নারীর অধিকার রক্ষায় সমাজের সকল অংশের সম্মিলিত প্রচেষ্টা দরকার।,Loading...
Stereotype,গণিতে ভালো করা মেয়েদের দেখে সবাই অবাক হয়,Loading...
Stereotype,মেয়েদের ব্যবসায় দেওয়া মানে লোকসান নিশ্চিত,Loading...
Non Misogynistic,বোনটির সাক্ষাৎকার পড়ে অনেকে অনুপ্রাণিত হন,Loading...
Non Misogynistic,মেয়েটার ঘর ছোট হলেও কত গুছিয়ে রাখে দেখলে অবাক লাগে,Loading...
Derogation,এই মহিলা নিজে কে সেটা নিজেই জানে না,Loading...
Non Misogynistic,মেয়েটার সঞ্চয়ের অভ্যাস প্রশংসনীয়,Loading...
Sexual Harassment,তোমাকে কী খেয়ে ছেড়ে দিছে নাকী!,Loading...
Non Misogynistic,একটি সমতাভিত্তিক পরিবার থেকেই একটি সমতাভিত্তিক সমাজ তৈরি হয়।,Loading...
Stereotype,মেয়েরা বেশি আত্মপ্রকাশ করলে লোকে ভালো চোখে দেখে না,Loading...
Sexual Harassment,তোমার কোথায় ট্যাটু আছে সেটা দেখার দায়িত্ব আমাকে দাও।,Loading...
Derogation,মেয়েটার কথা বলার ধরনেই বোঝা যায় কোন পরিবেশে বড় হয়েছে,Loading...
Non Misogynistic,মেয়েটার অদম্য মনোবল তাকে প্রতিটি বাধার পরেও উঠে দাঁড়াতে সাহায্য করে।,Loading...
Non Misogynistic,আপুর তোলা ছবিগুলো অনেক সুন্দর ছিল,Loading...
Non Misogynistic,মেয়েটি নিজের ভুল স্বীকার করতে দ্বিধা করে না,Loading...
Non Misogynistic,নারী চিত্রসমালোচক শিল্পের গভীরতাকে সবার সামনে আনেন,Loading...
Derogation,এই মেয়েরে মায়ের ভূমিকায় দেখলে মনে হয় বাচ্চারা বেচারা,Loading...
Non Misogynistic,মেয়েটার নেতৃত্বগুণের বিকাশে পরিবার ও প্রতিষ্ঠান উভয়ের ভূমিকা আছে।,Loading...
Stereotype,এই ধরনের নারী উদ্যোক্তা সবসময় তরুণ তরুণীদের আইডল হয়,Loading...
Sexual Harassment,সুন্দরীকে বিছানায় ফেলে দিলে আসল রূপ বোঝা যাবে,Loading...
Non Misogynistic,এই মেয়েটি একজন সফল উদ্যোক্তা হিসেবে পরিচিত,Loading...
Sexual Harassment,"মহিলার নিচের অংশ বিক্রি করলে দাম বলো, ইনবক্সে অপেক্ষা করছি",Loading...
Sexual Harassment,"যা দেখাইলা, আজকে রাতে তোর আর ভিপিএন চালু করতে হইবো না",Loading...
Derogation,মেয়েটার মতো স্বার্থপর মানুষ কম দেখেছি।,Loading...
Stereotype,"মেয়েরা নতুন কিছু উদ্ভাবন করতে পারে না, ছেলেদের আবিষ্কারের পিছনে থাকে",Loading...
Stereotype,সত্যি বলতে মেয়েদের আবেগ এতই বেশি যে অফিস-আদালত কোথাও স্থির থাকতে পারে না — এই কথাটা কখনোই পুরোনো হবে না।,Loading...
Stereotype,মেয়েরা চাকরি করলে সংসারে আগুন লাগে,Loading...
Non Misogynistic,মেয়েটার বিশ্লেষণী ক্ষমতা তাকে জটিল সমস্যা সমাধানে সাহায্য করে।,Loading...
Non Misogynistic,মেয়েটির প্রবন্ধ অত্যন্ত যুক্তিযুক্ত,Loading...
Non Misogynistic,"আপু তুমি যে বইটার কথা বললে সেটা পড়া শুরু করেছি, অসাধারণ লাগছে",Loading...
Non Misogynistic,বোনটি দুই হাতে দশ দিক সামলান,Loading...
Non Misogynistic,মেয়েটা একা থাকলে পুরোনো কথা বেশি ভাবে,Loading...
Non Misogynistic,বোনটি গঠনমূলক সমালোচনাও সহজে গ্রহণ করেন,Loading...
Sexual Harassment,উপস্থাপিকা পল্লীতে গেলে আরো ভালো কাস্টমার পাবে,Loading...
Sexual Harassment,"মেয়েটার চামড়া টাইট থাকলেই মার্কেটে চলবে, নইলে নয়",Loading...
Non Misogynistic,মেয়েটি অত্যন্ত আত্মবিশ্বাসী এবং সাহসী,Loading...
Sexual Harassment,"আপুর লিচু এর বিজ্ঞাপন দিচ্ছ, রেট কী?",Loading...
Derogation,তোর মতো মেয়ে বাড়িতে থেকেও কিছু করে না।,Loading...
Non Misogynistic,সে একজন আত্মসম্মানবোধসম্পন্ন ও শক্তিশালী নারী,Loading...
Non Misogynistic,এত বড় বড় কানের দোল আপু কেমনে পড়ে থাকেন?,Loading...
Non Misogynistic,মহিলা সামাজিক উন্নয়নকর্মীটি প্রান্তিক জনগোষ্ঠীর উন্নয়নে অক্লান্তভাবে কাজ করছেন।,Loading...
Non Misogynistic,মেয়েটার সংকল্প তাকে যেকোনো লক্ষ্য অর্জনে সাহায্য করে।,Loading...
Stereotype,39. কোনো নারী নির্বাচনে জিতলে তার সাফল্যের কৃতিত্ব প্রায়ই অন্য পুরুষের নামে দেওয়া হয়।,Loading...
Derogation,মেয়েটা চুলে এত কেমিক্যাল দিয়েছে যে আগুন লাগলে বিস্ফোরণ হবে,Loading...
Stereotype,"মেয়েদের প্রথম পাঠ হওয়া উচিত রান্না, তারপর বাকি সব",Loading...
Stereotype,মেয়েদের ইনকাম থাকলে শ্বশুরবাড়ির হুকুম মানতে চায় না,Loading...
Non Misogynistic,মেয়েটা যেকোনো পরিস্থিতিতে নিজের সিদ্ধান্ত নিজে নেওয়ার ক্ষমতা রাখে।,Loading...
Stereotype,মেয়েরা অ্যালগরিদম মাথায় রাখতে পারে না,Loading...
Sexual Harassment,মাএ ১ বছরে সাইজ এতো বড় হলো কিরে আপু রাত দিন করেন নাকি,Loading...
Non Misogynistic,আপুর কাঁসা পিতলের কাজ চমৎকার,Loading...
Derogation,এই রকম মহিলাদের জন্য ছেলে মেয়ে খারাপ হয়,Loading...
Non Misogynistic,মেয়েটার ভিডিও বার্তাটা খুব সুন্দর ছিল,Loading...
Non Misogynistic,তার হাসি দেখলেই মনে হয় সব ঠিক হয়ে যাবে।,Loading...
Sexual Harassment,সুন্দরীকে রুমে নিয়ে রেপ করব একদিন,Loading...
Non Misogynistic,মহিলা গবেষক নতুন আবিষ্কারে দারুণ অবদান রাখছেন,Loading...
Derogation,ভুতের পেট থেকে ভুতই হইছে,Loading...
Sexual Harassment,"আপু ভালো ভালোয় চলো, নাহলে লিংক সবার ইনবক্সে পাঠাব",Loading...
Non Misogynistic,একজন মায়ের ভালোবাসা ও প্রজ্ঞা পরিবারকে একত্রিত রাখে।,Loading...
Stereotype,"বলে রাখি, অফিসের পার্টিতে মেয়েদের উপস্থিতি বেশি হলে কাজ পিছিয়ে যায়।",Loading...
Stereotype,"মেয়েদের আবার কীসের গবেষণা, রান্না-বাটনা শিখলেই কাজে দেবে, এটা মানতেই হবে।",Loading...
Stereotype,মেয়েরা লেখক হলেও সাহিত্যে পুরুষের সমান জায়গা পাওয়া উচিত না,Loading...
Stereotype,"মেয়েরা জিম করলে দেখতে বাজে লাগে, মেয়েলি গড়ন নষ্ট হয়",Loading...
Non Misogynistic,দিদির মতপার্থক্য প্রকাশ করার ধরন শালীন,Loading...
Sexual Harassment,উপস্থাপিকার নাচ আসলে দুধ নাড়ানোর প্রতিযোগিতা,Loading...
Non Misogynistic,মেয়েটি অন্যের কষ্ট অনুভব করতে পারেন,Loading...
Stereotype,গ্রামের মহিলারা অনেক ঝগড়া করে,Loading...
Stereotype,"মেয়েদের যত ডিগ্রি, তত অহংকার, সংসারে তত অশান্তি ",Loading...
Non Misogynistic,মেয়েটি জীবনের সাধারণ আনন্দে পরিতৃপ্ত,Loading...
Sexual Harassment,"আপুর তো দুদু মোটামুটি বড় হয়ে গেছে, সবাইকে দেখাচ্ছে মনে হয়",Loading...
Non Misogynistic,মেয়েটা নিজের জীবনের প্রতিটি মোড়ে নিজেই সিদ্ধান্ত নিয়েছে এবং সফল হয়েছে।,Loading...
Non Misogynistic,মেয়েটি গরিব রোগীর ওষুধের ব্যবস্থা করেছেন,Loading...
Derogation,এই মহিলা আয়নার সামনে এত সময় নষ্ট করে তবুও কোনো কাজ হয় না,Loading...
Sexual Harassment,"তোমার পিছন ধরে একটু টিপে দিই, জ্বালা মিটবে",Loading...
Non Misogynistic,"মেয়েটা বিতর্কে এত গুছিয়ে কথা বলল, শুধু শুনেই গেলাম",Loading...
Sexual Harassment,আপুটা শরীর দেখিয়ে নিজের ক্যারিয়ার তৈরি করছে এটাই সত্য,Loading...
Sexual Harassment,বড় লোক বাপের দুলালি অল্প বয়সে ডাব দুইটা ঝুলালি,Loading...
Sexual Harassment,মেয়েটার দেহের গড়ন দেখে নিজেকে ঠিক রাখতে পারছি না,Loading...
Stereotype,"এখনকার মেয়েদের উচিত রান্না, পরিষ্কার, বাচ্চা মানুষ — এই তিন কর্মেই দক্ষ হওয়া",Loading...
Non Misogynistic,মহিলা পুষ্টিবিদটি স্বাস্থ্যসেবায় অসাধারণ অবদান রাখছেন।,Loading...
Stereotype,"আসলে আজকালকার মেয়েদের ভবিষ্যৎ পরিবারের পুরুষদের সিদ্ধান্তে আটকে, এটা মানতেই হবে।",Loading...
Non Misogynistic,দিদি তুমি সত্যিই অনেক সুন্দর করে বুঝিয়েছ ভিডিওতে,Loading...
Stereotype,মেয়েমানুষের ছেলে বন্ধু থাকতে পারে না,Loading...
Stereotype,"মেয়েদের রান্না শেখা বাধ্যতামূলক, এটা নিয়ে তর্ক করার কিছু নেই",Loading...
Stereotype,মেয়েদের কাজ ই ছেলেদের টাকা খাওয়া,Loading...
Non Misogynistic,কোনো মেয়ের পোশাক দেখে বিচার করা ঠিক না,Loading...
Non Misogynistic,মেয়েটা একা সংসার সামলাচ্ছে এবং করছে অসাধারণভাবে।,Loading...
Non Misogynistic,বোনটি কখনো কারো বিশ্বাস ভাঙেননি,Loading...
Stereotype,মেয়েরা নাইট শিফটে কাজ করলে পাড়ার লোক ভালো চোখে দেখে না,Loading...
Derogation,মেয়েটার বন্ধুত্বের পেছনে সবসময় স্বার্থ থাকে।,Loading...
Non Misogynistic,প্রতিটি মেয়ে তার শরীর ও স্বাস্থ্যের বিষয়ে নিজেই সিদ্ধান্ত নেওয়ার অধিকার রাখে।,Loading...
Non Misogynistic,মেয়েটার সামাজিক অবদান তার পরিবার ও সমাজকে গর্বিত করছে।,Loading...
Stereotype,"বলে রাখি, টেকনিক্যাল ম্যানুয়াল পড়ে মেয়েরা প্রায় কিছুই বুঝে না",Loading...
Sexual Harassment,এলিট ক্লাস লোকদের মনোরঞ্জনের দাসী।,Loading...
Stereotype,দিনে দিনে মাত্রা ছাড়িয়ে যাচ্ছে বেপর্দা নারীরা,Loading...
Non Misogynistic,মেয়েটি দুঃখকে শক্তিতে রূপান্তর করেন,Loading...
Stereotype,মেয়েরা কাজের মেয়ে রাখলে নিজেরা কী করে সারাদিন?,Loading...
Non Misogynistic,ম্যাডামের ক্লাস একবার করলে দ্বিতীয়বার না করে থাকা যায় না,Loading...
Stereotype,এখনকার মেয়েরা ঘরের কাজ করলে নিজেদের দাসী মনে করে,Loading...
Stereotype,"মেকআপে ডোবা মেয়েদের ভেতরটা প্রায়শই ফাঁপা, এটা মানতেই হবে।",Loading...
Non Misogynistic,বোনটির মাটির গহনা সৃজনশীল,Loading...
Sexual Harassment,"শোনো সুন্দরী, আমার সঙ্গে বাড়াবাড়ি করলে তোমার ইজ্জত নষ্ট করতে একবারও ভাবব না",Loading...
Stereotype,"আসলে যে যেমন কাপড় পরে, লোকে তাকে তেমনই দেখে।",Loading...
Non Misogynistic,আপু রিকশাচালকের সন্তানদের পড়াশোনা চালাচ্ছেন,Loading...
Sexual Harassment,আসলে রাতের বিছানা গরম করতেই তো সময় চলে যায় তোমার,Loading...
Sexual Harassment,এই মাগির দুই বাচ্চা হয়েও দুধ এখনো ছোট,Loading...
Stereotype,আসলে শিক্ষিত মেয়েরা সবসময় খোলামেলা পোশাক মানেই খোলামেলা মনমানসিকতা।,Loading...
Derogation,মেয়েটাকে অফিসে রাখলে অফিসের সম্মান থাকে না,Loading...
Sexual Harassment,দিদির জামা দিনে দিনে ছোট হয়ে যাচ্ছে কেন? সিনেমাই সুজুকের জন্য নাকি?,Loading...
Non Misogynistic,মেয়েটার অনুসন্ধিৎসু মন ও সৃজনশীলতার সমন্বয় তাকে একজন অনন্য ব্যক্তিত্ব করেছে।,Loading...
Sexual Harassment,"আপুটির বুক খেলার মাঠের মতো, দেখে আর মজা পাই না",Loading...
Non Misogynistic,মেয়েদের স্বাধীনতাকে সম্মান করা মানে তাদের মানুষ হিসেবে স্বীকার করা।,Loading...
Non Misogynistic,"কত সুন্দর ওড়না পড়েছে, একেই বলে পারিবারিক শিক্ষা",Loading...
Non Misogynistic,দিদির তেলরঙের কাজ প্রফেশনাল মানের,Loading...
Non Misogynistic,মেয়েটা নিজের উপর বিশ্বাস রাখে বলেই অন্যের সমালোচনা তাকে দমিয়ে রাখতে পারে না।,Loading...
Non Misogynistic,মহিলা শেফ রান্নাটাকে শিল্পের পর্যায়ে নিয়ে গেছেন,Loading...
Non Misogynistic,মেয়েটার প্রতিটি পদক্ষেপ তাকে লক্ষ্যের আরও কাছে নিয়ে যাচ্ছে।,Every step the girl takes is taking her closer to her goal.
Stereotype,"যুগ যুগ ধরে দেখে আসছি, ঝগড়ার সময় পুরোনো প্রতিটি ভুল মেয়েরা স্মৃতি থেকে টেনে আনে — এটাই সত্য।",Loading...
Stereotype,মেয়েরা ক্যারিয়ার বানাতে গিয়ে নিজেদের নারীত্ব হারিয়ে ফেলে,Loading...
Sexual Harassment,বিয়ের আগে তোমাকে লাগাতে চাই,Loading...
Derogation,মেয়েটার কথায় কোনো সত্যতা নেই।,Loading...
Sexual Harassment,উপস্থাপিকার ঠোঁট চুষলে স্বাদ কেমন হবে কে জানে,Loading...
Non Misogynistic,মেয়েদের বিরুদ্ধে নির্যাতনের বিরুদ্ধে সমাজে শূন্য সহনশীলতার নীতি থাকা উচিত।,Loading...
Non Misogynistic,মেয়েটার মানসিক পরিপক্বতা তাকে সমস্যাগুলো শান্তভাবে মোকাবিলা করতে সাহায্য করে।,Loading...
Derogation,মেয়েটার খারাপ এই চরিত্রের কারণেই কেউ পাশে থাকে না,Loading...
Stereotype,মেয়েদের ঘরকন্না না জানলে পরিবারে শান্তি থাকে না,Loading...
Non Misogynistic,এই মডেল এর ভিডিও ভালো,Loading...
Derogation,এটা কেমনে নাইকা বা মডেল হইলো?? ভুটকি একটা।,Loading...
Derogation,তুমি কনসিলার কেনো মাখো? কালো মুখে আবার এইসব মাখা লাগে,Loading...
Derogation,এই বেডির ইউটিউব চ্যানেলে এক হাজার সাবস্ক্রাইবারও নেই।,Loading...
Non Misogynistic,বোনটির হাসির পেছনে আত্মবিশ্বাস ফুটে ওঠে,Loading...
Non Misogynistic,বোনটির লেখায় কবিতার সুর আছে,Loading...
Derogation,তুমি সামনে মিষ্টি কথা বলো কিন্তু পেছনে কী বলো সবাই জানে।,Loading...
Derogation,এই মহিলার চিন্তার গভীরতা শূন্য,Loading...
Derogation,"ইস কি পরিমানে আটা ময়দা মাখছে, ছি ছি!",Loading...
Derogation,"এগুলা তো নর্তকী, যাদের কে খোলা বাজারে কিনতে পাওয়া যায়",Loading...
Stereotype,মেয়ে মানুষ সারাদিন বাইরে থেকে ঘরে ফিরে রান্না না করলে সংসার চলে?,Loading...
Non Misogynistic,আপুর কাজে নিখুঁত পেশাদারিত্ব রয়েছে,Loading...
Non Misogynistic,নারীদের সমান সুযোগ নিশ্চিত করলে সমাজের সামগ্রিক অগ্রগতি বাড়ে।,Loading...
Non Misogynistic,আপুর মাটির পাত্র দেখলে মন ভরে যায়,Loading...
Derogation,"কয়লা ধুইলে যেমন ময়লা যায় না, তেমন নডি নডিই থাকব",Loading...
Non Misogynistic,নারী-পুরুষ সমতার সমাজই প্রকৃত অর্থে সভ্য ও উন্নত সমাজ।,Loading...
Sexual Harassment,"আপনাকে চেটে দিতে চাই খুকুমণি, আসো একবার",Loading...
Stereotype,"চাকরিজীবী মেয়েদের উচিত পরিচিত পরিধির বাইরের পুরুষদের সঙ্গে সংলাপ এড়িয়ে চলা, তা না হলে সমাজ চলে কীভাবে?",Loading...
Stereotype,পরকিয়ায় মেয়েরা আজকে অনেক উপরে এগিয়ে গিয়েছে,Loading...
Non Misogynistic,প্রতিটি মেয়ে তার নিজের জন্য যে সিদ্ধান্ত সঠিক মনে করে সেটা নেওয়ার অধিকার রাখে।,Loading...
Non Misogynistic,মহিলা সঙ্গীত পরিচালকটির নির্দেশনায় বাদ্যদল অনবদ্য পরিবেশনা করেছে।,Loading...
Stereotype,"মেয়েদের বিয়েই আসল গন্তব্য, পড়াশোনা শুধু সেখানে পৌঁছানোর পথ",Loading...
Derogation,মেয়েটার ড্রেস দেখলে মনে হয় আঁধারে চোখ বন্ধ করে পরেছে,Loading...
Derogation,এই মহিলার উচ্চতা দেখে মনে হয় মাথায় মেঘ ধরে আছে,Loading...
Derogation,মেয়েটাকে দেখলে মনে হয় জিরাফের সাথে প্রতিযোগিতা করছে,Loading...
Stereotype,মেয়েরা ক্রিকেটের 'ক' ও বুঝে না,Loading...
Non Misogynistic,বোনটি ঝুঁকি নিতে ভয় পান না,Loading...
Derogation,মেয়েটার একাকীত্ব দেখলে বোঝা যায় স্বভাবটা কেমন।,Loading...
Derogation,মেয়েটার নেগেটিভিটি সবার মধ্যে ছড়িয়ে দেয়।,Loading...
Sexual Harassment,"মেয়েটাকে আজ পর্যন্ত যত মানুষ স্পর্শ করেছে,সে হিসেবে টাকা নিলে এতদিনে বড়লোক হয়ে যেত",Loading...
Stereotype,মেয়েদের মাথা গৃহস্থালির বাইরে বেশি কাজ করে না।,Loading...
Non Misogynistic,বোনটির ইতিবাচক শক্তি সংক্রামক,Loading...
Derogation,মেয়েটার ব্লাশ দেখলে মনে হয় টমেটো হয়ে গেছে।,Loading...
Sexual Harassment,আপুটার গোপন জায়গা চেটে চেটে খেতে চাই সারারাত,I want to lick your secret place and eat it all night long.
Sexual Harassment,তোমার রূপ দেখে পাগল হয়ে গিয়েছে সোনামনি কিছু দেখাও,Loading...
Sexual Harassment,"এই মাগি ডেট এক্সপায়ার হয়ে গেছে, কেউ আর নেবে না",Loading...
Derogation,এই মেয়েটার জন্য ভাই বোনরা ক্ষতিগ্রস্ত,Loading...
Sexual Harassment,"ফ্ল্যাট না নিলে তো চামড়ার ব্যবসা করতে সমস্যা হবে, পরিবারের সাথে থেকে তো চামড়ার ব্যবসা করা যাবে না",Loading...
Sexual Harassment,"মেয়েটির পেছনে মানুষ না, কুকুরই ঘুরবে",Loading...
Derogation,মেয়েটা কথা বলার আগে ভাবে না বলেই ভুল হয়,Loading...
Stereotype,"দেখো, কঠিন সিদ্ধান্ত নিতে গেলে মেয়েরা পিছিয়ে আসে।",Loading...
Derogation,মেয়েটাকে দেখলে মনে হয় বাজার থেকে সরাসরি উঠে এসেছে,Loading...
Sexual Harassment,এই মেয়ে শরীর প্রদর্শনী করে খায়,Loading...
Non Misogynistic,গণিত অলিম্পিয়াডে মেয়েটার পারফরম্যান্স দেখে পুরো স্কুল গর্বিত হলো।,Loading...
Stereotype,মেয়েরা ইলেক্ট্রনিক মেরামত করতে পারে না,Loading...
Derogation,এই মেয়েটা এত বুড়িয়ে গেছে যে মেকআপেও ঢাকা যাচ্ছে না,Loading...
Stereotype,মেয়েমানুষের উচিত নিজের চেয়ে পরিবারের সম্মানকে বড় ভাবা।,Loading...
Stereotype,মেয়েরা বিয়ে ছাড়া সম্পূর্ণ নারী নয়,Loading...
Derogation,এই মহিলার স্বভাব দেখলে বোঝা যায় কেন একা।,Loading...
Stereotype,"যতই অস্বীকার করুক, মহিলাদের সফলতা পরিবারের পুরুষের ছায়া ছাড়া অসম্ভব",Loading...
Derogation,বুড়ির এই শিশুসুলভ আচরণ দেখলে বিরক্তি আসে,Loading...
Non Misogynistic,মেয়েটি নিজের স্বপ্নের পেছনে দৌড়াতে ভয় পায় না,Loading...
Sexual Harassment,ফিগারটা যেনো নর্তকীর মতো,Loading...
Sexual Harassment,তোমাকে আমি চেটে দিবো খুকুমণি,Loading...
Derogation,এই বেডি পিএইচডি করেছে কিন্তু বাস্তব জ্ঞান একদম নেই।,Loading...
Non Misogynistic,মেয়েটার মঞ্চাভিনয় দেখে দর্শকরা নিস্তব্ধ হয়ে যায়।,Loading...
Non Misogynistic,মেয়েটার ভাষ্কর্য জীবন্ত মনে হয়,Loading...
Derogation,এই মহিলার মানসিকতা দেখলে মনে হয় এখনো কিশোরী,Loading...
Sexual Harassment,দিদির ডাব ঝুলে গেছে বুড়ির মতো,Loading...
Non Misogynistic,"মেয়েটা কঠিন কাজকে চ্যালেঞ্জ হিসেবে নেয়, ভয় হিসেবে নয়।",Loading...
Derogation,মেয়েটার জীবন দেখলে মনে হয় হাসির পাত্র।,Loading...
Non Misogynistic,"মেয়েটা হেরে গিয়েও যেভাবে হাসল, সেটাই আসল জয়",Loading...
Sexual Harassment,আপুকে খালি রুমে পেলে মাথা ঠিক থাকবে না,Loading...
Derogation,এই মহিলার দলে থাকলে সবাই অতিরিক্ত কষ্ট করে।,Loading...
Non Misogynistic,মেয়েটার নিজস্ব পরিচয় আছে যা তার মতামত ও কর্মে প্রতিফলিত হয়।,Loading...
Stereotype,ঘর বাড়ি অপরিষ্কার থাকলে বুঝতে হবে ঘরের বউ নোংরা,Loading...
Derogation,মেয়েটার চোখের নিচে কালো দাগ সারারাত ছেলেদের সাথে নোংরামি করে,Loading...
Stereotype,"ফ্যাশনদুরস্ত মেয়েরা কখনোই আবেগ এতই তীব্র যে যৌক্তিক চিন্তা পেছনে পড়ে, এটা মানতেই হবে।",Loading...
Stereotype,বড়লোকের মেয়ে মানেই অহংকারী,Loading...
Stereotype,"বলে রাখি, নিজের নামে বাড়ি লিখিয়ে নেওয়া মেয়েরা স্বামীকে ছোট করে, তা না হলে সমাজ চলে কীভাবে?",Loading...
Stereotype,মেয়েরা বড় মঞ্চে বক্তৃতা দিতে ভয় পায়,Loading...
Non Misogynistic,দিদির কথা বলার ধরনটা অনেক পরিণত লাগলো,Loading...
Sexual Harassment,খালি গায়ে আরও বেশি সুন্দর লাগবে আপু,Loading...
Derogation,এই মেয়ের পাগুলো এত সরু যে ম্যাচের কাঠির মতো দেখায়,Loading...
Non Misogynistic,আপুর পিয়ানো বাজানো শুনে মন শান্ত হয়,Loading...
Stereotype,বেশ‍্যাবৃত্তি অনেক বেশি বেড়েছে মেয়েদের কারনে,Loading...
Sexual Harassment,এই আপু বুকের কাপড়টা আরেকটু নিচু হলে ভালো হতো,Loading...
Non Misogynistic,মেয়েটির প্রতিবাদের ভাষা যৌক্তিক,Loading...
Stereotype,আইন-আদালতের যুক্তি বুঝতে মেয়েদের সময় বেশি লাগে।,Loading...
Sexual Harassment,আপুর ভাইরাল হওয়ার একমাত্র উপায় কাপড় কম পরা,Loading...
Stereotype,হটাৎ করে গ্রাম থেকে শহরে উঠে আসলে মেয়েদের চোখ বড় হয়ে যায়,Loading...
Non Misogynistic,"মেয়েটা ছোট থেকে যে পেশার স্বপ্ন দেখেছিল, আজ সেই পেশায় সে সফল।",Loading...
Stereotype,"দেখুন, নিজের নামে বাড়ি লিখিয়ে নেওয়া মেয়েরা স্বামীকে ছোট করে — এই কথাটা কখনোই পুরোনো হবে না।",Loading...
Stereotype,সুখের সংসারে লোভী মেয়েরা আগুন লাগায়,Loading...
Non Misogynistic,"মেয়েটা কাজের মধ্যে আনন্দ খুঁজে পায়, সেটাই তার সাফল্যের রহস্য।",Loading...
Derogation,নিজেরে বিশ্বসুন্দরী মনে করে। ফালতু দেখলেই বমি আসে,Loading...
Non Misogynistic,আপু চাপের মধ্যেও স্বাভাবিক থাকেন,Loading...
Sexual Harassment,এই মডেলের ভোদায় আঙুল দিলে জ্বালা মিটে যেত,Loading...
Derogation,এইসব ফালতু মহিলার স্বামীও আছে আবার!,Loading...
Non Misogynistic,মেয়েটা কর্মক্ষেত্রের চ্যালেঞ্জগুলো দক্ষতার সাথে মোকাবিলা করে।,Loading...
Non Misogynistic,মেয়েটার সংগ্রাম ও সাফল্যের মধ্য দিয়ে একটি অনুপ্রেরণামূলক জীবনগল্প লেখা হচ্ছে।,Loading...
Non Misogynistic,মহিলা পরিচালনা পর্ষদ সদস্যটির দক্ষতা ও অভিজ্ঞতা প্রতিষ্ঠানকে সমৃদ্ধ করছে।,Loading...
Stereotype,মেয়েদের জন্য মাঝে মাঝে পরিবার ও মানসম্মান হারায় সমাজে,Loading...
Non Misogynistic,মেয়েটা অন্যের মতামতের চেয়ে নিজের বিবেককে বেশি গুরুত্ব দেয়।,Loading...
Stereotype,"মেয়েরা একা শক্তিশালী নয়, সবসময় কারো সাহায্য লাগে",Loading...
Non Misogynistic,দিদির ভাষণে আবেগ ও যুক্তির সমন্বয় ঘটে,Loading...
Stereotype,মেয়েরা বেশি কথা বললে তাদের বেয়াদব ধরা হয়,Loading...
Non Misogynistic,মহিলা অনুবাদক বিভিন্ন সংস্কৃতিকে সংযুক্ত করেন,Loading...
Sexual Harassment,তোমার ঠোঁট দুটো চুষতে অনেক ভালো লাগবে,Loading...
Non Misogynistic,শিক্ষার আলো দিয়েই একটি মেয়ে তার পরিবার ও সমাজকে আলোকিত করতে পারে।,Loading...
Stereotype,"আসলে মহিলা ক্রিকেটারদের খেলা দেখতে স্টেডিয়ামে কেউ যায় না, ফাঁকা গ্যালারিই বলে দেয়।",Loading...
Non Misogynistic,মহিলা গ্রাম পরিষদ প্রধান এলাকার মেয়েদের শিক্ষা নিশ্চিত করতে কাজ করছেন।,Loading...
Non Misogynistic,এই মহিলা পুলিশ অফিসার ভিড়ের মাঝে একা পরিস্থিতি সামলালেন,Loading...
Stereotype,"স্বামীর কথামতো জীবন না চালালে মেয়েরা পস্তায়, তা না হলে সমাজ চলে কীভাবে?",Loading...
Non Misogynistic,দিদির সাহসিকতায় পরিবার ঘুরে দাঁড়িয়েছে,Loading...
Sexual Harassment,এই মেয়ের বুক দুটো বোমার মতো,Loading...
Stereotype,মেয়েরা সারাদিন ফোনে গল্প করে সময় নষ্ট করে,Loading...
Derogation,এই মহিলার অ্যান্টি-এজিং ক্রিম কোনো কাজে আসছে না,Loading...
Non Misogynistic,আপু পথচারীর হাতে পানির বোতল তুলে দিয়েছেন,Loading...
Derogation,মেয়েটার অশিক্ষা দেখলে মনে হয় সুযোগ পাওয়া সত্ত্বেও নষ্ট করেছে,Loading...
Non Misogynistic,গণপরিবহনে মেয়েদের নিরাপত্তা নিশ্চিত করা সরকারের প্রাথমিক দায়িত্ব।,Loading...
Stereotype,মেয়েদের বিশ্লেষণী ক্ষমতা ছেলেদের তুলনায় কম,Loading...
Derogation,এই মহিলার বয়স বাড়লেও পরিপক্কতা আসেনি।,Loading...
Non Misogynistic,মেয়েটা পাঁচ বছর একা থেকে ডিগ্রি শেষ করেছে কাউকে বলেনি কতটা কঠিন ছিল,Loading...
Sexual Harassment,আর লোভ দেখাইও না গো সোনা খেয়ে ফেলবো তোমাকে,Loading...
Stereotype,মেয়েরা প্রশংসা না পেলে কাজ করতে চায় না,Loading...
Derogation,মেয়েটার কথা শুনলে মনে হয় টেলিভিশন দেখাই একমাত্র জ্ঞানের উৎস,Loading...
Non Misogynistic,বোনটির সুস্থ অভ্যাস অনুপ্রেরণাদায়ক,Loading...
Non Misogynistic,মেয়েটার মননশীলতা প্রশংসার যোগ্য,Loading...
Stereotype,"যুগ যুগ ধরে দেখে আসছি, রাজনীতিতে মেয়েদের ভূমিকা মূলত মঞ্চ সাজানো ",Loading...
Sexual Harassment,"এই মহিলার আপেল দুটো খেতে চাই, দেবে?",Loading...
Derogation,"এরকম ড্রেস পরার পর নিজেকে আয়নায় দেখে না? আমাদের তো দূর থেকে দেখেই লজ্জা লাগে, ঘেন্না লাগে।",Loading...
Non Misogynistic,মেয়েটার আত্মবিশ্বাস এবং স্বাধীনতার মনোভাব তাকে অজেয় করে তোলে।,Loading...
Stereotype,"বয়স তো অনেক হলো, তাও মেয়ে কে এখনো বিয়ে দিচ্ছে না । নিশ্চয় মেয়ের মধ্যে সমস্যা আছে",Loading...
Stereotype,"মেয়েরা একে অপরের শত্রু, বন্ধুত্ব মুখের কথা",Loading...
Sexual Harassment,তোর ভিতরে খাম্বা ভরে দিবো,Loading...
Non Misogynistic,মহিলা মানবিক সহায়তা কর্মীটি সংকটকবলিত এলাকায় প্রথম পৌঁছে গিয়েছিলেন।,Loading...
Sexual Harassment,"মেয়েটি এতটুকু কাপড়ের কী দরকার, শাড়িটা একদম খুলে ফেলো",Loading...
Sexual Harassment,এই মেয়ের সোনার দাম কত?,Loading...
Non Misogynistic,পিসির গল্প শুনে শৈশবের গল্পগুলো মনে পড়ে,Loading...
Derogation,"আপনাকে চিকন ভালো লাগে না, মোটাতেই অনেক সুন্দর লাগে",Loading...
Derogation,মেয়েটার প্রফেশনাল জীবন আর ব্যক্তিগত জীবন গুলিয়ে ফেলে।,Loading...
Sexual Harassment,"আপু হট ছবি পাঠাও ইনবক্সে, নাহলে নগ্ন ছবি ভাইরাল করে দেব",Loading...
Non Misogynistic,মেয়েদের বিরুদ্ধে বৈষম্যমূলক আচরণ প্রতিরোধে সামাজিক সচেতনতা জরুরি।,Loading...
Sexual Harassment,আপনি তো প্রতিদিনই কারো না কারো বউ হন,Loading...
Non Misogynistic,আপু কি ভেজিটেরিয়ান? এতো সুন্দ্র রেসেপি কিভাবে বানান?,Loading...
Sexual Harassment,ভাবির দেহের গড়ন দেখে হাত না মেরে থাকা যায় না,Loading...
Stereotype,"মেয়েরা প্রেম করলে বাড়ির মাথা নিচু হয়, স্বীকার করুক বা না করুক।",Loading...
Derogation,কোন ছেলে তোরে জীবনে বিয়ে করবো?,Loading...
Non Misogynistic,বোনটার এই কথা আমার সারাজীবন মনে থাকবে,Loading...
Sexual Harassment,ভাবির দেহের গড়ন এমন বানিয়েছে যেন পিছনে তাকানো লাগবে না,Loading...
Non Misogynistic,"প্রতিটি মেয়ে তার নিজস্ব পরিপূর্ণ সত্তা, সে সম্পূর্ণ।",Loading...
Sexual Harassment,"মহিলার সোনার অনেক পাওয়ার, এজন্য দামি দামি উপহার পায়",Loading...
Derogation,মেয়েটাকে বিশ্বাস করা মানে নিজেই বোকা হওয়া,Loading...
Stereotype,সত্যি বলতে পাবলিক সেক্টরে মেয়ে বসলেই ফাইল আটকে থাকে,Loading...
Sexual Harassment,ছেলেদের সাথে শুয়ে মাসে লাখ লাখ টাকা শপিং করে আর মরার সময় ওষুধ কিনা থাকা থাকে না।,Loading...
Stereotype,মহিলা বস হলে অফিসে শান্তি থাকে না,Loading...
Derogation,এ মহিলা নিজে কে বিশ্বসুন্দরী মনে করে,Loading...
Derogation,নাচ দেখে মনে হচ্ছে লাইসেন্স প্রাপ্ত নর্তকীরা নাচতাছে!,Loading...
Non Misogynistic,মহিলা পরিবেশ বিশেষজ্ঞটি নদী দূষণ রোধে সফল আন্দোলন পরিচালনা করেছেন।,Loading...
Derogation,চোদ্দটা ভাতার ধরা মেয়ে নাকি নারী উদ্যোক্তা!,Loading...
Derogation,এই মহিলার অহং দেখলে মনে হয় পৃথিবী একা এই মেয়ের।,Loading...
Non Misogynistic,"মেয়েদের স্বাধীনতা মানে পরিবার থেকে বিচ্ছিন্নতা নয়, বরং পারস্পরিক সম্মান।",Loading...
Derogation,"এই মহিলার কথার গভীরতা নেই, উপরিভাগেই ঘোরে",Loading...
Sexual Harassment,এই মডেল আমার সাথে রুম ডেট করো,Loading...
Stereotype,"মেয়েরা যেকোনো পরিস্থিতি আবেগ দিয়ে দেখে, বাস্তবতা দিয়ে না",Loading...
Sexual Harassment,"মেয়েটি ওড়না ছাড়া বের হও কেন, পুরুষের চোখ নষ্ট করতে?",Loading...
Non Misogynistic,মেয়েটার নিজস্ব মতামত পরিষ্কারভাবে প্রকাশ করার ক্ষমতা প্রশংসনীয়,Loading...
Sexual Harassment,"শোনো আপুটা, আমার কথা না শুনলে নগ্ন ছবি ভাইরাল করে দেব",Loading...
Sexual Harassment,"এই মডেলের কাস্টমার কমে গেছে, তাই এত খোলামেলা",Loading...
Stereotype,সত্যি বলতে নারী পুলিশ মামলা সামলালে অপরাধী হাসে।,Loading...
Sexual Harassment,এই মেয়েকে খেলে অনেক মজা পাওয়া যাবে,Loading...
Stereotype,অ্যাডভেঞ্চার মেয়েদের জন্য বাড়াবাড়ি,Loading...
Derogation,এই মহিলা মানুষ চিনতে পারে না বলে সবাই সুযোগ নেয়,Loading...
Stereotype,"মহিলারা রাজনীতি বোঝে না, তাদের ভোটাধিকার অনর্থক",Loading...
Sexual Harassment,এই মাগি আমার সাথে রুমে চলো কেউ জানবে না,Loading...
Sexual Harassment,ওরে যে কয়জনে টিপছে হিসাব ছাড়া,Loading...
Non Misogynistic,নারী ব্যাডমিন্টন খেলোয়াড় অলিম্পিকে অংশগ্রহণ করেছেন,Loading...
Non Misogynistic,মেয়েটা হঠাৎ কেঁদে ফেলল তারপর নিজেই সামলে নিল,Loading...
Non Misogynistic,আপুর হাতের শিল্পকর্ম মুগ্ধতা ছড়িয়ে দেয়,Loading...
Non Misogynistic,মহিলা পরিবেশকর্মীটি জলবায়ু পরিবর্তন মোকাবিলায় সক্রিয় আন্দোলন করছেন।,Loading...
Non Misogynistic,মেয়েটি ছোটখাটো সাফল্যকেও আনন্দের সাথে গ্রহণ করে,Loading...
Stereotype,"আসলে ছেলেরা প্ল্যানিংয়ে শক্ত, মেয়েরা শুধু এক্সিকিউশনে চেষ্টা করে, স্বীকার করুক বা না করুক।",Loading...
Derogation,তোর মতো মেয়ে বড় কথা বললে হাসির পাত্র হয়।,Loading...
Sexual Harassment,বিয়ের আগে কয়জনের সাথে শুইছো?,Loading...
Derogation,এই মেয়েটার শরীর দেখলে বোঝা যায় ব্যায়াম কী জানে না,Loading...
Derogation,এই মহিলার মতামত সবসময় বদলায়।,Loading...
Non Misogynistic,মেয়েদের বিরুদ্ধে সহিংসতার নিরব সাক্ষী থাকা মানেও অপরাধে অংশগ্রহণ করা।,Loading...
Derogation,এই মেয়েকে দেখলে মনে হয় ফোন ছাড়া বাঁচতে পারে না,Loading...
Derogation,ডিভোর্সি মেয়ের ভাবটা দেখছেন নি?,Loading...
Stereotype,সাইকেল চালালে মেয়েদের অদ্ভুত দেখায়,Girls look weird when they ride a bike.
Non Misogynistic,নারী সম্পাদক প্রতিটি লাইনকে যত্ন নিয়ে সাজান,Loading...
Derogation,মেয়েটার উপর ভরসা করলে পরে পস্তাতে হয়,"If you trust a girl, you'll pay for it later."
Sexual Harassment,যে খাসা জিনিস আপু আপনি পুরা রসে ভরা,Loading...
Stereotype,"সত্যি বলতে মেয়েদের অহংকার বেড়েছে, ভদ্রতা কমেছে — এই কথাটা কখনোই পুরোনো হবে না।",Loading...
Non Misogynistic,দিদির আত্মত্যাগ পরিবারের জন্য অসামান্য,Loading...
Stereotype,আসলে ক্রিকেট-ফুটবলের কৌশলগত দিক মেয়েদের কাছে রহস্য,Loading...
Stereotype,মেয়েদের বয়স হওয়ার পরও বিয়ে না দেওয়ার মানে অন্য ছেলের সাথে লাইন আছে,Loading...
Non Misogynistic,বোনটির নেতৃত্ব দলে দায়িত্ববোধ আনে,Loading...
Sexual Harassment,"মেয়েটির আপেল রসের হাঁড়ির মতো, দেখে আর মজা পাই না",Loading...
Derogation,এই মহিলার আচরণ দেখে পরিষ্কার বোঝা যায় কোথা থেকে এসেছে,Loading...
Non Misogynistic,আল্লাহ আপুটাকে এবং বাচ্চাগুলোকে অনেক ভালো রাখুক,Loading...
Non Misogynistic,আপুর সাহস দেখে অনেকেই অনুপ্রাণিত হন,Loading...
Non Misogynistic,মেয়েটার তৈরি জিনিসগুলো দেখলে বোঝা যায় কতটা যত্ন নিয়ে বানিয়েছে,Loading...
Derogation,এই মহিলার বিশ্বাসঘাতকতার ইতিহাস লম্বা।,Loading...
Non Misogynistic,মহিলা সমাজকর্মীটি নারী শ্রমিকদের ন্যায্য মজুরির জন্য লড়ছেন।,Loading...
Non Misogynistic,একজন মা হিসেবে মেয়েটা তার সন্তানদের মধ্যে সমতার মূল্যবোধ ঢেলে দিচ্ছে।,Loading...
Derogation,বুড়ি বয়সে ভীমরতি হয়েছে মেয়েটার,Loading...
Non Misogynistic,মেয়েটার জ্ঞান ও প্রজ্ঞার মিশ্রণ তাকে পরামর্শ দানে বিশেষ যোগ্যতা দেয়।,Loading...
Non Misogynistic,মেয়েদের নিরাপদ সামাজিক পরিবেশ নিশ্চিত করতে সবার সম্মিলিত প্রচেষ্টা দরকার।,Loading...
Stereotype,বাড়ির বাকিদের না খাইয়ে নিজে খেলে সেটা সংসারের জন্য অশুভ — এই কথাটা কখনোই পুরোনো হবে না।,Loading...
Sexual Harassment,"দেখে লাভ কি, লাগাতে না পারলে",Loading...
Sexual Harassment,নিজের ইচ্ছায় করলে কিছু না আর অন্যের ইচ্ছা করলে ধর্ষণ,Loading...
Non Misogynistic,পুরো দলের পেছনের কৃতিত্ব মহিলা প্রশিক্ষকের।,Loading...
Stereotype,মেয়েদের মূল্যবোধ ব্র্যান্ডের লেবেলের ওপর নির্ভর করে।,Girls' values ​​depend on brand labels.
Non Misogynistic,দিদির পরিকল্পনা ছাড়া সংসার এগোয় না,Loading...
Derogation,"মেয়েটার চেহারায় কোনো ব্যক্তিত্ব নেই, একদম ফ্যাকাশে।",Loading...
Non Misogynistic,মহিলা ক্রসকান্ট্রি দৌড়বিদ অসাধারণ স্ট্যামিনা দেখান,Loading...
Sexual Harassment,"মহিলার শরীর বুড়ির মতো হয়ে গেছে, টাও যৌবনের চাহিদা মিটছে না",Loading...
Sexual Harassment,মামণির বুকের গভীর গুহায় একটু জায়গা দাও,Loading...
Stereotype,মেয়েরা মোটরসাইকেল চালালে সমাজ বাঁকা চোখে দেখে,Society looks askance at women riding motorcycles
Stereotype,"দেখুন, এই যুগের মেয়েরা বরাবরই কথাবার্তার চেয়ে কান্নাকাটিতেই সমস্যার সমাধান খোঁজে — এটাই সত্য।",Loading...
Sexual Harassment,আপুটা ভাইরাল হওয়ার জন্য এইরকম কাপড় পরে আসছে,Loading...
Sexual Harassment,"এমন কোনো পুরুষ নেই যে তরে ভোগ করে নাই, আমিও চাই তোকে",Loading...
Derogation,এই ফালতু মেয়ে রে এতো পাত্তা দেওয়ার মতো কিছু নেই,Loading...
Sexual Harassment,বেটি পেন্টিটা খুলে রাখলেই পরিষ্কার দেখা যেত,Loading...
Derogation,এই মহিলার প্রতিক্রিয়া দেখলে বোঝা যায় বুদ্ধিমত্তার অভাব,Loading...
Sexual Harassment,মেয়েটির পার্ট-টাইম দেহ ব্যবসা করে,Loading...
Non Misogynistic,প্রতিটি মেয়ে নিজের জীবন নিজের মতো গড়ে নেওয়ার অধিকার রাখে।,Loading...
Derogation,মেয়েটার বিশ্বদৃষ্টিভঙ্গি দেখলে মনে হয় একটা ছোট গ্রামে বড় হয়েছে,Loading...
Stereotype,মেয়েদের জন্য স্বামীই জীবনের সবকিছু হওয়া উচিত,Loading...
Stereotype,কনসার্ট-উৎসবে একা মেয়েদের যাওয়া দৃষ্টিকটু।,Loading...
Sexual Harassment,মেয়েটি এত কচি বয়সে ডাব এত বড় কীভাবে?,Loading...
Stereotype,ভালোবাসা প্রকাশ করাটা মেয়েদের দুর্বলতা,Loading...
Non Misogynistic,মেয়েটি সাজগোজে কখনো অতিরিক্ত নন,Loading...
Non Misogynistic,মেয়েটা গণমাধ্যমে অন্যায়ের বিরুদ্ধে কথা বলেছেন,Loading...
Non Misogynistic,মেয়েটার ভাই তার ক্যারিয়ারে সবচেয়ে বড় অনুপ্রেরণা।,Loading...
Non Misogynistic,মেয়েটা কোনো কিছু করলে অনেক মনোযোগ দিয়ে করে এবং সেটা পারফেক্ট হয়,Loading...
Non Misogynistic,মেয়েদের পোশাক নিয়ে মন্তব্য করা ঠিক নয়,Loading...
Stereotype,মেয়েদের বিমান বাহিনীতে নেওয়া জাতীয় নিরাপত্তার জন্য ঝুঁকি,Loading...
Non Misogynistic,মেয়েটি প্রতিকূলতাকে চ্যালেঞ্জ হিসেবে নেন,Loading...
Stereotype,মেয়েদের হাতে সংসারের খরচ ছেড়ে দিলে মাস ফুরাবে না।,Loading...
Non Misogynistic,"ওর মধ্যে একটা আলাদা আত্মবিশ্বাস আছে, যেটা চোখে পড়ে",Loading...
Stereotype,"মেয়ে হয়ে ইনকাম কেন করবে, তার জন্য তো তার স্বামী আছে",Loading...
Sexual Harassment,পাহাড় গুলো দেখলে বুঝা যায় কি পরিমাণ পরিশ্রম করে উনি,Loading...
Sexual Harassment,ম্যাডামের নাভিতে মধু ঢেলে চেটে খেতে চাই,Loading...
Non Misogynistic,উনার কাছ থেকে যা শিখেছি সেটা কোথাও পাইনি,Loading...
Stereotype,মেয়েরা রাতে লাইভ স্ট্রিম করলে তাদের উদ্দেশ্য নিয়ে প্রশ্ন ওঠে,Loading...
Non Misogynistic,আন্টির সাথে একবার কথা হলে মন হালকা হয়ে যায়,Loading...
Sexual Harassment,খুব তাড়াতাড়ি প্রেগনেন্ট হবে এতো ছেলের সাথে লাগালে,Loading...
Sexual Harassment,এই মহিলা আপনার শরিরের মূল্য এতো কম যে যেইখানে সেইখানে দেখিয়ে বেড়াইতে হচ্ছে?,Loading...
Stereotype,আজকালকার মেয়েদের উচিত মন খারাপের কথা পরিবারে চেপে রাখা।,Loading...
Non Misogynistic,মেয়েদের সমান অংশগ্রহণে সমাজের সব দিক সমৃদ্ধ হয়।,Loading...
Stereotype,মেয়েরা একটু বেশি বুজে টাকার কথা উঠলে চুপ থাকতে পারে না,Loading...
Stereotype,বাঙালি মেয়েদের কাজের পরিধি ঘরের চৌকাঠ পর্যন্তই মানানসই।,Loading...
Stereotype,অর্ধশিক্ষিত মেয়েরা প্রায়শই বিয়েতে দেরি মানেই চরিত্রে কোনো না কোনো খুঁত।,Loading...
Derogation,মেয়েটার ডিভোর্স হবার অপেক্ষায় থাকলাম।,Loading...
Stereotype,"ঘর গুছানো, রান্না করা এগুলো মেয়েদের জন্মগত দায়িত্ব",Loading...
Derogation,এই মহিলার স্বার্থপরতার মাত্রা দেখলে অবাক হতে হয়,Loading...
Non Misogynistic,একজন মা হিসেবে মেয়েটা তার সন্তানকে মেয়ে-ছেলে বৈষম্য ছাড়াই বড় করছে।,Loading...
Non Misogynistic,"মহিলাটি ট্রেনে অপরিচিত বাচ্চাকে সামলে নিলেন, মনটা ভরে গেল",Loading...
Non Misogynistic,আপা দিন দিন সুন্দরি হইয়া যাইতেছে,Loading...
Sexual Harassment,তুই সবটা খুলে ফেলে দে দেখবি তোরে বেশী প্রেমেন্ট দেওয়া হবে।,Loading...
Derogation,মেয়েটার মিটিংয়ে থাকলে কোনো অবদান নেই।,Loading...
Stereotype,মেয়েদের খেলার সময় দর্শক খেলা না দেখে মেয়েদের দেখে,Loading...
Stereotype,মেয়েদের ক্যারিয়ারের চেয়ে পরিবার গুরুত্বপূর্ণ,Loading...
Sexual Harassment,"বৌদি মাল, রাতের জন্য পারফেক্ট ফিট",Loading...
Stereotype,"কর্পোরেট সেক্টরে মেয়েরা ছেলেদের তুলনায় উৎপাদনশীলতায় কম, এটা মানতেই হবে।",Loading...
Derogation,এই মেয়েকে দ্রুত লজ্জার ভ্যাকসিন দেওয়া হোক।,Loading...
Derogation,মহিলাটার উচ্চতা দেখলে মনে হয় বড় হতেই ভুলে গেছে,Loading...
Sexual Harassment,মেয়েটি আমার সাথে বাড়াবাড়ি করলে নগ্ন ছবি ভাইরাল করে দেব,Loading...
Stereotype,"মেয়েরা আইন বোঝে না, মামলা মোকদ্দমায় পুরুষই লাগে","Women don't understand the law, men are needed in litigation"
Non Misogynistic,মেয়েটার সৃজনশীল উদ্যোগ স্থানীয় শিল্পমহলে নতুন প্রাণ দিয়েছে।,Loading...
Non Misogynistic,নারী মেশিন লার্নিং বিশেষজ্ঞ অত্যন্ত মেধাবী,Loading...
Non Misogynistic,দিদির আশ্রয়ে ছোট ভাই-বোনেরা নিরাপদ বোধ করে,Loading...
Sexual Harassment,তোমার যে দুইটা আপেল বের হয়ে আছে তার কি হবে!,Loading...
Stereotype,বউয়ের কাজ স্বামীর ইচ্ছাকে নিজের ইচ্ছা করে নেওয়া তা নাহলে সংসারে ঝামেলা হবেই,Loading...
Non Misogynistic,"একজন বাবা যখন মেয়েকে সমান সুযোগ দেন, তখন মেয়েটা অনন্য উচ্চতায় পৌঁছায়।",Loading...
Non Misogynistic,মহিলা সাংবাদিকের রিপোর্টটা দেখে অনেক কিছু জানলাম,Loading...
Derogation,মালটার ভূরি দেখে মনে হচ্ছে উনি প্রেগনেন্ট,Loading...
Non Misogynistic,মেয়েদের ঘরোয়া কাজকে যথাযথ মূল্য দিতে হবে,Loading...
Non Misogynistic,আপু কিন্তু সত্যিই গর্জিয়াস,Loading...
Non Misogynistic,বোনটির রুচি সংস্কৃতির পরিচয় দেয়,Loading...
Stereotype,"মেয়েরা পদার্থবিজ্ঞান বুঝতেই পারে না, বায়োলজিতে একটু কম খারাপ",Loading...
Non Misogynistic,মেয়েটার আশাবাদ অনুপ্রেরণাদায়ক,Loading...
Non Misogynistic,"মেয়েটা যখন চ্যালেঞ্জটা নিয়েছিল সবাই বলেছিল পারবে না, পেরেছে",Loading...
Sexual Harassment,"আপুটি আসলে আবাসিকের পাঁচশ টাকার মাল, কারো বউ না",Loading...
Sexual Harassment,উফঃ এ দুটা পাহাড় বানাইলো কে রে! পুরা মাখন,Loading...
Sexual Harassment,মেয়েটিকে একা পেলে মাথা ঠিক থাকবে না,Loading...
Stereotype,মেয়েরা একা সিনেমা দেখতে গেলে লোকে নানা কথা বলে,Loading...
Stereotype,"বেশি পড়লে মেয়েরা মুখের ওপর কথা বলতে শেখে, তাই কম পড়াই ভালো",Loading...
Derogation,এই মেয়ে মানুষের দেওয়া সুযোগ নষ্ট করে,Loading...
Derogation,এই বেডি লম্বা হওয়ার জন্য এত পরিশ্রম করে কিন্তু জিন পরিবর্তন হয় না।,Loading...
Derogation,মেয়েটার উচ্চাভিলাষ তার মেধার চেয়ে অনেক বেশি।,The girl's ambition is much greater than her talent.
Stereotype,"মেয়েরা সহজে ক্ষমা করতে পারে না, দীর্ঘদিন রাগ ধরে রাখে",Loading...
Derogation,মেয়েটাকে দেখলেই মনে হয় ওর সময় কাটে অন্যের নিয়ে আলোচনা করে,Loading...
Derogation,মেয়েটার শরীরের বাড়তি ওজন দেখলে বোঝা যায় খাওয়া ছাড়া জীবনে কিছু নেই,Loading...
Derogation,মহিলাদের বহুরুপী চেহারা দেখতে চাইলে এই মেয়েকে দেখেন,Loading...
Stereotype,"গবেষণায় মেয়েরা মন দিতে পারে না, কারণ তাদের ঘরে মন থাকে",Loading...
Non Misogynistic,বাগানে গেলে মনে হয় আপুর মন ভালো থাকে।,Loading...
Non Misogynistic,আমার তোমার দাত গুলা খুব ভালো লাগে,Loading...
Sexual Harassment,বুড়ির বিছানায় সঙ্গী হওয়ার ফি কত?,Loading...
Stereotype,বাড়ির বউ রান্না না করলে শ্বশুর শাশুড়ির অসম্মান হয়,Loading...
Non Misogynistic,মেয়েটার লেখায় গভীর অনুভূতি প্রকাশ পায়,Loading...
Non Misogynistic,মেয়েটার সৃজনশীলতা ও উদ্যম তাকে সবার মধ্যে বিশিষ্ট করে তুলেছে।,Loading...
Sexual Harassment,বৌদির সোনা নিয়ে ভাবতে গিয়ে রাতে ঘুম আসে না,Loading...
Stereotype,সত্যি বলতে এখনকার মেয়েদের উচিত হাসি-কান্নায় সংযম রাখা।,Loading...
Stereotype,মেয়েরা নেটওয়ার্কিং ইকুইপমেন্ট বুঝতে পারে না,Loading...
Stereotype,বাঙালি মেয়েরা অধিকাংশ সময় রাগ ধরে রেখে মাসের পর মাস কথা বন্ধ রাখা স্বাভাবিক।,Loading...
Non Misogynistic,মেয়েটা নিজের পরিচয় নির্মাণে কোনো বাধাকে প্রশ্রয় দেয়নি।,Loading...
Non Misogynistic,মেয়েটি বুদ্ধি দিয়ে কঠিন পরিস্থিতি সামলায়,Loading...
Non Misogynistic,নারীর সিদ্ধান্ত নেওয়ার অধিকার অবশ্যই থাকা উচিত,Loading...
Non Misogynistic,মেয়েটির বিচারবুদ্ধি প্রশংসনীয়,Loading...
Derogation,এই মহিলার বিশ্বস্ততার কোনো রেকর্ড নেই,Loading...
Sexual Harassment,দিদির দেহ দেখে হাত না মেরে থাকা যায় না,Loading...
Stereotype,"সংসারী মেয়েরাই আসলে জীবনে সুখী হয়, বাকিরা শুধু ভান করে",Loading...
Derogation,এই মেয়ের পড়াশোনা সম্পর্কে না জানাই ভালো,Loading...
Non Misogynistic,মেয়েদের নিজের ইচ্ছামতো পেশা বেছে নেওয়ার সুযোগ সব সমাজে নিশ্চিত হওয়া উচিত।,Loading...
Sexual Harassment,ভাবিকে দেখলেই খেলতে মন চায়,Loading...
Derogation,মেয়েটার চোখে অন্যের সুখ দেখলে আগুন ধরে।,Loading...
Non Misogynistic,আপু বিপদে পড়া অপরিচিতকে আশ্রয় দিয়েছেন,Loading...
Non Misogynistic,মেয়েদের অর্জনকে স্বীকৃতি দেওয়া সমাজকে আরও উজ্জীবিত করে।,Loading...
Derogation,তর মতো নস্ট মেয়ের মুখে এসব মানায় ?,Loading...
Non Misogynistic,"মেয়েটা নিজেকে ভালোবাসতে শিখেছে, এটা তার সবচেয়ে বড় অর্জন।",Loading...
Sexual Harassment,"সবাই লাইনে দাঁড়াও, একে একে এই মেয়েকে ভোগ করে আসবো",Loading...
Derogation,মেয়েটার হাত গুলো দেখতে প্রতিবন্ধী দের মতো,Loading...
Derogation,মেয়েটা বস হয়েছে কিন্তু টিম ম্যানেজ করতে পারে না।,Loading...
Derogation,মেয়েটার কথায় এত মিথ্যা মেশানো যে আলাদা করাই কঠিন,Loading...
Derogation,এইরকম নষ্টা মেয়েকে কেউ কখনো এমনিতেও জীবনসঙ্গী বানাবে না,Loading...
Derogation,"তুমি কথা দিয়ে কাজ চালাও, কিন্তু কতদিন?",Loading...
Stereotype,"মানতেই হবে, মেয়েদের উচিত রান্না, পরিষ্কার, বাচ্চা মানুষ — এই তিন কর্মেই দক্ষ হওয়া — এই কথাটা কখনোই পুরোনো হবে না।",Loading...
Stereotype,মেয়েদের বিয়ের পর স্বামীর পরিকল্পনায় সায় দেওয়াই ভালো,Loading...
Stereotype,মেয়েদের উচিত কোনো অবস্থাতেই পরিবারের পুরুষের মুখের ওপর তর্ক না করা,Loading...
Derogation,এই মহিলার সততার ঘাটতি দেখলে দূরে থাকতে মন চায়,Seeing this woman's lack of honesty makes me want to stay away.
Derogation,এই মহিলা বড়দের সম্মান করতে জানে না,Loading...
Stereotype,মেয়েরা নিজের শরীর নিয়ে বেশি সচেতন থাকলে আত্মকেন্দ্রিক মনে হয়,Loading...
Sexual Harassment,"এই নায়িকা, বিকিনি পরে নামলে আরো ভাইরাল হতে",Loading...
Sexual Harassment,"বৌদির জামা দিনে দিনে ছোট হয়ে যাচ্ছে, লজ্জা নেই?",Loading...
Derogation,তোর মতো আনাড়ি মেয়ে এই পদে থাকা মানে কোম্পানির সর্বনাশ।,Loading...
Sexual Harassment,"ছেলেদের সাথে শুয়ে বেরায়, খানকি মাগিদের আবার কত ডিমান্ড?",Loading...
Derogation,দেখো বুইড়া বেডির কত ঢং,Loading...
Derogation,এই মেয়ে অগ্রগতির দিকে যাচ্ছে না খারাপ দিকে যাচ্ছে,Loading...
Stereotype,মেয়েদের বিয়ের পর পদবি বদলে স্বামীর পদবি নেওয়া উচিত,Loading...
Derogation,এই মেয়েটার অফিসে থাকার কোনো মূল্য নেই,Loading...
Stereotype,বসের সঙ্গে অতিরিক্ত মেলামেশা মেয়েদের পদোন্নতির শর্টকাট।,Loading...
Non Misogynistic,প্রতিটি শিশু মেয়ের স্কুলে যাওয়ার অধিকার অলঙ্ঘনীয়।,Loading...
Non Misogynistic,মেয়েদের মেধা ও প্রতিভাকে স্বীকৃতি দেওয়া সমাজের সামনে এগিয়ে যাওয়ার উপায়।,Loading...
Stereotype,মেয়েরা সিঙ্গেল থাকলে সমাজ তাকে সহজে গ্রহণ করে না,Loading...
Stereotype,"মেয়েদের মস্তিষ্ক ছেলেদের মতো কাজ করে না, এটা প্রকৃতিগত",Loading...
Sexual Harassment,"এই মেয়ে, তোর ইনকামের সোর্স কি?রাতে ছেলেদের সময় দেওয়া?",Loading...
Derogation,মেয়েটার বিশ্বাসঘাতকতার অভ্যাস পুরনো।,Loading...
Sexual Harassment,"এই আপু তো একজন দেহ ব্যবসায়ী, পাড়ার সবাই জানে",Loading...
Non Misogynistic,মেয়েটার সাহিত্যকর্ম ভাষা ও সংস্কৃতি সংরক্ষণে অবদান রাখছে।,Loading...
Stereotype,"ঘরদোর অপরিষ্কার দেখলে বুঝতে হবে গিন্নির হাতে দম নেই, স্বীকার করুক বা না করুক।",Loading...
Non Misogynistic,মেয়েটা সকালে উঠে প্রথমে ফোন দেখে না এটা অনেক কঠিন,Loading...
Derogation,এই বেডির আইলাইনার এত মোটা যে বাঘের চোখের মতো লাগছে।,Loading...
Derogation,এই মেয়ের গলার স্বর এত কর্কশ যে মনে হয় লোহায় লোহায় ঘষা লাগছে,Loading...
Derogation,এই নটীরে আরেক নইট্টায় বিয়ে করবো,Loading...
Stereotype,"ছোটবেলা থেকে মেয়েদের রান্না শেখানো উচিত, পরে কাজে আসবে",Loading...
Sexual Harassment,আপু গর্ত থাকলে অর্থের অভাব হয় না,Loading...
Non Misogynistic,মেয়েটা দলের মতভেদ দূর করে সবাইকে একটি লক্ষ্যে এগিয়ে নিয়ে যেতে পারে।,Loading...
Stereotype,"মেয়েরা ক্রিকেট বোঝে না, শুধু মাঠে যায় খেলোয়াড় দেখতে",Loading...
Derogation,"এই নটিদের দেখে কিছুটা অনুভব হলো, আগের যুগে কেন মেয়ে হলে জিন্দা কবর দিতো",Loading...
Sexual Harassment,ক্লিভেজ সহ ছবি দেখে আসলেই হর্নি হয়ে যাই,Loading...
Derogation,"এই মহিলার আচরণ অনুমানযোগ্য না, কখন কী করবে বলা যায় না।",Loading...
Derogation,নিজেকে বিশ্বসুন্দরী মনে করে,Loading...
Derogation,মেয়েটা সেলফি তুলে মনে হয় অন্য ভাতারকে দেখাবে,Loading...
Stereotype,মেয়েরা বিয়ে করলে স্বামীর অনুমতি ছাড়া বাইরে যাওয়া ঠিক না,Loading...
Derogation,এই মেয়েটা নাচে মানে গরু মাঠে চলার মতো,Loading...
Stereotype,"দেখুন, একা ক্যাম্পিংয়ে যাওয়া মেয়েদের আদব-কায়দা সম্পর্কে নতুন করে ভাবা দরকার।",Loading...
Stereotype,"রান্নাবান্নায় হাত না পাকালে শ্বশুরবাড়ি গিয়ে অপদস্থ হতে হয়, স্বীকার করুক বা না করুক।",Loading...
Stereotype,মেয়েরা অতিসহজে কাউকে বিশ্বাস করে না,Loading...
Stereotype,"মেয়েরা বয়স্ক দেখাতে চায় না, চিরযৌবনের চিন্তায় মগ্ন",Loading...
Non Misogynistic,মেয়েটির হাতের তৈরি কার্ড দারুণ আবেগী,Loading...
Stereotype,তর্ক করা মেয়েদের পরিবারি শিক্ষার অভাব,Loading...
Non Misogynistic,বোনটির প্রতিটি পদক্ষেপ সাহসিকতার পরিচয়,Loading...
Stereotype,"যুগ যুগ ধরে দেখে আসছি, মহিলা প্রধান শিক্ষিকার স্কুলে শৃঙ্খলা ধরে রাখা কঠিন, এটা মানতেই হবে।",Loading...
Sexual Harassment,আপুটাকে পাইলে রেপ করব একদিন,Loading...
Sexual Harassment,তুই মাগি আর ভালো হইলি না,Loading...
Stereotype,"মেয়েরা রেডিও উপস্থাপক হলে কণ্ঠের জন্য আসে, বুদ্ধির জন্য না",Loading...
Non Misogynistic,আপুর ইন্টেরিয়র ডিজাইন আধুনিক ও মার্জিত,Loading...
Stereotype,"মেয়েদেরও একই, শুধু পোষাক বদলায়, চরিত্র বদলায় না।",Loading...
Stereotype,মেয়েদের বিদেশে পড়তে পাঠালে বিয়ের বয়স পেরিয়ে যায়,Loading...
Sexual Harassment,এই মহিলাকে সবাই যৌনপেশার সঙ্গে জড়িত বলে চেনে,Loading...
Sexual Harassment,বিয়ে হয়নি কিন্তু খেলা হয়ে গেছে,Loading...
Stereotype,"সবাই জানে, বাবার মতের বাইরে গিয়ে বিয়ে করা কন্যাসন্তানের অপরাধ।",Loading...
Non Misogynistic,মেয়েটার বোঝানোর যে ধরন তাতে যেকোনো বিষয় সহজে বুঝা যাবে,Loading...
Derogation,মেয়েটার অহংকারের সাথে কাজের কোনো মিল নেই,Loading...
Derogation,এই মহিলার ডেডিকেশন দেখে মনে হয় চাকরি রাখার ইচ্ছা নেই।,Loading...
Non Misogynistic,মেয়েটা নিজের পছন্দের জীবন কাটাচ্ছে এবং তাতে সে পূর্ণ সন্তুষ্ট।,The girl is living the life she wants and she is completely satisfied with it.
Non Misogynistic,ছেলে হোক বা মেয়ে মানুষ হিসেবে ভালো হওয়াটাই আসল বিষয়,Loading...
Non Misogynistic,মেয়েটার চোখে অদ্ভুত মায়া আছে,Loading...
Non Misogynistic,দাদীর অভিজ্ঞতা পরিবারের পথপ্রদর্শক,Loading...
Stereotype,মেয়েরা মানুষের আচরণ খুব দ্রুত পার্সোনালি নিয়ে ফেলে,Loading...
Non Misogynistic,মেয়েটা বাজে পরিস্থিতিতেও মাথা ঠান্ডা রাখে,Loading...
Sexual Harassment,বৌদির ভোদা টা চেটে খেতে চাই,Loading...
Sexual Harassment,"এই মেয়ে, পুরো উলঙ্গ হয়ে নাচো একবার না হলে কেউ দেখবে না",Loading...
Stereotype,"দেখুন, শহরের মেয়েদের উচিত সংসারের আর্থিক সিদ্ধান্ত পুরুষের ওপর ছেড়ে দেওয়া।",Loading...
Non Misogynistic,মেয়েটা নিজের সিদ্ধান্ত নিজেই নেন,Loading...
Derogation,মেয়েটার প্রতিশ্রুতি বাতাসে মিলিয়ে যায়।,Loading...
Non Misogynistic,নারী-পুরুষের সমান সুযোগ থাকতে হবে,Loading...
Stereotype,মেয়েদের বয়স বাড়লে পাত্রপক্ষ আগ্রহ কম দেখায়,Loading...
Non Misogynistic,"মেয়েটা নতুন ভাষা শিখছে, প্রতিদিন একটু একটু করে এগোচ্ছে",Loading...
Stereotype,নারী ফটোগ্রাফারকে বিয়ে-অনুষ্ঠানের বাইরে কাজ দেওয়া যায় না,Loading...
Sexual Harassment,সোনা এমনিতেই দেবো যদি একটু লাগাতে দাও,Loading...
Sexual Harassment,"নর্তকীর চামড়া টাইট থাকলেই মার্কেটে চলবে, নইলে নয়",Loading...
Stereotype,মেয়েরা কোনো অনুষ্ঠানে যাওয়ার আগে সাজতে অনেক সময় নেয়,Girls take a lot of time to dress up before going to an event.
Sexual Harassment,মেয়েটার কোমর দোলানো দেখে নিজেই দুলতেছি,Seeing the girl's waist swaying makes me sway myself.
Derogation,আপুটার পেটটা দেখলে বোঝা যায় কতটা অলস জীবন যাপন করে,Loading...
Sexual Harassment,তোমার বুকের মাঝখানের তিল টা অনেক বেশি হট,Loading...
Derogation,"এই মেয়ের ব্রেন ও নাই, লজ্জাও নাই",Loading...
Stereotype,নারী মডেল মানেই মুতুনি রাস্তা বিক্রেতা।,Loading...
Sexual Harassment,মেয়েটার চামড়া দুই বাচ্চার মা হয়েও কড়া আছে,Loading...
Stereotype,"মেয়েরা ইনকাম করে কী করবে, দিন শেষে তো স্বামীর টাকায় চলবে",Loading...
Stereotype,মেয়ে সুন্দর হলে দায়িত্ব নেয়ার মানুষের অভাব হয় না,Loading...
Derogation,এই মহিলা ধর্মের নাম ভাঙিয়ে সুবিধা নেয়,Loading...
Stereotype,মেয়েরা সহজে মন খুলে সব কথা বলে না,Loading...
Stereotype,"অভিজ্ঞতা বলে, যেকোনো ক্রাইসিসে পুরুষই সামনে দাঁড়ায়, মেয়েরা পেছনে — এটাই বাস্তব।",Loading...
Non Misogynistic,মেয়েটা নিজের অধিকারের জন্য লড়াই করছে কারণ সেটাই সঠিক পথ।,Loading...
Stereotype,মেয়েরা টেকনোলজি কোম্পানি চালাতে পারে না,Loading...
Sexual Harassment,এই মডেলের মতো যৌনকর্মীর আবার কিসের ইজ্জত,Loading...
Non Misogynistic,মেয়েটার স্বাধীন চিন্তাভাবনা তাকে সমস্যা সমাধানে এগিয়ে রাখে।,Loading...
Non Misogynistic,আসলে তোমার মনটা অনেক বড়,Loading...
Non Misogynistic,উনার ক্লাসে একবার ঢুকলে শুধু লেকচারই শুনতে মন চায়।,Loading...
Stereotype,স্বামীর সামনে মাথা উঁচু রাখা মেয়েদের অহংকারের পরিচায়ক।,Loading...
Stereotype,আসলে এখনকার মেয়েদের উচিত বিয়ের পর শ্বশুরবাড়ির সংস্কৃতিকে পুরোপুরি গ্রহণ করা।,Loading...
Stereotype,"ছেলেরা বাইরে সংগ্রাম জীবন চালানোর জন্য আর মেয়েরা ঘরে বসে অভিযোগ করে, যুগ যুগ ধরে চলে আসছে",Loading...
Stereotype,মেয়েরা নিজের বয়স কমিয়ে বলে,Loading...
Derogation,এই মহিলার চেহারা দেখে মানুষ ভয় পেয়ে যায়,Loading...
Non Misogynistic,মেয়েটার কাজের প্রতি নিষ্ঠা ও উৎসর্গ তাকে একজন আদর্শ পেশাদার করেছে।,Loading...
Sexual Harassment,তোমাকে পেলে একটু আদর করতাম,Loading...
Derogation,মেয়েটার বডি ল্যাঙ্গুয়েজ দেখলে মনে হয় আত্মবিশ্বাস শূন্য,Loading...
Non Misogynistic,মেয়েটা একা থেকে নিজের জীবন পরিচালনা করছে দক্ষতার সাথে।,Loading...
Stereotype,"দেখুন, বিয়ের পর শ্বশুরবাড়ির সবাইকে নিজের মতো চালানোর চেষ্টা মেয়েদের সহজাত।",Loading...
Stereotype,গোপন কথা রক্ষা করার ক্ষেত্রে মেয়েরা নাকি দুর্বল।,Loading...
Non Misogynistic,মেয়েটা পড়াশোনায় অনেক মনোযোগী,Loading...
Stereotype,"যুগ যুগ ধরে দেখে আসছি, বাঙালি মেয়েদের মূল কাজ হলো পরিবারের সবাইকে সন্তুষ্ট রাখা","For centuries, we have seen that the main job of Bengali women is to keep everyone in the family happy."
Derogation,চেহারাটা বাংলার পাঁচ । কিন্তু এরা নাকি আবার নায়িকা । কাজের বুয়া আরো সুন্দর,Loading...
Sexual Harassment,শুয়ে গেলেই নমিনেশন কনফার্ম!,Loading...
Sexual Harassment,"তুর সঙ্গে আমি এক সাথে থাকতে চাই, কোথায় পাবো?",Loading...
Derogation,এই মেয়ের শিক্ষাগত যোগ্যতা শূন্যের কোঠায়,Loading...
Stereotype,মেয়েরা মার্কেটে গেলে বাজেটের কথা তাদের মনে থাকে না,Loading...
Derogation,তুই একটা বস্তির মেয়ে,Loading...
Sexual Harassment,তুমি খুব সেক্সি একটা মাল।,Loading...
Non Misogynistic,প্রতিটি মেয়ে নিজের স্বপ্ন বেছে নেওয়ার এবং সেটা অনুসরণ করার অধিকার রাখে।,Loading...
Stereotype,"দেখুন, মেয়েদের পোশাকেই মা-বাবার শিক্ষার পরিচয় — এই কথাটা কখনোই পুরোনো হবে না।",Loading...
Stereotype,বর্তমানে নাচনেওয়ালীরা সেলেব্রিটি হয়!,Loading...
Stereotype,মেয়েরা বিজ্ঞানী হলেও বড় আবিষ্কার করতে পারে না,Loading...
Non Misogynistic,মেয়েটার কমেডি টাইমিং একদম পারফেক্ট,Loading...
Non Misogynistic,মহিলা প্রোগ্রামার কোডিং দক্ষতায় অত্যন্ত পারদর্শী,Loading...
Sexual Harassment,"এই চামড়ার ব্যবসায়ী, আবার নতুন কাস্টমার খুঁজছে",This leather merchant is looking for new customers again
Stereotype,মেয়েদের পেটে কথা থাকে না বন্ধুর কাছে গোপন কথা চলে যাওয়াটাই স্বাভাবিক।,Loading...
Stereotype,মেয়েরা মা হলে কাজে আর আগের মতো মনোযোগ দিতে পারে না,Loading...
Non Misogynistic,"মেয়েটার মধ্যে একটা আলাদা আন্তরিকতা আছে, যেটা সহজেই বোঝা যায়",Loading...
Stereotype,"অভিজ্ঞতা বলে, মেয়েদের বন্ধুত্ব দু-চার মাসের বেশি টেকে না",Loading...
Non Misogynistic,মেয়েটার সুস্থ প্রতিযোগিতামূলক মনোভাব তাকে সবসময় সেরাটা দিতে অনুপ্রাণিত করে।,Loading...
Non Misogynistic,বোনটির বিষয়ভিত্তিক প্রস্তুতি পরিপূর্ণ,Loading...
Stereotype,মুরব্বিদের মুখের ওপর জবাব দেওয়া মেয়েদের সাজে না।,Loading...
Sexual Harassment,"ফিগার এর প্রতি যত্ন নেও পিও, তোমার ফিগার দেখেই মানুষ তোমাকে কাজে নিবে",Loading...
Sexual Harassment,তোমার জ্বালানি মিটানোর জন্য পতিতালয়ে যাও তাড়াতাড়ি,Loading...
Sexual Harassment,কাপড় ছাড়া হলে আরও সুন্দর লাগতো,You would look more beautiful without clothes.
Non Misogynistic,মেয়েদের মতামত ও অবদানকে সমান মূল্য দেওয়া উচিত।,Loading...
Non Misogynistic,মহিলা মনোবিজ্ঞানী বহু মানুষকে মানসিক সঙ্কট থেকে বের করে এনেছেন,Loading...
Non Misogynistic,দিদির ছুটির দিনের পরিকল্পনা সবাইকে আনন্দ দেয়,Loading...
Sexual Harassment,গায়ে কাপড় না পরলে আরো বেশি ভাইরাল হওয়া যাইত,Loading...
Sexual Harassment,দর্শকদের আবদার টা রাখেন না কেন? আপনআর ব্রা ছাড়া একটা ডান্স দেখতে চাই আমরা,Loading...
Non Misogynistic,মহিলা শিল্পী-উদ্যোক্তাটি স্থানীয় কারিগরদের সাথে কাজ করে ঐতিহ্য রক্ষা করছেন।,Loading...
Non Misogynistic,মহিলা চিত্রশিল্পীটির আঁকা ছবি জাতীয় গ্যালারিতে স্থান পেয়েছে।,Loading...
Stereotype,এখনকার বেয়েদব মেয়েদের মাথায় খালি একটায় জিনিস ঘুরে । বান্ডেল আর বান্ডেল,Loading...
Non Misogynistic,দিদির হাতের আলপনা দেখে অবাক হয়ে গেলাম,Loading...
Stereotype,মেয়েরা গণিতে কখনো ছেলেদের মতো ভালো হতে পারবে না,Loading...
Sexual Harassment,"এই আবাসিক হোটেলের মেয়ে, আবার নতুন কাস্টমার খুঁজছে",Loading...
Stereotype,নারীরা সবসময় ছেলেদের সমান কাজ করার দাবি একদম অযৌক্তিক।,Loading...
Stereotype,"যতই অস্বীকার করুক, যেসব মেয়েরা প্রতিবাদ করে, তারা সংসার করার যোগ্য না।",Loading...
Non Misogynistic,"নারীর কাজ অদৃশ্য নয়, তা স্বীকৃতি প্রাপ্য",Loading...
Non Misogynistic,দিদির স্টাইল ব্যক্তিত্বের প্রতিফলন,Loading...
Stereotype,মেয়েরা সরকারি চাকরিতে না গেলে ঝুঁকি আছে,Loading...
Non Misogynistic,মেয়েটার গানের কণ্ঠ মনের ভেতরে কম্পন তোলে,Loading...
Derogation,বদমাইশ মহিলা ভাবের জ্বালায় উল্টে যাচ্ছে,Loading...
Stereotype,নষ্টা দিয়ে দেশটা ভরে গেছে,Loading...
Derogation,তুমি এত অযোগ্য যে তোমাকে দিয়ে চা বানানোও হবে না।,Loading...
Non Misogynistic,আপু এই রুটিনটা ফলো করতে শুরু করলাম দেখি কেমন লাগে,Loading...
Sexual Harassment,"এই মহিলা আমার সাথে রুম ডেট করো, কেউ জানবে না",Loading...
Derogation,এই মেয়েকে দেখলে মনে হয় নির্ভরযোগ্যতা শব্দটা ওর অজনা,Loading...
Non Misogynistic,মেডিকেলে পড়া এই মেয়েটির লক্ষ্য গ্রামের মানুষদের সেবা করা।,Loading...
Stereotype,মেয়ে মানুষ ঘর ছেড়ে বেরিয়ে কী পাবে? ঘরেই তো সব আছে,Loading...
Stereotype,"বিয়ের পর মেয়েরা ঘরেই থাকুক, বাইরে গেলে অনেক সমস্যা",Loading...
Stereotype,"মেয়েরা আবার কীসের সিইও, বোর্ড মিটিং সামলাবে কে? ",Loading...
Sexual Harassment,"এই ডিজে তো যৌনকর্মী, ভালোই টাকা ইনকাম হচ্ছে",Loading...
Sexual Harassment,মেয়েটি এই বয়সে বহু লিঙ্গের স্বাদ পেয়ে গেছে,Loading...
Stereotype,মিডিয়া পাড়ার নারীগুলা বর্তমানে এতটা নোংরা হয়ে গেছে যা ভোলা যায় না তারা পারে না যে নিজেকে নেংটা করে পরিবেশন করে। লজ্জা শরম সব শেষ,Loading...
Derogation,মেয়েটার পা দুটো এত লম্বা যে হাঁটলে দেশ পার হয়ে যাবে,Loading...
Stereotype,"ছেলেরা পরিবারের ভার বহন করে, আর মেয়েরা শুধু খরচ করে।",Loading...
Sexual Harassment,আপু রুম ডেটে না এলে তোমাকে ভাইরাল করে দিব,Loading...
Derogation,মেয়েটার শরীর এত মোটা যে বাসে উঠলে দুটো সিট দখল করে,Loading...
Sexual Harassment,দুধের উয়েটে রেলিং পরে যাবে তো সাবধান আপু,Loading...
Stereotype,এসব মেয়েদের জন্য হাজারও মেয়ের সংসার নষ্ট হয়।,Loading...
Derogation,এই বেডির দাঁতও বড় আর জিহ্বাটাও বড়,Loading...
Sexual Harassment,"তোর সাথে লিভ টুগেদার করি, মজা পাবে",Loading...
Derogation,এই মহিলার অনুন্নত মানসিকতা দেখলে হতাশ হতে হয়,Loading...
Sexual Harassment,এই মহিলাকে ধরে প্রেগনেন্ট বানিয়ে দিলে শিক্ষা হতো,Loading...
Non Misogynistic,"মেয়েটা একসাথে পড়াশোনা আর খণ্ডকালীন কাজ সামলাচ্ছে, এটা সত্যিই কঠিন।",Loading...
Non Misogynistic,মেয়েটা একাই অনেকগুলো ম্যারাথন দৌড় দিয়েছেন।,Loading...
Non Misogynistic,মেয়েটির হাসিতে সরলতা মেশানো,Loading...
Derogation,ভূটকির মুখ থেকে এত সুন্দর কথা কিভাবে বের হলো?,Loading...
Non Misogynistic,মহিলা বিজ্ঞানীটি তাঁর গবেষণায় নতুন ওষুধের সূত্র আবিষ্কার করেছেন।,Loading...
Sexual Harassment,মামুনির ক্যারিয়ার মানে দেহ বাবসা এটাই সত্য,Loading...
Non Misogynistic,দিদির প্রশ্ন করার পদ্ধতি চমৎকার,Loading...
Stereotype,কর্তার রায়ের পরে মেয়েদের আর কথা বলার থাকে না — এই কথাটা কখনোই পুরোনো হবে না।,Loading...
Derogation,এই বেশ্যার সাথে এখন বেশ্যার দালালও আসছে,Loading...
Derogation,মেয়েটারে দেখে মনে করছি আলিফ লাইলার জিন,Loading...
Sexual Harassment,আর কতো জনের সাথে খাট কাপাবি রে,Loading...
Non Misogynistic,পরিবারের প্রতিটি সদস্যের উচিত মেয়েটার স্বপ্নকে নিজের স্বপ্ন মনে করা।,Loading...
Sexual Harassment,টাকার কাছে তোর শরীর একটা পণ্য মাত্র,Loading...
Stereotype,আসলে বিবাহিত মহিলারা ঘরের চৌকাঠ পেরোলেই দিশেহারা হয়ে পড়ে — এটাই বাস্তব।,Loading...
Non Misogynistic,মেয়েটার নিরপেক্ষ মনোভাব দারুণ,The girl's neutral attitude is great.
Non Misogynistic,"মেয়েটার মা একজন সফল পেশাদার, তিনিই মেয়ের প্রথম রোল মডেল।",Loading...
Non Misogynistic,দাদীর হাতের গয়না পারিবারিক ঐতিহ্য,Loading...
Stereotype,মেয়েদের পরিচ্ছন্নতা বলে দেয় তার সংসার কেমন গুছানো,Loading...
Derogation,এই মহিলা মানুষের সাথে মিশতে পারে না।,Loading...
Non Misogynistic,মেয়েটার সিদ্ধান্তগুলো কার্যকর কারণ সে তথ্যের উপর ভিত্তি করে চিন্তা করে।,Loading...
Non Misogynistic,মেয়েটার জীবনের প্রতিটি অধ্যায় তার সাহস ও দৃঢ়তার সাক্ষী।,Loading...
Non Misogynistic,মেয়েটার সংগ্রামের গল্প অনেকের জীবনে আশার আলো জ্বালিয়েছে।,Loading...
Sexual Harassment,এই সুন্দরী ওড়না সরিয়ে নাচলে দর্শক খুশি হতো,Loading...
Derogation,এই মহিলার আত্মসমালোচনা করার ক্ষমতা নেই,Loading...
Sexual Harassment,"তুই ১৮+ ক্লিপটা ছেড়ে দেব, তখন বুঝবে",Loading...
Non Misogynistic,মেয়েটার স্বপ্ন দেখার ক্ষমতা তাকে অসাধ্য সাধনে অনুপ্রাণিত করে।,Loading...
Non Misogynistic,মেয়েটা নিজের জন্য কিছু চায় না সবসময় অন্যের কথা ভাবে,Loading...
Non Misogynistic,আপুর নেতৃত্বে দলের সাফল্য নিশ্চিত,Loading...
Stereotype,টাকার কাছে মেয়েরা বিক্রি হয়ে যায় বয়স কোন ব্যাপার না,Loading...
Non Misogynistic,মেয়ে টা অনেক সুন্দর,Loading...
Non Misogynistic,নিজের স্বপ্ন নিয়ে কাজ করতে পারাটা সব মেয়ের জন্যই অনেক বড় বিষয়,Loading...
Sexual Harassment,শরীরের ভাঁজ দেখলে মনে হয় মেয়েটা পেকে গেছে,Loading...
Stereotype,রান্নার রেসিপি লিখে সংসার করাই মেয়েদের আসল কাজ,Women's real job is to write cooking recipes and take care of the family.
Sexual Harassment,"এই মাগির বরের চেয়ে আমি ভালো সার্ভিস দিতে পারব, একবার ট্রাই করো",Loading...
Stereotype,মেয়েরা সিইও হলে কোম্পানির শেয়ার কমে,Company shares fall when women become CEOs
Derogation,এই মেয়ের কপাল এত প্রশস্ত যে বিলবোর্ড লাগানো যাবে,Loading...
Non Misogynistic,নারী শ্রমিকদের কাজের ন্যায্য মজুরি ও মর্যাদা নিশ্চিত করা সমাজের কর্তব্য।,Loading...
Stereotype,তোমরা মেয়ে জাতি এখন নেশা করো সেটা পাবলিক জানে,Loading...
Derogation,ওরা মা মেয়ে দুইজনই লোভী,Loading...
Sexual Harassment,আপুটা অনেক সেক্সি হয়ে গেছে,Loading...
Non Misogynistic,আপুর কথায় কোনো অস্পষ্টতা থাকে না,There is no ambiguity in your words.
Non Misogynistic,মেয়েটার পথচলা প্রমাণ করে একটি মানুষের ইচ্ছাশক্তি তার সীমাবদ্ধতাকে অতিক্রম করতে পারে।,Loading...
Sexual Harassment,"তুমি যদি একদম ল্যাংটা হয়ে দাঁড়াও, দামি গিফট দেব",Loading...
Derogation,মেয়েটার খাট কাঁপানো ছাড়া আর কোনো অভিনয় কখনো দেখি নাই,Loading...
Sexual Harassment,তোমার দুধের সাইজ ৪০ বানালে কিভাবে?,Loading...
Stereotype,"মেয়েরা আবার কীসের পাইলট, নিজের রিকশায় বসেই তো ভয় পায়, স্বীকার করুক বা না করুক।",Loading...
Non Misogynistic,মেয়েদের প্রতি সমতার দৃষ্টিভঙ্গি তৈরিতে পরিবার ও শিক্ষা প্রতিষ্ঠানের ভূমিকা সবচেয়ে বেশি।,Loading...
Sexual Harassment,এগুলো হলো ছেলেদের রাতের খাবার,Loading...
Sexual Harassment,ম্যাডাম মেয়েরা শেষ পর্যন্ত শুধু একটা ভোগপণ্য,Loading...
Derogation,নিজে যে খনিকের মেয়ে সেটা তো এখন বলবে না,Loading...
Stereotype,মেয়েরা একা জীবন কাটালে পরিবারের মানহানি হয়,Loading...
Derogation,তুমি ডাক্তার হয়েছ ঠিকই কিন্তু রোগী দেখার জ্ঞান নেই।,Loading...
Non Misogynistic,মেয়েটা একা একা পুরো বাড়ি সামলেছেন,Loading...
Non Misogynistic,"মেয়েটি কোনো কিছু বুঝে করতে পছন্দ করে, আন্দাজে না",Loading...
Non Misogynistic,মেয়েটার সামাজিক সেবা স্থানীয় সম্প্রদায়কে ঐক্যবদ্ধ করেছে।,Loading...
Stereotype,"বলে রাখি, অফিসে সেলস টার্গেটে মেয়েরা পিছিয়ে থাকেই — এই কথাটা কখনোই পুরোনো হবে না।",Loading...
Sexual Harassment,মেয়েটার মতো যৌনকর্মীর আবার কিসের ইজ্জত,What kind of respect does a sex worker like that girl have?
Non Misogynistic,"এই গায়িকা আমরা একটা প্রিয় শিল্পী, উনার গান আমার খুব ভালো লাগে",Loading...
Non Misogynistic,"মেয়েটা নিজের ক্ষেত্রে ক্রমাগত দক্ষতা বাড়াচ্ছে, শেখার প্রতি আগ্রহ কমেনি।",Loading...
Derogation,এই মহিলার নিজের দোষ দেখার চোখ নেই।,Loading...
Derogation,"এরা পড়াশোনা করতে বিশ্ববিদ্যালয়ে যায় না, যায় নর্তকী হতে",Loading...
Derogation,মেয়েটারে দেখলেই গা জ্বলে,Loading...
Stereotype,"নায়িকা হলে খোলা পোশাক পড়তে হবে, এটা এখন সব জায়গাই প্রচলিত",Loading...
Non Misogynistic,দিদি একটানা পড়াশোনায় মনোযোগ ধরে রাখতে পারেন,Loading...
Derogation,"এই মহিলার প্রতিশ্রুতির কোনো মূল্য নেই, কথা রাখে না।",Loading...
Non Misogynistic,মেয়েটার ছোট ছোট কাজ বড় প্রভাব ফেলে,Loading...
Derogation,তোমার মতো ক্ষুদ্রমনা মেয়ে এই পদে থাকা শোভা পায় না।,Loading...
Non Misogynistic,মেয়েটার এই উদ্যোগটা ছোট পরিসরে শুরু হয়েছে কিন্তু একদিন অনেক বড় হবে,Loading...
Stereotype,"যুগ যুগ ধরে দেখে আসছি, একবার বয়স পেরিয়ে গেলে কেউ আর ফিরে তাকায় না।",Loading...
Stereotype,মেয়েদের বিজনেস মাইন্ড নেই,Loading...
Stereotype,রাস্তায় বিশৃঙ্খলা তৈরি করার জন্য মেয়েরাও সমান ভাবে দায়ী,Loading...
Non Misogynistic,"মেয়েটা সত্যিই পরিশ্রম করছে, সেটা পরিষ্কার বোঝা যায়",Loading...
Stereotype,"মেয়েদের ইন্টেলিজেন্স ছেলেদের তুলনায় কম, এটা গবেষণায় বলে",Loading...
Non Misogynistic,মহিলা পরিবেশ কর্মীটির নেতৃত্বে আন্দোলন আন্তর্জাতিক মনোযোগ পেয়েছে।,The movement led by the female environmental activist has received international attention.
Stereotype,ঘরের কাজে অলস মেয়েরা ভালো বউ হতে পারে না,Loading...
Sexual Harassment,"এই ডিজে আমার সাথে রুম ডেট করো, কেউ জানবে না",Loading...
Sexual Harassment,তোমার বুকের মাঝের গুহায় আমার একটু হবে কী ঠাঁই?,Loading...
Non Misogynistic,মেয়েটা কোনো কাজ হাতে নিলে শেষ না করা পর্যন্ত শান্তি পায় না,Loading...
Non Misogynistic,বোনটির হাসপাতাল পরিদর্শন রোগীদের আশা যোগায়,Loading...
Derogation,মেয়েটার চেহারা দেখলে মনে হয় পুতুলের কারখানায় কোথাও ভুল হয়ে গেছে।,Loading...
Non Misogynistic,বোনটির ঝালমুড়ির স্বাদ মনে রাখার মতো,Loading...
Sexual Harassment,মেয়েটি ব্রা পেন্টি পরে আসলে আরো ভাইরাল হতো,Loading...
Sexual Harassment,"ডিস্টার্ব কেউ করিও না আপুটা খেলতেছে, আপু আমার সাথে কবে খেলবেন",Loading...
Stereotype,"সবাই জানে, বোর্ডরুমে মেয়ে বসলেও আসল ক্ষমতা পেছনের পুরুষের হাতে।",Loading...
Non Misogynistic,মেয়েটার গণিতের দক্ষতা অসাধারণ,Loading...
Derogation,স্ক্রিনের ভিতরে যাইয়া থাপরাইতে ইচ্ছা করতেসে মেয়েটাকে,Loading...
Stereotype,মেয়েদের রাতের শিফটে কাজ করা উচিত না,Loading...
Non Misogynistic,বয়স কি বাড়তেছে না কমতেছে এতো যুবতী লাগে কেন।,Is she getting older or younger? Why does she look so young?
Stereotype,মেয়েরা একজনের কথা আরেকজনের কানে লাগায়,Loading...
Stereotype,সকাল সকাল উঠে চুলায় না বসলে ঘরকন্নাই অচল।,Loading...
Sexual Harassment,"মামণির ভোদা বিক্রি করলে দাম বলো, ইনবক্সে অপেক্ষা করছি",Loading...
Stereotype,"মানতেই হবে, আজকালকার মেয়েদের প্রতিযোগিতার মঞ্চ সংসারের চার দেয়াল",Loading...
Stereotype,উচ্চশিক্ষিত নারীরা প্রায়শই স্বামীর কথার উপর কথা বলা মানে সংসার নষ্ট করা।,Loading...
Derogation,এই মেয়েটা নিজেকে সেরা মনে করে অথচ কোনো গুণই নেই,Loading...
Derogation,মেয়েটার সাথে কোনো পরিকল্পনা করা যায় না কারণ শেষ মুহূর্তে বদলায়।,Loading...
Derogation,মেয়েটাকে দেখলে বুজা যায় বাস্তব পরিস্থিতি সম্পর্কে ওর কোনো বুজ নাই,Loading...
Stereotype,একা গাড়িতে চলাচল করা মানে মেয়েদের জীবন ঝুঁকিতে ফেলা,Loading...
Non Misogynistic,মেয়েটার শোলার কাজ অসাধারণ,Loading...
Sexual Harassment,"সবাই লাইনে দাঁড়াও, বুড়ি সবার জন্য উন্মুক্ত",Loading...
Non Misogynistic,আপু বন্যা দুর্গতদের পাশে দাঁড়িয়েছিলেন,Loading...
Stereotype,নদীপথে বা ফেরিতে একা মেয়েদের যাত্রা বহু সময় বিপদে ফেলে — এটাই সত্য।,Loading...
Sexual Harassment,এই আপুর দুধ এখনো বাচ্চাদের মতো,Loading...
Non Misogynistic,মেয়েটা বৃষ্টিতে ভিজেও হাসছিল কারণটা জানি না,Loading...
Non Misogynistic,মহিলা ক্রীড়া প্রশিক্ষকটির অধীনে দলটি জাতীয় চ্যাম্পিয়নশিপ জিতেছে।,Loading...
Sexual Harassment,আপুটির মতো যৌনকর্মীকে সবাই খুঁজছে,Loading...
Non Misogynistic,মহিলা পরিবেশ সচেতনতা কর্মীটির উদ্যোগে শহরে প্লাস্টিক ব্যবহার কমেছে।,Loading...
Stereotype,অপরিচিত ছেলের সঙ্গে কথা বলা মেয়েরা চরিত্রহীন বলে গণ্য।,Loading...
Non Misogynistic,আপুর কথায় যুক্তি ও আবেগ দুটোই থাকে,Loading...
Non Misogynistic,"মেয়েটা কঠিন সময়েও মাথা নত করেনি, এটাই তার মানসিক শক্তির প্রমাণ।",Loading...
Non Misogynistic,বোনটির স্বাভাবিক সৌন্দর্য মুগ্ধ করে,Loading...
Stereotype,তরুণী মেয়েদের অহংকার সংসারে কখনো শোভা পায় না — এই কথাটা কখনোই পুরোনো হবে না।,Loading...
Sexual Harassment,সুন্দরীর লিচু দুটো নিলামে তোলা মালের মতো,Loading...
Non Misogynistic,মহিলা বিজ্ঞান যোগাযোগকারী জটিল বিষয়কে সহজ করে তুলে ধরেন,Loading...
Non Misogynistic,বোনটি গবেষণা পদ্ধতিতে দারুণ দক্ষ,Loading...
Sexual Harassment,কিগো আপা বাজারে শরীর এর দাম বেশি নাকি এখন?,Loading...
Derogation,মেয়েটার চরিত্রের কোনো ধারাবাহিকতা নেই।,Loading...
Derogation,এই মহিলার চেহারা দেখলে আমার কুকুরও পালিয়ে যায়,Loading...
Derogation,এই মেয়েকে সাজালে সাজানো পুতুল হয় কিন্তু সুন্দর হয় না,"If you dress up this girl, she becomes a decorated doll, but she is not beautiful."
Stereotype,প্রকৌশলগত সমাধানে মেয়েদের কন্ট্রিবিউশন প্রায়ই ফাঁপা।,Loading...
Non Misogynistic,নারী-পুরুষ সমতা একটি নৈতিক আদর্শ যা প্রতিটি সমাজকে অনুসরণ করা উচিত।,Loading...
Non Misogynistic,এভাবে শাড়ি পড়লেই সবচেয়ে সুন্দর লাগে,Loading...
Sexual Harassment,"তোর কচি শরীর দেখেই তো মানুষ তো পাগল হবে, যোগ্যতা লাগে নাকি",Loading...
Derogation,মেয়েটার কথাবার্তায় একটুও বুদ্ধিমত্তার পরিচয় নেই।,Loading...
Derogation,"এই মহিলার সাফল্যের পেছনে যোগ্যতা নয়, অন্য কিছু আছে।",Loading...
Sexual Harassment,"দিদি যত লেংটা হবা, তত পুরষ্কার পাবা",Loading...
Sexual Harassment,বেটির চামড়া টাইট থাকলেই মার্কেটে চলবে,Loading...
Derogation,মেয়েটা পরিবার থেকে কোনো ভালো কিছু শেখেনি বোঝাই যায়।,Loading...
Sexual Harassment,"অনেকে মিলে চাটাচাটি করছে তোকে, তাই এত সুন্দর হয়ে গেছিস",Loading...
Non Misogynistic,মহিলা সম্প্রদায় নেত্রীটির উদ্যোগে এলাকায় পাবলিক লাইব্রেরি প্রতিষ্ঠিত হয়েছে।,Loading...
Derogation,এই মেয়েটা এত সাজগোজ করে অথচ সৌন্দর্য কোথাও দেখছি না,Loading...
Stereotype,"মেয়েরা জজ হলে রায়ে আবেগ আসে, ন্যায়বিচার হয় না",Loading...
Derogation,তোর মতো নির্বোধ মেয়ে আমি জীবনে কম দেখেছি।,Loading...
Non Misogynistic,দিদির পরামর্শে অনেকেই জীবন বদলেছেন,Loading...
Sexual Harassment,"এই সুন্দরীর জামাই ভালো টিপতে পারে না, তাই ছেলে খুঁজে নিচ্ছে",Loading...
Non Misogynistic,"পরিবার যখন মেয়েকে শর্তহীনভাবে ভালোবাসে, সে নিজেও তেমনই ভালোবাসতে শেখে।",Loading...
Non Misogynistic,আপু প্রকল্পের কঠিন অংশ নিজে নেন,Loading...
Non Misogynistic,মহিলা দার্শনিক জীবন ও জগতের প্রশ্ন তুলে ধরেন,Loading...
Non Misogynistic,স্থানীয় সরকারে মহিলা প্রতিনিধির সংখ্যা বাড়লে নীতিমালা আরও বাস্তবমুখী হয়।,Loading...
Non Misogynistic,মেয়েটার প্রতিটি অর্জন তার অদম্য মনোভাব ও কঠোর পরিশ্রমের ফল।,Loading...
Stereotype,পুরুষ কথা বললে বক্তা আর মেয়েরা কথা বললে বকবকানি,Loading...
Non Misogynistic,মেয়েটার আন্তরিকতা সত্যিই অনুপ্রেরণাদায়ক,Loading...
Non Misogynistic,মেয়েটা সম্মেলনে নিজের ভাবনা স্পষ্টভাবে প্রকাশ করেন,Loading...
Stereotype,"দেখো, সমাজে এত অশান্তির পেছনে মেয়েদের লাগামছাড়া স্বাধীনতা দায়ী।",Loading...
Stereotype,আজকালকার মেয়েরা উচ্চশিক্ষার পেছনে পরিবারের টাকা খরচ মানে অপচয়।,Loading...
Non Misogynistic,বোনটি গবেষণাপত্র লিখতে দারুণ পারদর্শী,Loading...
Stereotype,মেয়েরাই আজ ছেলেদের ছোট করার ধান্ধায় থাকে,Loading...
Stereotype,আসলে মহিলা প্রকৌশলীকে সাইটে নামিয়ে কাজ করানো ঝুঁকির।,Loading...
Stereotype,খেলাধুলায় মেয়েরা কখনো ছেলেদের সমান হতে পারবে না,Loading...
Sexual Harassment,"এই মডেল আবাসিক হোটেলে কাজ করো, কষ্ট কম হবে",Loading...
Stereotype,মেয়েরা ক্রিকেটার হলেও মেন ক্রিকেটের সমান মূল্যায়ন পাওয়া উচিত না,Loading...
Non Misogynistic,আপু আত্মনির্ভরশীল হয়ে অন্য নারীদের পথ দেখাচ্ছেন,Loading...
Non Misogynistic,মেয়েটা সাইবার অপরাধের শিকার হলে আইনি সহায়তা নেওয়া তার অধিকার।,Loading...
Derogation,মেয়েটার মেকআপের পেছনে এত টাকা খরচ হয় কিন্তু লাভ নেই।,Loading...
Derogation,মেয়েটার বেয়াদবি দেখলে মনে হয় পরিবার থেকে কিছুই শেখেনি,Loading...
Non Misogynistic,মেয়েটার আত্মবিশ্বাস সমাজের নেতিবাচক বার্তাগুলোকে প্রতিহত করে।,Loading...
Sexual Harassment,"মামুনিটির বুকের দিকে তাকিয়ে তো আমারই চোখ সামলানো যাচ্ছিল না, পোলাপান এর চোখ কিভাবে ঠিক থাকবে",Loading...
Non Misogynistic,মহিলা ভূতত্ত্ববিদটি প্রত্যন্ত অঞ্চলে গিয়ে খনিজ সম্পদের অনুসন্ধান করছেন।,Loading...
Non Misogynistic,"প্রতিবন্ধকতা পেরিয়েও মেয়েটা পড়াশোনা চালিয়ে গেছে, এটা সাহসের প্রমাণ।",Loading...
Sexual Harassment,এই মাগিকে কোলে বসিয়ে খেলতে চাই,Loading...
Derogation,এক নাম্বার ভন্ড মেয়ে এইটা,Loading...
Stereotype,মেয়েরা বিয়ের পর নিজের পরিবারকে বেশি গুরুত্ব দিলে সংসার টেকে না,Loading...
Non Misogynistic,মেয়েদের বাজেটে পর্যাপ্ত বরাদ্দ থাকা উচিত,Loading...
Derogation,নির্লজ্জ একটা মহিলা। তার বাবা মা ও কি এরকম বেহায়া?,Loading...
Sexual Harassment,তুমি এখন রাতের সার্ভিসের দিকে মনোযোগ দাও এইখানে টাকা বেশি,Loading...
Derogation,এদের মতো বাজে মেয়েদের যে জন্ম দিছে সে অনেক বড় ভুল করছে,Loading...
Non Misogynistic,"সবার সামনে ভুল ধরিয়ে দিলো, লজ্জা পাইনি বরং কৃতজ্ঞ হয়েছি",Loading...
Derogation,মেয়েটার ছবি দেখে বমি করার রিয়েকশন দিতে ইচ্ছে করছে,I feel like vomiting when I see the girl's picture.
Stereotype,মেয়েরা বিশ্বমঞ্চে নেতৃত্ব দিলে দেশের ভাবমূর্তি ক্ষুণ্ণ হয়,Loading...
Sexual Harassment,আপুর দুধ নাড়াতে নাড়াতে ক্যামেরা আউট হয়ে যাচ্ছে,Loading...
Non Misogynistic,মেয়েটা নতুন আইডিয়া নিয়ে ভাবতে ভালোবাসে,Loading...
Non Misogynistic,"এই ম্যামের ক্লাস করলে ঘুম আসে না, এত ইন্টারেস্টিং",Loading...
Non Misogynistic,মহিলা গবেষণা সহকারী প্রতিদিন নতুন তথ্য আবিষ্কারে কাজ করেন,Female research assistant works to discover new information every day
Non Misogynistic,মেয়েটার সৃজনশীল চিন্তা অনুপ্রেরণাদায়ক,Loading...
Derogation,এইসব নটিদের জন্য অনলাইনে ঢুকাই যায় না।,Loading...
Non Misogynistic,মহিলা চলচ্চিত্র সম্পাদকটির কাজ শিল্পমহলে স্বীকৃতি পেয়েছে।,Loading...
Derogation,মেয়েটার চেহারায় বয়সের ছাপ এত বেশি যে সত্যিকারের বয়স বলতে লজ্জা পায়।,Loading...
Non Misogynistic,"মেয়েটার মা একজন কর্মজীবী নারী, ছোট থেকেই মেয়েটা তা দেখে শিখেছে।",Loading...
Non Misogynistic,মহিলা বিচারকটি জটিল মামলায় সু-বিবেচিত ও ন্যায়সংগত রায় দিয়েছেন।,Loading...
Non Misogynistic,মেয়েটার অনুকরণীয় কাজের নীতি তাকে অন্যদের চেয়ে আলাদা করে তোলে।,Loading...
Stereotype,"মেয়েদের আবার কীসের নিজের ব্যবসা, পরিবারের পুরুষ আছে কী করতে?, তা না হলে সমাজ চলে কীভাবে?","What business do women have of their own? What do men in the family have to do? Otherwise, how can society function?"
Sexual Harassment,"এখন দেশের টপ মডেল, পুরা টুকু খুলে দিলে বিশ্বের সেরা মডেল হতো,",Loading...
Non Misogynistic,নারী চাষি কৃষিতে নতুন প্রযুক্তি প্রয়োগ করছেন,Loading...
Derogation,আপুর হলুদ দাঁত দেখলে বুড়া বেটিদের মত লাগে,Loading...
Stereotype,সত্যি বলতে মেয়েদের সম্মান পোশাকের ভাঁজে ভাঁজে লুকানো থাকে।,Loading...
Stereotype,"সবাই জানে,মেয়েরা বরাবরই বেশি সাজগোজ মানেই দৃষ্টি কুড়ানোর ধান্ধা।",Loading...
Non Misogynistic,নারী রাজনীতিবিদ জনগণের জন্য কাজ করে যাচ্ছেন,Loading...
Sexual Harassment,উফফ তোর সব যায়গায় কিস আর চুষতে পারতাম,Loading...
Derogation,এই মহিলাকে দেখলে মনে হয় দুর্ভিক্ষ থেকে সরাসরি এসেছে,Loading...
Stereotype,মেয়েদের আবার কিসের মতামত? মেয়েরা চলবে স্বামীর সিদ্ধান্তে,Loading...
Non Misogynistic,দিদি অন্যদের অনুপ্রেরণার উৎস,Loading...
Non Misogynistic,প্রতিটি মেয়ে তার নিজস্ব দক্ষতা ও প্রতিভার সম্পূর্ণ ব্যবহার করার অধিকার রাখে।,Loading...
Sexual Harassment,এই মহিলা গায়ে কাপড় না পরলে আরো বেশি ভাইরাল হতে,Loading...
Non Misogynistic,মহিলা সমুদ্রবিজ্ঞানী সমুদ্রের রহস্য উদঘাটনে কাজ করছেন,Loading...
Derogation,বুড়ি বেডি আবার কচি কচি হেসে কথা বলে,Loading...
Non Misogynistic,বোনটির বাজার করার দক্ষতা চমৎকার,Loading...
Stereotype,মেয়ে মানুষ বাইক চালায় মানে স্বভাব ভালো না,Loading...
Sexual Harassment,"তুমি বের করে দেখাইতাছো আবার বলছো ওপর থেকে নিয়েন না, আসলে পচা জিনিসে মাছি একটু বেশি পরে যা বুঝলাম",Loading...
Sexual Harassment,"তোমার ভোদায় এত চুলকানি, তোমার কি জামাই নাই ?",Loading...
Non Misogynistic,আপুর সাথে গল্প করলে সময় দ্রুত চলে যায়,Loading...
Stereotype,মেয়েরা প্রতিযোগিতায় হেরে গেলে অন্যের দোষ দেয়,Loading...
Non Misogynistic,আন্টির বিরিয়ানির গন্ধ স্ক্রিনের মাধ্যমেও আসছে মনে হচ্ছে,Loading...
Non Misogynistic,মেয়েটি সবকিছুকেই গুরুত্ব দিয়ে সামলান,Loading...
Stereotype,"যুগ যুগ ধরে দেখে আসছি, ছোটখাটো হিসাব মেলাতে মেয়েদের লাগে কয়েক ঘণ্টা।",Loading...
Non Misogynistic,গোপনে মেয়েদের ভিডিও করে তাদের কে সমাজে ছোট করার কোন মানে হয় না,Loading...
Sexual Harassment,"এই মেয়ে তোমার কিচ্ছু পরা লাগবে না, আমরা শুধু দেখবো আর মজা নেবো",Loading...
Sexual Harassment,তোর নিচের টাও কুত্তার মতো কালো তাই তোকে হোগা মারার জন্য কুত্তাই ঘুরবে মানুষ না,Loading...
Derogation,মেয়েটার স্বার্থপরতা দেখলে হতাশ হই।,Loading...
Non Misogynistic,মেয়েদের প্রযুক্তিতে অংশগ্রহণ বাড়ানো দরকার,Loading...
Stereotype,মেয়েরা পোশাক পরে অন্যকে আকর্ষণ করার চেষ্টা করে,Loading...
Sexual Harassment,"আজকে বুইড়া বেডি কচি ছেলেটারে লাগাতে দিবে, এর ইনকাম হলো লাগাতে দিয়ে ব্যাগ ভরা",Loading...
Stereotype,"মেয়েরা ক্যারিয়ারে মন দিলে বিয়ের পাত্র পাওয়া কঠিন হয়ে দাঁড়ায়, স্বীকার করুক বা না করুক।",Loading...
Non Misogynistic,"মেয়েটা কাজ করার আগে প্ল্যানিং করে নেয়, যেটা ভালো অভ্যাস",Loading...
Non Misogynistic,"একটি মেয়ে যখন পড়াশোনায় মনোযোগী হয়, কোনো কিছুই তাকে আটকাতে পারে না।",Loading...
Non Misogynistic,নারী চলচ্চিত্র সম্পাদক ছবিকে জীবন দান করেন,Loading...
Non Misogynistic,আপুর ব্যক্তিত্ব অত্যন্ত শক্তিশালী,Loading...
Sexual Harassment,"সুন্দরী, সব দেবো শুধু কাছে আসো",Loading...
Stereotype,মেয়েদের রান্না আর বাচ্চা পালন ছাড়া আর কীসে মনোযোগ দেওয়া উচিত?,What else should girls focus on besides cooking and raising children?
Non Misogynistic,প্রতিটি মেয়ে নিরাপদে রাস্তায় হাঁটার অধিকার রাখে।,Loading...
Non Misogynistic,মেয়েটা প্রতিটি কাজে সততা ও দক্ষতার সমন্বয় করে।,Loading...
Non Misogynistic,নারী যখন একসাথে দাঁড়ায় সমাজ পরিবর্তিত হয়,Loading...
Stereotype,ডিভোর্স হলে মেয়েদের জন্যই হয়,Loading...
Sexual Harassment,"আপুটা তো একজন যৌনকর্মী, পাড়ার সবাই জানে",Loading...
Sexual Harassment,এই মাগির নাচ আসলে দুধ নাড়ানোর প্রতিযোগিতা,Loading...
Derogation,বাজা‌রের মে‌য়ে‌কে বাজা‌রের মে‌য়ে বলাই ভাল,Loading...
Sexual Harassment,"বৌদির দেহের বাজার এখন রমরমা, সাইজ দেখলেই বুঝবে",Loading...
Derogation,এই মেয়ের মুখে বয়স লেখা আছে পরিষ্কার,Loading...
Sexual Harassment,এই মেয়ে আমার রাতের বন্ধু হবে? সবকিছু গোপন রাখব,Loading...
Non Misogynistic,মেয়েটার প্রতিটি কাজে সে নিজের সেরাটা দেওয়ার চেষ্টা করে।,Loading...
Sexual Harassment,তুই কয়টার সাথে থাকছিস?,Loading...
Sexual Harassment,দিদির রাতের সঙ্গী হওয়ার ফি কত?,Loading...
Non Misogynistic,আপনার দিনটি শুভ হোক আপু,Loading...
Derogation,এই ড্রেসে কি হেদায়েতের বানী শুনা যায় নাকি?,Loading...
Stereotype,নিজের ইচ্ছায় চাকরি বদলানো মেয়েরা পরিবারের অশান্তির কারণ।,Loading...
Sexual Harassment,"২০০০ টাকা দিবানে, রাজি থাকলে নক দিও",Loading...
Non Misogynistic,আপু অন্যকে আত্মবিশ্বাসী করতে পারেন,Loading...
Non Misogynistic,লিঙ্গ নির্বিশেষে প্রতিটি মানুষ সমান সুযোগ ও সম্মান পাওয়ার অধিকার রাখে।,Loading...
Derogation,এই মেয়েটা সার্টিফিকেট পেলেও কাজের কাজ কিছুই জানে না,Loading...
Sexual Harassment,"আপুটা, ব্লাউজটা না পরলেও চলত না হলে কেউ দেখবে না",Loading...
Stereotype,আসলে বেশি শিক্ষিত মেয়েরা সংসারে অনাকাঙ্ক্ষিত প্রশ্ন তোলে।,Loading...
Non Misogynistic,চাচির পরিচর্যা সবাইকে সুস্থ রাখে,Loading...
Derogation,মেয়েটার জীবনের লক্ষ্য প্রতিদিন বদলায়।,Loading...
Non Misogynistic,বোনটি আত্মরক্ষায় দক্ষ,Loading...
Non Misogynistic,একজন মায়ের পরিচর্যা পরিবারের সবাইকে শক্তি দেয়।,Loading...
Stereotype,"শিক্ষিত মেয়েদের অন্তঃপুরই আসল রাজত্ব, বাইরের পৃথিবী ধার করা।",Loading...
Derogation,আন্টি আগে পেটের ভুঁড়ি কমান,Loading...
Sexual Harassment,ঐ মেয়ে শরীর দেখিয়ে আর কত ভাইরাল হবে?,Loading...
Derogation,মেয়েটার এই বয়সে বর পাওয়া আর স্বপ্নের মধ্যেই থাকবে,Loading...
Stereotype,"সত্যি বলতে সংসারে শৃঙ্খলা না থাকলে দোষ গিন্নিরই, কর্তার না।",Loading...
Sexual Harassment,এদের শরীর তো টাকা ইনকাম করার মেশিন,Loading...
Non Misogynistic,মেয়েটি অন্যদের প্রতি অত্যন্ত সহানুভূতিশীল,Loading...
Non Misogynistic,মেয়েটা দীর্ঘদিনের পরিশ্রমের পর স্বপ্নের চাকরি পেয়েছে।,Loading...
Non Misogynistic,মহিলা নৌ-অফিসারটি তাঁর ইউনিটে দুর্দান্ত নেতৃত্ব দিচ্ছেন।,Loading...
Sexual Harassment,মনে হয় সেক্স উঠে গেছে তাই এমন করতেছে মেয়েটা,Loading...
Derogation,মেয়েটার অহংকার তার সামর্থ্যের চেয়ে দশগুণ বেশি।,Loading...
Non Misogynistic,"মেয়েটা ফ্রিল্যান্সিং করে নিজের পায়ে দাঁড়িয়েছে, কারো উপর নির্ভর নেই।",Loading...
Stereotype,বিয়ে না করে স্বাধীনভাবে বাঁচতে চাওয়া মেয়েরা সমাজের জন্য খারাপ উদাহরণ।,Loading...
Non Misogynistic,আপুর জীবনের কাহিনি শুনে কষ্ট পেলাম।,Loading...
Derogation,মেয়েটার ত্বক এত তেলতেলে যে আলো পড়লে চকচক করে।,Loading...
Derogation,মেয়েটা কারো সাথে ঠিকমতো কথা বলতে পারে না।,The girl can't talk to anyone properly.
Sexual Harassment,"তোমার নগ্ন ছবি আমার কাছে আছে, বুদ্ধি করে চলো",Loading...
Derogation,এই মেয়েটা নিজের জন্য কিছুই করতে পারে না,Loading...
Sexual Harassment,"এই আপু স্টোরিতে নাচ না, সেক্সুয়াল সিডিউস করছে",Loading...
Sexual Harassment,"ওরা থাকাতে আমরা ফ্রিতে দেখতে পারি সব, মাল ভালোই",Loading...
Derogation,এই মেয়েটার কাজের প্রতি মনোভাব নেগেটিভ,Loading...
Stereotype,লোক দেখানোর লৌকিকতায় নারী এখনো পণ্য,Loading...
Non Misogynistic,মেয়েটার সিদ্ধান্তের পেছনে সবসময় সুচিন্তিত বিশ্লেষণ থাকে।,Loading...
Non Misogynistic,আপু কথার মূল্য রাখেন,Loading...
Stereotype,"অবিবাহিত মেয়ের কথা সমাজ কখনো গুরুত্ব দিয়ে শোনে না, তা না হলে সমাজ চলে কীভাবে?",Loading...
Sexual Harassment,এই সুন্দরীর সোনার দাম মাত্র ৫০ টাকা?,Loading...
Non Misogynistic,মেয়েটার স্বপ্ন ও বাস্তবতার মধ্যে সেতু হল তার কঠোর পরিশ্রম।,Loading...
Non Misogynistic,মহিলা লেখকটির উপন্যাস পাঠকমহলে ব্যাপক সাড়া জাগিয়েছে।,Loading...
Non Misogynistic,বোনটি অনলাইন কেনাকাটায় দারুণ অভিজ্ঞ,Loading...
Non Misogynistic,মেয়েটা বিতর্কে সবসময় তথ্য দিয়ে কথা বলেন,Loading...
Stereotype,"মেয়েরা শুধু মুখস্থ করতে পারে, বুঝতে পারে না",Loading...
Stereotype,মেয়েদের মুখ পাতলা - এটা সবাই জানে,Loading...
Derogation,এই মেয়েটার মানসিক পরিধি অনেক ছোট,Loading...
Sexual Harassment,মেয়েটার ওপরের অবস্থা দেখে মনে হচ্ছে নিচে দীঘি থেকে সমুদ্র হয়ে গেছে।,Loading...
Non Misogynistic,মেয়েটা প্রতিটি সুযোগকে সর্বোচ্চ কাজে লাগায়।,Loading...
Derogation,মেয়েটা মাথার উপর কাকের জন্য একটা বাসা বানায়ে রাখে,Loading...
Sexual Harassment,এই ডিজের ডাব দুটো বুড়ির শুকনো আমের মতো,Loading...
Derogation,মেয়েটার চুল এত ঝাঁকড়া যে বাসা বাঁধা যাবে।,Loading...
Stereotype,মেয়েদের সুন্দর দেখতে না হলে জীবনে কাজের সুযোগ কমে যায়,Loading...
Non Misogynistic,আপু সমস্যার মাঝে নিজেকে হারান না,Loading...
Sexual Harassment,এই নায়িকা বিয়ের আগে কতজনের সাথে শুয়েছিলে বলো,Loading...
Non Misogynistic,চাচির সাজানো ঘর সবার মন কেড়ে নেয়,Loading...
Derogation,মেয়েটার হাত-পা দেখলে মনে হয় কখনো খায়নি।,Loading...
Derogation,মেয়েটার ডিগ্রির কোনো মূল্য নেই যদি কাজে না লাগে।,Loading...
Stereotype,"মেয়েরা পুরোনো কথা বারবার মনে করিয়ে দেয়, এগিয়ে যায় না",Loading...
Stereotype,মেয়েদের ক্যারিয়ারের চেয়ে বিয়ে বেশি জরুরি,Loading...
Derogation,এ মেয়েকে বন্ধু মনে করলে সেটা নিজের ভুল,Loading...
Non Misogynistic,মেয়েটার কৌতূহল ও জিজ্ঞাসা তাকে সারাজীবন শিক্ষার্থী করে রাখবে।,Loading...
Non Misogynistic,মেয়েটা নিজের মতামতটা খুব সুন্দরভাবে বুঝিয়ে বলতে পারে,Loading...
Derogation,এই মেয়ের হাসি দেখলে মনে হয় সন্ধ্যার পর বাইরে যাওয়া ঠিক না,Loading...
Non Misogynistic,নানীর হাতের নাড়ু শৈশবের স্মৃতি জাগায়,Loading...
Sexual Harassment,উপস্থাপিকা বুকের কাপড়টা আরেকটু নিচু হলে সব দেখতে পেতাম,Loading...
Stereotype,"আধুনিক মেয়েদের কাজের পরিধি ঘরের চৌকাঠ পর্যন্তই মানানসই, স্বীকার করুক বা না করুক।",Loading...
Non Misogynistic,মেয়েটার প্রতিটি অর্জন প্রমাণ করে অদম্য মনোভাব থাকলে কিছুই অসম্ভব নয়।,Loading...
Stereotype,একাকী সফর করা মেয়েদের জন্য নিরাপদ নয়,Loading...
Derogation,এই বেডি এত খাটো যে জুতার উঁচু হিল না পরলে আলমারির উপরেরটাও নামাতে পারে না।,Loading...
Non Misogynistic,দিদির হাতের ভাজি মুখে স্বাদ ছড়ায়,Loading...
Non Misogynistic,"কারণ তোমার সৌন্দর্যের সাথে একটা আলাদা মায়া আছে,",Loading...
Derogation,মেয়েটার সঙ্গে চললে নিজেই বিপদে পড়বে,Loading...
Stereotype,"মেয়েদের বেশি বুদ্ধি হলে সংসার করা যায় না, বুদ্ধি কমই ভালো",Loading...
Non Misogynistic,দিদির ছোট কাজে কৃতজ্ঞতা প্রকাশ করার অভ্যাস চমৎকার,Loading...
Derogation,এই মহিলার মুখের দাগ দেখলে মনে হয় ম্যাপ আঁকা।,Loading...
Sexual Harassment,এই মেয়ে আবাসিক হোটেলের পাঁচশ টাকার মাল,Loading...
Derogation,এই মেয়েটার গায়ে যত ক্রিম মাখুক ফর্সা হবে না,"No matter how much cream you put on this girl's skin, she won't get fair."
Sexual Harassment,"এই ডিজের প্রাইভেট লিংক হাতে এসে গেছে, ভেবে চলো",Loading...
Stereotype,মেয়েরা অ্যাটেনশন সিকার,Loading...
Non Misogynistic,ক্লাসের প্রথম বেঞ্চে বসে মেয়েটা সব প্রশ্ন মনোযোগ দিয়ে লিখে নিচ্ছিল।,Loading...
Stereotype,মেয়েদের মতামতে বেশি গুরুত্ব দেয়া ঠিক না,Loading...
Non Misogynistic,বোনটি কঠিন পরিশ্রমে আজকের অবস্থানে এসেছেন,Loading...
Stereotype,মেয়েরা নিজের মতামত জানালে অহংকারী তকমা দেওয়া হয়,Loading...
Derogation,"মেয়েটার জীবন দেখলে বোঝা যায় সমস্যা অন্যের মধ্যে না, নিজের মধ্যে",Loading...
Non Misogynistic,মেয়েটার কাজের ধরন ও মনোভাব দেখে বোঝা যায় সে একদিন অনেক বড় কিছু করবে।,Loading...
Sexual Harassment,"উপস্থাপিকা ইনবক্সে আসো, দামি গিফট দেব এক ঘণ্টার জন্য",Loading...
Sexual Harassment,এমন উপস্থাপিকা পাইলে কোমর ফাটিয়ে দিতাম,Loading...
Non Misogynistic,পরিবারে মেয়েটার শিক্ষাকে সর্বোচ্চ অগ্রাধিকার দেওয়া হয়েছে।,Loading...
Non Misogynistic,আপু তোমার ভিডিওটা আমার ছোট বোনের জন্য অনেক দরকারি,Loading...
Sexual Harassment,রেট কত? আমিও চুদবো তোকে,Loading...
Sexual Harassment,পাচঁশত টাকার জন্য কাপড় খুললে বেশ্যা। আর পাচঁ লক্ষ টাকার জন্য কাপড় খুললে নায়িকা। হায়রে দুনিয়া,Loading...
Derogation,এই মেয়েকে দেখলে মনে হয় শুধু ভোগ করাই ওর জীবন,Loading...
Sexual Harassment,যার সাইজ যত বড় তার দাম তত বেশি,Loading...
Sexual Harassment,তুই যে মাগি এইটা তোর ব্যবহারেই বুঝা যায়,Loading...
Stereotype,কর্মক্ষেত্রে মেয়েরা একটু শক্ত প্রকৃতির হয়,Loading...
Non Misogynistic,মেয়েটার উদ্যোগে এলাকার শিশু মৃত্যুহার উল্লেখযোগ্যভাবে কমেছে।,Loading...
Non Misogynistic,মেয়েদের প্রতিভা স্বীকৃতি পাওয়া উচিত,Loading...
Non Misogynistic,দিদির ম্যুরাল কাজ মুগ্ধ করে,Loading...
Sexual Harassment,এই আপু এত নাচলে তো দুধ ফেটে যাবে,This sister will burst if she dances so much.
Non Misogynistic,আপুর কথা শুনলে সমস্যার সমাধান সহজ মনে হয়,Loading...
Non Misogynistic,মেয়েটা সত্যিই ভিকটিম,Loading...
Derogation,মেয়েটার ফটোগ্রাফি দেখলে মনে হয় চোখ বেঁধে তুলেছে।,Loading...
Stereotype,মেয়েরা রান্নায় হাত না লাগালে বাড়ির মানসম্মান থাকে না।,Loading...
Sexual Harassment,এখন শুধু জুতা খুলেছে একটু পর হয়তো জামা কাপড় সবকিছুই খুলে ফেলবে,Loading...
Derogation,এই মেয়েটার প্রতিশ্রুতি অর্থহীন,Loading...
Non Misogynistic,বোনটি নিজের গণ্ডি ভেঙে এগিয়েছেন,Loading...
Stereotype,"মেয়েদের মেধা সীমিত, বেশি দূর যেতে পারে না",Loading...
Derogation,এই মেয়েটা বয়স লুকিয়ে রাখতে পারছে না,Loading...
Non Misogynistic,"মেয়েটা একা গিয়ে পুরো কাজটা শেষ করে এসেছে, কেউ পাঠায়নি",Loading...
Stereotype,"ফ্যাশনদুরস্ত মেয়েরা অফিসে এসে কাজ কম, গল্প বেশি।",Loading...
Sexual Harassment,আপুকে মনে হয় ভালো ভাবেই খাইছে,Loading...
Non Misogynistic,মেয়েদের কর্মক্ষেত্রের পরিবেশ মৈত্রীপূর্ণ হওয়া উচিত,Loading...
Stereotype,মেয়েদের বেশি দায়িত্ব দিলে ভেঙে পড়ে,Loading...
Non Misogynistic,দিদির ওড়িশি নাচ চমৎকার,Loading...
Non Misogynistic,চাচি সবার যত্ন নিজের সন্তানের মতো করেন,Loading...
Non Misogynistic,নারী রিলে দৌড়বিদ দলের জয় নিশ্চিত করেন,Loading...
Non Misogynistic,আপু আপনার এই গল্পটা শুনে মনে হলো জীবনটা আসলেই সুন্দর,Loading...
Sexual Harassment,"এই সুন্দরী, কাপড়ের নিচ থেকে ভিডিও নিতে হবে আজকে",Loading...
Stereotype,মেয়েমানুষের গলা এত বড় হবে কেন?,Loading...
Sexual Harassment,"আপুটা বিয়ে না করলেও কী হয়েছে,খেলার অভিজ্ঞতা আছে",Loading...
Stereotype,"শত পুরুষের সাথে মেলামেশার পর, অশ্লীল পোশাক পরে সাধারণ মানুষকে দেখালেও মেয়েদের সেটা এখন আর লজ্জা লাগে না।",Loading...
Non Misogynistic,চাচি পুরোনো স্মৃতি কখনো ভোলা যায়না,Loading...
Derogation,তোরা মেকআপেই সুন্দর তাছাড়া পেত্নি,Loading...
Sexual Harassment,তোমার চাহিদা মেটাতে হলে সোজা যৌনপল্লীতেই চলে যাও।,Loading...
Stereotype,পারিবারিক সিদ্ধান্তে মেয়েদের মত লাগে না,Girls don't seem to have a say in family decisions.
Stereotype,মেয়েদের কিছু বললে পরদিন সবাই জানে,Loading...
Non Misogynistic,মেয়েটি কোনো কাজকেই ছোট মনে করেন না,Loading...
Non Misogynistic,প্রতিটি মেয়ের মতপ্রকাশের স্বাধীনতা সংরক্ষণ করা গণতান্ত্রিক সমাজের শর্ত।,Loading...
Stereotype,মেয়েদের বয়স তিরিশ পেরোলে বিবাহযোগ্যতা শেষ হয়ে আসে,Loading...
Derogation,এই মহিলার মৌলিকতা শূন্য,Loading...
Non Misogynistic,আন্টির বাগানের ছবি দেখলে মন শান্ত হয়,Loading...
Non Misogynistic,মেয়েটার অভিজ্ঞতা ও প্রজ্ঞার সমন্বয় তাকে সিদ্ধান্ত নিতে সাহায্য করে।,Loading...
Non Misogynistic,কথা বলার ভঙ্গি খুব পরিষ্কার এবং সুন্দর,Loading...
Sexual Harassment,মামণিকে দেখলেই খেতে করতে মন চায়,Loading...
Derogation,তোমার মতো নর্তকী পেলে উত্তেজিত না হয়ে উপায় আছে?,Loading...
Derogation,এই মহিলার প্রতিক্রিয়া দেখলে মনে হয় মানসিক শক্তি নেই,Loading...
Derogation,"তোর আবার কিসের সম্মান , অসৎ নারী",Loading...
Non Misogynistic,দিদির স্মরণশক্তি দারুণ,Loading...
Derogation,মেয়েটা নিজের সম্পর্কে ধারণা বাস্তবতার সাথে মেলে না,Loading...
Derogation,মেয়েটাকে ছোট কাজ দিলেও হাল ছেড়ে দেয়,Loading...
Stereotype,"যুগ যুগ ধরে দেখে আসছি, বাজার করতে গেলে দরদাম করতে গিয়ে মেয়েরা শেষে বেশি দাম দিয়ে আসে — এটাই সত্য।",Loading...
Sexual Harassment,কিরে বেডি তুই ঘন্টায় কত নি্বি আমার কাছ থেকে,Loading...
Sexual Harassment,ভাবির মতো কচি মাল বিদেশেও চাহিদা আছে,Loading...
Non Misogynistic,মেয়েটা তাড়াহুড়া না করে আগে পুরো বিষয়টা বুঝে নেয়,Loading...
Derogation,এই মহিলার উপর নির্ভর করা ঠিক না,Loading...
Stereotype,মেয়েদের পক্ষে চোখের জল আটকে রাখা ইম্পসিবল,Loading...
Non Misogynistic,এসব মেয়েরা প্রতিযোগিতায় অংশ নেয় নিজেদের দক্ষতা দেখানোর জন্য,Loading...
Non Misogynistic,বোনটির হাত-পা গুছানো এবং পরিচ্ছন্ন,Loading...
Non Misogynistic,নারী সমাজকর্মী প্রান্তিক মানুষের পাশে দাঁড়িয়েছেন,Loading...
Sexual Harassment,"ওফ তোমার পেটটা একটু চেটে চেটে খাবো, দিবা",Loading...
Non Misogynistic,ইন্টারভিউতে মেয়েটা এত শান্তভাবে উত্তর দিল যে প্যানেল চুপ হয়ে গেল,Loading...
Non Misogynistic,"মেয়েটা পাঠ্যবইয়ের বাইরে অনেক বই পড়ে, তাই তার চিন্তার গভীরতা অনেক বেশি।",Loading...
Non Misogynistic,"ম্যাডাম যা বলেন, সেটাই করেন। এজন্যই ম্যাডামকে অনেক সম্মান করি।",Loading...
Derogation,মহিলাটার সাথে ব্যবসা করলে ক্ষতি হবে,Loading...
Non Misogynistic,মেয়েরা সাধারণত কাছের মানুষের উপর সহজে অভিমান করে,Loading...
Sexual Harassment,নিচের ফোটার চেয়ে নাভীর ফোটো ভালোই বড়,Loading...
Non Misogynistic,ম্যাডামের মতো শিক্ষক থাকলে পড়তে ভালো লাগত,Loading...
Non Misogynistic,আপুর ব্যবহার সবার সাথেই সমান বিনয়ী,Loading...
Sexual Harassment,"তুমি সুগার মাম্মি না তুমি সুগার মাগি, কচি ছেলেদের নিয়ে থাকো",Loading...
Derogation,মেয়েটার চুলের রঙ দেখলে মনে হয় কোন সস্তা ডাই ব্যবহার করেছে।,Loading...
Sexual Harassment,বলো কিভাবে লাগাইলে মজা পাবা,Loading...
Non Misogynistic,মেয়েটি কথা দিলে কথা রাখেন,Loading...
Stereotype,আসলে কঠিন কোনো সিদ্ধান্ত নেওয়ার সাহস মেয়েদের তেমন একটা নেই বললেই চলে-এটাই সত্য।,Loading...
Stereotype,"আসলে ম্যাপ পড়তে গিয়ে মেয়েরা প্রতিবার বিভ্রান্ত, স্বীকার করুক বা না করুক।",Loading...
Stereotype,মেয়েমানুষের এত তাড়াতাড়ি মাথা গরম হবে কেন??,Loading...
Stereotype,মেয়েরা রিলেশনশিপে যা বলে কিন্তু আসলে তার উল্টো চায়,Loading...
Non Misogynistic,আপু রাস্তায় হারিয়ে যাওয়া বৃদ্ধাকে বাড়ি পৌঁছে দিয়েছেন,Sister brought home an old woman who was lost on the street.
Derogation,মালটা দেখতে একেবারে খারাপ না,Loading...
Stereotype,"মেয়েরা আবার কীসের গবেষণাপত্র, রান্নার রেসিপি লিখলেই হয় — এই কথাটা কখনোই পুরোনো হবে না।",Loading...
Stereotype,বাড়ির বউ যদি রান্না না পারে তাহলে সে কীসের বউ,Loading...
Non Misogynistic,"মেয়েরা যখন পড়াশোনায় এগিয়ে যায়, পরিবার ও সমাজ দুটোই লাভবান হয়।",Loading...
Stereotype,মেয়েরা বড় কোম্পানি চালালে পেছনে কার হাত আছে সেটার প্রশ্ন ওঠে,Loading...
Sexual Harassment,"এই মহিলা টা সবসময় পেট, বুক বের করে রাখে, বেডা মানুষ কে পাগল বানাইতে চায়",Loading...
Non Misogynistic,মেয়েটার কর্মদক্ষতা ও বিশ্বস্ততা তাকে দলের অপরিহার্য সদস্য করে তুলেছে।,Loading...
Non Misogynistic,মহিলা চলচ্চিত্র সমালোচকটির পর্যালোচনা শিল্পমহলে মানদণ্ড হিসেবে বিবেচিত।,Loading...
Sexual Harassment,"এগুলো নাচ না, সেক্সুয়াল সিডিউস করা জন্য করছে এসব",Loading...
Non Misogynistic,আপু নতুন ভিডিও কবে আসবে? অপেক্ষায় আছি,Loading...
Stereotype,"সবাই জানে, কর্তা যা বলবেন, তা-ই বউ মানবে — এটাই আদর্শ সংসার।",Loading...
Derogation,মেয়েটার দাত দেখলে সাতচুন্নির ভূতের কথা মনে পরে যায়,Loading...
Sexual Harassment,এই মেয়েগুলাকে শুধু শরীর দেখানোর জন্য ব্যবহার করা হয়,Loading...
Derogation,থুতনি টা কেমন বিশ্রি দেখায় এই মেয়ের,Loading...
Sexual Harassment,মজা শেষে বাড়ি ফিরা একজন চুম্মারাণী,Loading...
Non Misogynistic,মেয়েটা সহকর্মীর হয়রানির বিরুদ্ধে অভিযোগ করে সঠিক কাজ করেছে।,Loading...
Stereotype,মেয়েরা ভূতত্ত্ব বিজ্ঞানে কাজ করলে মাঠে যেতে ভয় পায়,Loading...
Derogation,তুমি মার্কেটিং করছ কিন্তু পণ্য বিক্রি হয় না তোমার কারণে।,Loading...
Derogation,নষ্ট মেয়ের মিষ্টি গল্প,Loading...
Stereotype,মেয়েরা যৌবনে পা দিলেই বিয়ের কথা ভাবা শুরু করে,Loading...
Stereotype,ঘরের বাইরে থাকলে মেয়েরা উশৃঙ্খল,Loading...
Sexual Harassment,মালের যে সাইজ দেখেই বুঝা যায় কি বংশের নর্তকী,Loading...
Non Misogynistic,আপু আবেগ ও বুদ্ধির ভারসাম্য রাখেন,Loading...
Stereotype,দলের নেত্রী মেয়ে হলে কেউ কথা শুনতে চায় না,Loading...
Stereotype,মেকআপ ছাড়া বের হলে মেয়েদের অস্বস্তি লাগে,Loading...
Non Misogynistic,মেয়েটার সামাজিক উদ্যোগ সুবিধাবঞ্চিত মেয়েদের জীবনে আলো এনেছে।,Loading...
Sexual Harassment,আমার নির্দেশ না মানলে তোমার লিংক সবার কাছে পাঠিয়ে দেব।,Loading...
Sexual Harassment,আপু বেশি দুলাইলে ফেটে দুধ বের হয়ে যাবে,Loading...
Stereotype,ফ্রিমিক্সিং মেয়েরা স্বামী সংসার করতে পারে না,Loading...
Non Misogynistic,মেয়েটার সৌন্দর্যের পাশাপাশি ট্যালেন্ট ও আছে,Loading...
Stereotype,"দেখো, বিয়ের পরই মেয়েরা জীবন গুছিয়ে নিতে পারে, তার আগে অসম্পূর্ণ।",Loading...
Non Misogynistic,মেয়েটা সমালোচনাকে ইতিবাচকভাবে নেয় এবং সেটা থেকে শিক্ষা নেয়।,Loading...
Sexual Harassment,মেয়েটার ওই কোমর দুলানো আর ফিগার টায় নজরে এসেছিল আমার,Loading...
Stereotype,মেয়ে মানুষের যাকে দেখে তাকেই ভালো লাগে,Loading...
Non Misogynistic,আপুর ব্যবহার সবাইকে আপন করে নেয়,Loading...
Derogation,কোন ছেলের রুচির এত দুর্ভিক্ষ ছিল যে ওকে প্রপোজ করলো?,Loading...
Non Misogynistic,বোনটি বিশ্ব মঞ্চেও সমান সাহসী,Loading...
Sexual Harassment,মেয়েটা নাচলে দুধ গুলাও নাচে,Loading...
Sexual Harassment,উপস্থাপিকার বুক দেখে মনে হয় একনি জামা ফেটে যাবে,Loading...
Non Misogynistic,মেয়েটার খেলাধুলায় সাফল্য তাকে জাতীয় পর্যায়ে পরিচিতি দিয়েছে।,Loading...
Sexual Harassment,"মহিলা হট ছবি পাঠাও ইনবক্সে, নাহলে ইজ্জত নষ্ট করে ছাড়ব",Loading...
Non Misogynistic,তুমি গোলাপের মতোই সুন্দর,Loading...
Non Misogynistic,"মেয়েটা নতুন চ্যালেঞ্জ পেলে উৎসাহিত হয়, ভীত হয় না।",Loading...
Sexual Harassment,"মামুনিটার দুদুর সাইজ এত বড় কিভাবে, কতজন টিপেছে?",Loading...
Non Misogynistic,দিদির কারুকাজ শিল্পবোধের পরিচয় দেয়,Loading...
Sexual Harassment,একটু শুইলেই পদ টা পেয়ে যাবেন আপু,Loading...
Non Misogynistic,নারী বিজ্ঞানীরা গবেষণায় বিশ্বকে নতুন পথ দেখাচ্ছেন,Loading...
Non Misogynistic,মেয়েটার পরিবেশ সচেতনতা প্রশংসনীয়,Loading...
Sexual Harassment,আপুটা এত অল্প বয়সে বুক এত বড় কীভাবে?,Loading...
Sexual Harassment,বুঝি তো আপু আপনাকে খেয়ে ছেড়ে দিছে,Loading...
Non Misogynistic,মহিলা চলচ্চিত্র অভিনেত্রীটি তার ভূমিকায় এত গভীরতা এনেছেন যে দর্শকরা বিমোহিত।,Loading...
Sexual Harassment,"এই সুন্দরী, আরেকটু খুলে দেখালে সব দেখা যেত না হলে কেউ দেখবে না",Loading...
Sexual Harassment,আর যাই হোক তোমার সোনাটা প্রত্যেকদিন দেখতে চাই,Loading...
Stereotype,তরুণী মেয়েদের পরিবারের রান্না-বাটনাই তাদের আজীবনের অলিম্পিক।,Loading...
Non Misogynistic,একজন নারী চাইলে অসম্ভবকেও সম্ভব করতে পারে,Loading...
Non Misogynistic,মেয়েটার সামগ্রিক উন্নতির যাত্রা অনুপ্রেরণামূলক।,Loading...
Derogation,মহিলার বয়স পঞ্চাশ পেরিয়ে গেছে তবুও কিশোরীর মতো সাজে।,Loading...
Stereotype,মেয়েরা চেহারা নিয়ে অন্য মেয়েদের তুলনা করে কথা বলে,Loading...
Non Misogynistic,মেয়েটা কাজের পাশাপাশি ব্যক্তিগত বিকাশেও সমান মনোযোগ দেয়।,Loading...
Stereotype,"মেয়েদের অফিসে রাত করা উচিত না, নিরাপত্তার প্রশ্ন আছে",Loading...
Derogation,তুই এত কম পড়াশোনা করেছিস যে প্রাইমারি স্কুলের ছেলেও তোর চেয়ে বেশি জানে।,Loading...
Derogation,এই মেয়ের কারণে পরিবার এলাকায় সম্মান হারাচ্ছে,Loading...
Sexual Harassment,সৌন্দর্য দেখাইয়া মেয়েরা দেহ বিক্রি করে খায়,Loading...
Sexual Harassment,"বগল ভিজে এই অবস্থা, নিচের দিকে কি অবস্থা হইছে কে জানে!",Loading...
Sexual Harassment,মুটকিটা ইচ্ছা করেই এইসব ভিডিওতে নিজের গোপন স্থান দেখায়,Loading...
Non Misogynistic,মেয়েটার কর্মতৎপরতা ও উৎসাহ দলের সবার মধ্যে প্রাণশক্তি ছড়িয়ে দেয়।,Loading...
Non Misogynistic,মেয়েটি কারো সাহায্য ছাড়াই অনেক কিছু অর্জন করেছেন,Loading...
Non Misogynistic,বোনটির বৃক্ষরোপণ অভিযান সবাইকে অনুপ্রেরণা দেয়,Loading...
Sexual Harassment,আমার কথা না মানলে তোমার ব্যক্তিগত ছবি ছেড়ে দিতে ২সেকেন্ড ও লাগবে না,Loading...
Non Misogynistic,মেয়েটার নাটক জীবনের প্রতিচ্ছবি,Loading...
Stereotype,মেয়েদের দিয়ে বেশি দূর এগোনো সম্ভব নয়,Loading...
Stereotype,যেসব মহিলা রাজনীতি করে তারা ভালো না,Loading...
Stereotype,মেয়েরা গাড়ি চালাতে শিখলে অহংকার বেড়ে যায়।,Loading...
Derogation,মেয়েটার সোশ্যাল মিডিয়ার ফলোয়ার সংখ্যা দেখলে কষ্ট লাগে।,Loading...
Stereotype,মেয়েদের বিয়ের পর নিজের পরিচয় ছেড়ে দিতে হয়,Loading...
Derogation,এই মহিলার প্রতিভা নষ্ট হচ্ছে অলসতায়।,Loading...
Derogation,"এই মহিলা আজকের কথা আজ ভাবে, ভবিষ্যতের কোনো চিন্তা নেই।",Loading...
Sexual Harassment,সুন্দরীর বিছানায় সঙ্গী হওয়ার ফি কত?,Loading...
Stereotype,চাকরিজীবী মেয়েদের পরিবারের রান্না-বাটনাই তাদের আজীবনের অলিম্পিক ,Loading...
Derogation,"মুখ ভর্তি দাঁত এই মেয়ের, দাতাল কোথাকার",Loading...
Non Misogynistic,"নিজের মত বাঁচতে শিখেন, আপনার জীবনটা শুধু আপনারই",Loading...
Non Misogynistic,মেয়েটা বিজ্ঞান প্রযুক্তির প্রতি আগ্রহী,The girl is interested in science and technology.
Non Misogynistic,আপু কথার মধ্য দিয়ে সম্মান প্রকাশ করেন,Loading...
Non Misogynistic,খালার হাতের রান্নায় অসাধারণ স্বাদ,Loading...
Stereotype,মহিলাদের ঘরের ভেতরের রাজত্ব নিয়েই খুশি থাকা উচিত।,Loading...
Sexual Harassment,"খুলে আসলে ভালো হতো, নর্তকী কোথাকার",Loading...
Non Misogynistic,মেয়ে দের আরও সাবধান হওয়া উচিত,Loading...
Derogation,এই মেয়েটা একটা বাজে মেয়ে,Loading...
Derogation,সে একটা লোভী মহিলা কিন্তু দেখলে মনে হয় ধোয়া তুলসী পাতা,Loading...
Sexual Harassment,এই নায়িকার ঢোল দেখে চোখ সরাতে পারছি না,Loading...
Stereotype,মেয়েরা সুন্দর না হলে কর্মক্ষেত্রেও পাত্তা কম পায়,Loading...
Sexual Harassment,মেয়েটার কোমরের গঠন নাড়াতে নাড়াতে ক্যামেরা আউট হয়ে যাচ্ছে,Loading...
Stereotype,মেয়েরা মানসিক শক্তিতে পুরুষের চেয়ে পিছিয়ে,Women lag behind men in mental strength
Derogation,মেয়েটা বিশ্ববিদ্যালয় থেকে পাশ করেছে কিন্তু বাজারে গিয়ে হিসাব করতে পারে না।,Loading...
Non Misogynistic,প্রতিটি মেয়ে তার নিজের জীবনের সেরা অধ্যায় লেখার ক্ষমতা রাখে।,Loading...
Stereotype,সোশ্যাল মিডিয়ায় বেশি একটিভ মেয়েরা ভালো হয় না,Loading...
Stereotype,মেধাবী না হলে মেয়েকে বিয়ে দেওয়া দরকার,Loading...
Stereotype,স্বভাবতই ছেলেদের চেয়ে মেয়েরা একটু দুর্বল হয়,Loading...
Sexual Harassment,"আপুটির দেহের বাজার এখন রমরমা, সাইজ দেখলেই বুঝবে",Loading...
Derogation,এই বেডির সংসার টেকেনি কারণ নির্ভরযোগ্য না।,Loading...
Sexual Harassment,"এই বুড়ি যত টাকা চাও দিতে রাজি, শুধু একবার বিছানায় যাও আমার সাথে",Loading...
Non Misogynistic,মেয়েটার বুদ্ধিমত্তা ক্লাসে সবাইকে চমকে দেয়,Loading...
Stereotype,বিধবা মেয়েরা আবার বিয়ে করলে সমাজ মেনে নেয় না,Loading...
Non Misogynistic,প্রতিটি মেয়ে তার নিজের সম্পর্কে ইতিবাচক ধারণা পোষণ করার অধিকার রাখে।,Loading...
Derogation,এই মহিলা মেকআপ না করলে নিজেকে চিনতে পারবে না।,Loading...
Derogation,মেয়েটার জামার রঙ এমন যে চোখ জ্বলে যায়,Loading...
Stereotype,"যুগ যুগ ধরে দেখে আসছি, কর্তা যা বলবেন, তা-ই বউ মানবে — এটাই আদর্শ সংসার।",Loading...
Sexual Harassment,আপু ভালো ভালোয় কথা শুনো নাহলে তোমার ইজ্জত খেয়ে দিবো,Loading...
Stereotype,"অভিজ্ঞতা বলে, বাড়ির বুড়োবুড়িদের সেবা করা তাদেরই কাজ, ছেলের না।",Loading...
Stereotype,মেয়েদের ম্যানেজমেন্ট স্কিল ছেলেদের চেয়ে কম,Loading...
Derogation,এই মহিলার সাজের পেছনে এত টাকা যায় ফলাফল শূন্য,Loading...
Stereotype,"দেখো, রঙচঙা সাজে বের হওয়া মেয়েদের উদ্দেশ্য ভালো না।",Loading...
Non Misogynistic,এত সুন্দর করে আঁকেন কীভাবে আপু,Loading...
Derogation,মেয়েটার সংসার চালানোর দক্ষতা শূন্য,Loading...
Stereotype,যেকোনো বিষয়ে সাথে সাথে চোখ ভরে যাওয়া মেয়েদের ট্রেডমার্ক,Loading...
Sexual Harassment,"এই দেহ ব্যবসায়ী, আবার নতুন কাস্টমার খুঁজছে",Loading...
Stereotype,বড় পদে বসলে মেয়েরা সিদ্ধান্ত নেওয়ার আগে পরিবারের পুরুষদের সঙ্গে আগে আলাপ করে নেয়।,Loading...
Derogation,"নির্লজ্জ হওয়া ও একটা টেলেন্ট যা সবার থাকে না, আপুর আছে",Loading...
Sexual Harassment,শালি একটা শরীর বানাইছে রে পুরাই মাখন,Loading...
Non Misogynistic,মহিলা সিনেমা পরিচালকটির চলচ্চিত্র আন্তর্জাতিক উৎসবে প্রশংসিত হয়েছে।,Loading...
Derogation,"মিডিয়ায় এখন সুন্দর মেয়ে দেখলেই সুযোগ দেওয়া হয়, কোনো কষ্টই করতেই হয় না",Loading...
Stereotype,মেয়েদের দীর্ঘমেয়াদী পরিকল্পনা করার ক্ষমতা নেই,Loading...
Non Misogynistic,মেয়েটির হিসাবি মন সংসারে অনেক কাজে আসে,Loading...
Stereotype,"মহিলারা গবেষণা করতে পারে না, সৃজনশীলতা কম",Loading...
Sexual Harassment,"মেয়েটা আসলে একটা মাখন মাল, এর বেশি কিছু না",Loading...
Non Misogynistic,তোমার এই ছোট ছোট ভিডিওগুলো দিনটাকে ভালো করে দেয়,Loading...
Non Misogynistic,মেয়েদের মতামত ও সিদ্ধান্তকে সমান মূল্য দেওয়া প্রতিটি পরিবারে শুরু হওয়া উচিত।,Loading...
Derogation,"এই বেডিরে দেখলেই পায়ের রক্ত মাথায় ওঠে, অঙ্গ ভঙ্গি পুরাই বস্তির মত।",Loading...
Derogation,"মেয়েটার লক্ষ্য অস্পষ্ট, দিশেহারা জীবন।",Loading...
Derogation,এই মেয়ে স্বামীকে ঠিকমতো সামলাতে পারে না,Loading...
Stereotype,"সবাই জানে, শহরের মেয়েদের বুদ্ধি বরাবরই ছেলেদের চেয়ে এক ধাপ পেছনে, এটা মানতেই হবে।",Loading...
Non Misogynistic,মহিলা স্বাস্থ্যকর্মীটি জনসচেতনতামূলক কর্মসূচিতে অসামান্য ভূমিকা রাখছেন।,Loading...
Derogation,"মেয়েটাকে দেখে তো মনে হচ্ছে উপর থেকে নিচে পর্যন্ত সার্জারি করা, সব ছেলেদের বশে আনার ফন্দি",Loading...
Stereotype,বড় পদে বসলে সিদ্ধান্ত পরিবারের পুরুষদের সঙ্গে আগে আলাপ করে নেয় — এটাই বাস্তব।,Loading...
Sexual Harassment,"আচ্ছা আপু, তাহলে একবছর আগেও তোমাকে খাইছে?",Loading...
Sexual Harassment,এই মাগি শো করতে গিয়ে শুয়ে এসেছে আবার,Loading...
Stereotype,"মহিলা সিইওর কোম্পানি বাজার ধরতে পারে না, যুগ যুগ ধরে চলে আসছে।",Loading...
Non Misogynistic,আপুর হাসি দেখলেই মন ভালো হয়ে যায়,Loading...
Sexual Harassment,ওরে দেখে মনে হয় নুনু বেশি খায়,"Oh, it looks like Nunu eats too much."
Derogation,এই মেয়েটার দাঁতগুলো এত হলুদ যে চা বানানো যাবে,Loading...
Non Misogynistic,মেয়েদের পেশাগত ও সামাজিক জীবনে সমান সুযোগ পাওয়ার অধিকার আছে।,Loading...
Derogation,এই মহিলার বিয়ে টেকেনি এটাই প্রমাণ করে সে কেমন,Loading...
Non Misogynistic,একজন মায়ের সচেতনতা ও শিক্ষা পরবর্তী প্রজন্মকে আরও শক্তিশালী করে।,Loading...
Derogation,"এই মহিলার মাথায় শুধু বাজারের চিন্তা, অন্য কিছু আসে না।",Loading...
Stereotype,মেয়েরা ফ্যাশনের পেছনে অর্থ নষ্ট করে,Loading...
Derogation,এই মহিলার আশ্বাসে বিশ্বাস করলে হতাশ হতে হয়।,Loading...
Stereotype,মেয়েরা ছোট পোশাক পরে সমস্যার কারণ নিজেরাই হয়,Loading...
Stereotype,মেয়েরা শুধু শরীর প্রদর্শনকারী,Loading...
Non Misogynistic,নারী হ্যামার থ্রো খেলোয়াড় শক্তির পরিচয় দেন,Loading...
Non Misogynistic,বোনটি প্রতিকূলতাকে সুযোগে রূপান্তর করেছেন,Loading...
Non Misogynistic,আপু আপনার চোখ গুলো মায়াবী,Loading...
Non Misogynistic,মেয়েটার মা তার সবচেয়ে বড় অনুপ্রেরণা এবং সবচেয়ে বিশ্বস্ত বন্ধু।,Loading...
Non Misogynistic,মেয়েটার সামাজিক উদ্যোগ দেখে বোঝা যায় তার সমাজের প্রতি কতটা দায়বদ্ধতা আছে।,Loading...
Derogation,এই মেয়ে সুযোগ পেলেই অন্যের কৃতিত্ব নিজের বলে দাবি করে,Loading...
Stereotype,"সবাই জানে, উচ্চশিক্ষিত নারীরা সচরাচর হাঁড়ি-পাতিল নিয়ে যত পটু, বই-কলম নিয়ে ততটা না।",Loading...
Sexual Harassment,এই মডেলকে কুকুরের সাথে দেওয়া যায় অনায়াসে,Loading...
Non Misogynistic,মেয়েটির পাঠ্যবইয়ের বাইরে পড়ার অভ্যাস ভালো,Loading...
Non Misogynistic,মেয়েদের সমান মর্যাদা ও অধিকার নিশ্চিত করা প্রতিটি নাগরিকের দায়িত্ব।,Loading...
Non Misogynistic,আপুর কর্মদক্ষতা প্রশংসনীয়,Loading...
Derogation,এই মহিলার গৃহস্থালি জ্ঞান শূন্যের কোঠায়,Loading...
Derogation,"মেয়েকে যুদ্ধ করে নাচের স্কুলে ভর্তি করে মহৎ কাজেই করছে, আজাইরা মাইয়া মানুষের ঢং",Loading...
Stereotype,মেয়েদের বুদ্ধিবৃত্তিক কাজে বেশি নির্ভর করা ঠিক না,Loading...
Non Misogynistic,মেয়েটা মায়ের কাছ থেকে সংগ্রাম করার এবং হার না মানার শিক্ষা নিয়েছে।,Loading...
Derogation,এত বাজেভাবে শাড়ি পড়ে কেন এই মহিলা,Loading...
Sexual Harassment,বোনটির শপিং মলের সাথে সাথে মিল্ক ফ্যাক্টরি ও ওপেন হয়ে গেলো বিনা খরছে,Loading...
Stereotype,মেয়েদের রাজনীতিতে আনলে সংসদে বিবাদ বাড়ে,Loading...
Sexual Harassment,মেয়ে কে দিয়ে মনে হয় দেহ ব্যবসা করায়,Loading...
Stereotype,বিয়ের প্রস্তাব বারবার ফিরিয়ে দেওয়া মেয়েদের অহংকার ভয়াবহ — এটাই সত্য।,Loading...
Sexual Harassment,"সেই ফিগার, খুলে দিলে আরও ভালো লাগত",Loading...
Derogation,এই মেয়ের মুখে বলিরেখা এত বেশি যে মানচিত্র আঁকা যাবে,Loading...
Derogation,এই মহিলার কাণ্ডজ্ঞান একটুও নেই,Loading...
Sexual Harassment,এই নায়িকার পিছন চেটে চেটে খেতে চাই সারারাত,Loading...
Derogation,এই মহিলার চোখ দুটো এত ছোট যে চশমা পরলেও ঠিকমতো দেখা যায় না।,Loading...
Sexual Harassment,"ম্যাডাম বেশি কথা বলো না, নগ্ন ছবি ভাইরাল করে দেব",Loading...
Stereotype,মেয়েরা একা থাকলে পাড়া প্রতিবেশী কথা বলবেই,Loading...
Derogation,এই মেয়েকে বিশ্বাস করলে বিপদে পড়তে হয় সিওর,Loading...
Derogation,আফারে সবই তোর চামড়ার জাদু!,Loading...
Non Misogynistic,নারীর সম্মতি ছাড়া সম্পর্ক জোরপূর্বক চাপানো অপরাধ,Loading...
Stereotype,বিয়ে না হওয়া পর্যন্ত মেয়েদের পরিচয়ে কোনো ভর থাকে না — এটাই বাস্তব।,Loading...
Non Misogynistic,মহিলা উন্নয়ন কর্মীটি গ্রামীণ মেয়েদের সচেতন করতে দরজায় দরজায় যাচ্ছেন।,Loading...
Sexual Harassment,মেয়েটার কাজই হলো পুরুষদের এভাবে শরীর দেখিয়ে পাগল করা,Loading...
Non Misogynistic,আপুতির চলাফেরা খুবই মার্জিত,Loading...
Derogation,মেয়েটার সুবিধাবাদী আচরণ দেখলে বিরক্ত লাগে।,Loading...
Sexual Harassment,বৌদির দেহ এমন বানিয়েছে যেন পিছনে তাকানো লাগবে না,Loading...
Stereotype,মেয়েরা কমিউনিটি লিডার হলে লোকে মানতে চায় না,Loading...
Stereotype,মেয়েরা মিটিংয়ে বেশি কথা বলে সিদ্ধান্ত পিছিয়ে দেয়।,Loading...
Sexual Harassment,"মডেলটা ব্লাউজটা না পরলেও চলত, আমরাও একটু মজা পেতাম",Loading...
Non Misogynistic,মহিলা শিল্পীদের অবদান জাতীয় সংস্কৃতিকে সমৃদ্ধ করছে।,Loading...
Non Misogynistic,মেয়েটা সমাজের প্রতি তার দায়িত্ব পালনে কোনো আপোস করে না।,Loading...
Sexual Harassment,মেয়েটিকে কতজন চেটেছে তার হিসাব কেউ রাখেনি,Loading...
Stereotype,"বাড়ির চা পাতা, লবণ-হলুদ কোথায় আছে—এটাই তাদের সিলেবাস, তা না হলে সমাজ চলে কীভাবে?",Loading...
Non Misogynistic,প্রত্যেক মেয়েরই নিজের জীবন নিয়ে সিদ্ধান্ত নেওয়ার অধিকার আছে।,Loading...
Stereotype,"বলে রাখি, যে যেমন কাপড় পরে, লোকে তাকে তেমনই দেখে, যুগ যুগ ধরে চলে আসছে।",Loading...
Stereotype,মেয়েরা ফায়ার ফাইটার হলে প্রাণ বাঁচানো কঠিন হয়ে পড়ে,Loading...
Sexual Harassment,বৌদি বুকের কাপড়টা আরেকটু নিচু হলে ভালো হতো,Loading...
Non Misogynistic,নারী সমাজবিজ্ঞানী সমাজের প্রবণতা বিশ্লেষণ করেন,Loading...
Derogation,মেয়েটার নাকের ডগাটা এত লাল যে ট্রাফিক সিগন্যালের মতো লাগছে,Loading...
Non Misogynistic,মেয়েদের কর্মস্থলে যৌন হয়রানিমুক্ত পরিবেশ নিশ্চিত করা দরকার,Loading...
Non Misogynistic,নারী জ্যোতির্বিদ মহাবিশ্ব নিয়ে গবেষণা করছেন,Loading...
Non Misogynistic,মেয়েটার হাসি যেন এক রোদের ছটা,Loading...
Derogation,সাদা রঙের শরীর দেখেই এতো দূর আসতে পারছস,Loading...
Sexual Harassment,"এই সুন্দরী কে কেউ কিনে নিলে শ্রমিক না, রক্ষিতা পাবে",Loading...
Stereotype,মা হওয়ার পরেও ক্যারিয়ার নিয়ে ভাবা মানে সন্তানকে অবহেলা করা,Loading...
Stereotype,"এদেশের মেয়েরা সবসময় ঘরের ভেতরের রাজত্ব নিয়েই খুশি থাকা উচিত, তা না হলে সমাজ চলে কীভাবে?",Loading...
Stereotype,সুন্দর রুপসী মেয়েদের আলাদা ভাব ভঙ্গি থাকে,Loading...
Sexual Harassment,"তুমি যদি জামা কাপড় ছাড়া ভিডিও দেও ,১ লাখ টাকা দেব",Loading...
Non Misogynistic,মেয়েটার পরিবার তার প্রতিটি সাফল্যে গর্বিত হয়।,Loading...
Derogation,এই বেডির ইন্টারভিউতে ভালো করে কিন্তু কাজে একদম না।,Loading...
Stereotype,মেয়েদের উচ্চাকাঙ্ক্ষা পরিবারের মাথা ব্যথার বড় কারণ।,Loading...
Non Misogynistic,বর্তমান সময়ের গুণবতী একজন অভিনেত্রী।।,Loading...
Stereotype,মেয়েরা শরীর দেখিয়ে চলচ্চিত্র কে খেয়ে দিছে,Loading...
Sexual Harassment,অল্পের জন্য মালটার জিনিস দেখা গেলো না,Loading...
Derogation,এই ভুড়ি নিয়ে এই মেয়ে এত কনফিডেন্স পায় কই?,Loading...
Non Misogynistic,মেয়েটা সমাজের দুর্বলদের পাশে দাঁড়ানোকে তার জীবনের মিশন মনে করে।,Loading...
Sexual Harassment,তোমার নাভিটা সেই সুন্দর,Loading...
Non Misogynistic,বোনটি বিদেশে গিয়ে নিজের প্রতিষ্ঠান গড়েছেন,Loading...
Non Misogynistic,ওর চেহারায় একটা মায়া কাজ করে,Loading...
Non Misogynistic,"লিঙ্গ সমতা শুধু নারীর জন্য নয়, পুরো সমাজের কল্যাণে দরকার।",Loading...
Stereotype,মেয়েদের চামড়ার রং ই তার সৌন্দর্যের কারন,Loading...
Non Misogynistic,মেয়েদের প্রতি সমতার দৃষ্টিভঙ্গি থেকেই সুষম সমাজ গড়া সম্ভব।,Loading...
Sexual Harassment,১৮+ ভিডিও থাকলে আপলোড দেন,Loading...
Sexual Harassment,"এই মেয়ে, দেহ ব্যবসা চালিয়ে যাও",Loading...
Stereotype,"বলে রাখি, উচ্চশিক্ষার পেছনে দৌড়ানো মেয়েদের শেষে পরিবার থাকে না, স্বীকার করুক বা না করুক।",Loading...
Non Misogynistic,বোনটির ভালোবাসা স্বার্থহীন,Loading...
Sexual Harassment,"মাইয়া টারে পাইলে ওর বুকের উপর ঘুমায় যাইতাম, আহ্! সেই একটা মাল",Loading...
Derogation,এই বেডির ত্বকের এই দশা দেখলে বোঝা যায় রোদে পুড়েছে।,Loading...
Non Misogynistic,মেয়েটার পরিচ্ছন্নতা সুন্দর্যের অংশ,Loading...
Stereotype,বউয়ের কাজ স্বামীর ইচ্ছাকে নিজের ইচ্ছা করে নেওয়া।,Loading...
Stereotype,হসপিটালে একা চিকিৎসা নিতে গেলে মেয়েদের অনেক বিব্রতকর পরিস্থিতিতে পড়তে হয়,Loading...
Non Misogynistic,দিদির অধ্যয়নের গভীরতা অসাধারণ,Loading...
Sexual Harassment,মেয়েটির বুক ছাড়া ভিডিওতে কিছুই নড়ছে না,Loading...
Non Misogynistic,বোনটির ক্ল্যাসিকাল মঞ্চে অভিনয় অসাধারণ,Loading...
Stereotype,বউ এর হাতের রান্না মজা না হলে সংসার টিকে না,Loading...
Stereotype,"বলে রাখি, রঙচঙা সাজে বের হওয়া মেয়েদের উদ্দেশ্য ভালো না।",Loading...
Sexual Harassment,"আপুটি খুলে দিয়ে খেলার ইশারা করবে, কিন্তু আপনি উনার সাথে খেলতে পারবেন না।",Loading...
Derogation,এই মহিলার কারণে পরিবারে অশান্তি লেগে থাকে,Loading...
Sexual Harassment,রাস্তাতে না নেমে পল্লী তে যাইলে ভালো দেহ ব্যবসা হবে,Loading...
Non Misogynistic,আপুর কবিতায় জীবনের সত্য ফুটে ওঠে,Loading...
Sexual Harassment,মামণির নাচ আসলে দুধ নাড়ানোর প্রতিযোগিতা,Loading...
Sexual Harassment,"এই বুড়ি ওড়না ছাড়া বের হও কেন, পুরুষের চোখ নষ্ট করতে?",Loading...
Non Misogynistic,মেয়েটার প্রতিটি সাফল্যের পেছনে আছে বছরের পর বছরের অদৃশ্য পরিশ্রম।,Loading...
Stereotype,মেয়েরা মা হওয়ার পরেও ক্যারিয়ার করলে বাচ্চা অবহেলিত হয়,Loading...
Derogation,এই মহিলা ঘর সামলাতে পারে না তবু বাইরে গিয়ে জ্ঞান দেয়,Loading...
Stereotype,বাইরে কাজ করা মেয়েরাই নারীবাদী,Loading...
Non Misogynistic,মেয়েটা নিজের ক্ষেত্রে বিশেষজ্ঞ হিসেবে স্বীকৃতি পেয়েছে।,Loading...
Sexual Harassment,মামুনি জামার ডিজাইন সামনে দিয়ে কাটলে আরো কড়া লাগত,Loading...
Sexual Harassment,"মামুনি হট ছবি পাঠাও ইনবক্সে, নাহলে প্রাইভেট ভিডিও সবাইকে পাঠিয়ে দেব",Loading...
Stereotype,"মহিলা ডাক্তার মানেই কম অভিজ্ঞ, পুরুষ ডাক্তার দেখাও",Loading...
Non Misogynistic,মেয়েটার নেতৃত্বে সম্প্রদায় একটি কঠিন সংকট থেকে বেরিয়ে আসতে পেরেছে।,Loading...
Derogation,মেয়েটার রিপোর্ট এত বিশ্রী যে পড়তে ইচ্ছা করে না।,Loading...
Non Misogynistic,"আপু আপনার এই পোস্টটা আমার বোনকে পাঠিয়েছি, অনেক শিক্ষণীয়",Loading...
Non Misogynistic,মেয়েটা নিজের বাড়ি থেকে বেরিয়ে নতুন শহরে নতুন জীবন গড়েছে।,Loading...
Non Misogynistic,মেয়েটি সবসময় নিজেকে উন্নত করতে চায়,Loading...
Stereotype,"গণিত-পদার্থবিজ্ঞানে মেয়েদের মাথা খাটে না, এটা মানতেই হবে।",Loading...
Non Misogynistic,দিদি প্রতিটি প্রতিকূল মুহূর্তে আশা ধরে রেখেছেন,Loading...
Non Misogynistic,"ভাবি এত সুন্দর করে বাচ্চাকে বোঝালেন, দেখে ভালো লাগলো।",Loading...
Stereotype,"মেয়েরা দার্শনিক চিন্তা করতে পারে না, গভীরতা নেই",Loading...
Non Misogynistic,নারীর পক্ষে দাঁড়ানো প্রতিটি মানুষের দায়িত্ব,Loading...
Derogation,মেয়েটার আচরণ দেখে তার পরিবারের লোকেরাও লজ্জিত।,Loading...
Non Misogynistic,লিঙ্গ সমতার পথে এগিয়ে যাওয়া মানে একটি আরও ন্যায়সংগত সমাজ গড়া।,Loading...
Non Misogynistic,বোনটির উদ্যোগ আজ অন্যদের অনুপ্রেরণা,Loading...
Non Misogynistic,মেয়েটার সৃজনশীলতা সমাজে নতুন দৃষ্টিভঙ্গি তুলে ধরছে।,Loading...
Non Misogynistic,মেয়েটার চিন্তার গভীরতা তাকে সমস্যা সমাধানে বিশেষ যোগ্যতা দেয়।,The girl's depth of thought gives her special ability to solve problems.
Derogation,এই মহিলা চুলে যা করেছে সেটা দেখলে সেলুনের মালিক কাঁদবে,Loading...
Non Misogynistic,মেয়েটি একটি বিষয়কে নিজস্ব দৃষ্টিতে ব্যাখ্যা করতে পারে,Loading...
Derogation,মেয়েটা যতই ইংরেজিতে কথা বলুক না কেন কিন্তু গ্রামারে মারা যায়।,Loading...
Stereotype,ডিভোর্সি মেয়েরা আর সংসারে মনোযোগ দিতে পারে না,Loading...
Non Misogynistic,মেয়েটার লেখায় সমাজের প্রতি গভীর পর্যবেক্ষণ প্রতিফলিত হয়।,Loading...
Derogation,মেয়েটার স্বভাব হলো সবকিছুতে বাড়িয়ে বলা।,Loading...
Sexual Harassment,দুই বছর শোয়ার পর এইটা মনে হইছে?,Loading...
Stereotype,মেয়েরা ইঞ্জিনিয়ারিং পড়ে কিন্তু মাঠে কাজ করার ক্ষমতা নেই,Loading...
Non Misogynistic,মেয়েটার শেখার আগ্রহ কখনো কমে না,Loading...
Sexual Harassment,"এই আপু, ইনবক্সে আসো তোমাকে হর্নি করে দিবো",Loading...
Derogation,মেয়েটার গল্প শুনলে মনে হয় সিনেমার স্ক্রিপ্ট।,Loading...
Sexual Harassment,মেয়েটাকে কতজন চেটেছে তার হিসাব কেউ রাখেনি,Loading...
Stereotype,কোনো নারী পদোন্নতি পেলে অনেকে যোগ্যতার বদলে সম্পর্ককে কারণ মনে করে।,Loading...
Stereotype,মেয়েরা ছোটখাটো ব্যাপারে বেশি প্রতিক্রিয়া দেখায়,Loading...
Non Misogynistic,একা কাজ সামলে নিতে পারে ভালোভাবে,Loading...
Non Misogynistic,কর্মক্ষেত্রে মেয়েদের পেশাদারিত্ব দেখলে বোঝা যায় তারা কতটা প্রস্তুত।,Loading...
Sexual Harassment,"বেটির শরীর নিলামে তোলা মালের মতো, একদম কড়া",Loading...
Non Misogynistic,"মেয়েটার মা সবসময় তার পাশে থেকে উৎসাহ দিয়েছেন, সেই সমর্থনই তাকে এগিয়ে নিয়ে গেছে।",Loading...
Non Misogynistic,প্রতিটি মেয়েকে তার স্বপ্নের পেশার দিকে এগিয়ে যেতে সাহায্য করা উচিত।,Loading...
Non Misogynistic,নারী টেবিল টেনিস খেলোয়াড়ের গতি অসাধারণ,Loading...
Stereotype,"মেয়েরা ক্যারিয়ারে মন দিলে বিয়ের পাত্র পাওয়া কঠিন হয়ে দাঁড়ায়, এটা মানতেই হবে।",Loading...
Derogation,মাইয়ার নাই চরিত্র জামাই খোজে পবিত্র,Loading...
Non Misogynistic,মেয়েটা খুব দায়িত্বশীলভাবে কাজগুলো করে,Loading...
Non Misogynistic,মহিলা পুলিশ অফিসার দায়িত্ব পালনে কোনো ছাড় দেননি,Loading...
Non Misogynistic,মেয়েটার অনন্য দৃষ্টিভঙ্গি সমস্যা সমাধানে নতুন আলো দেয়।,Loading...
Derogation,ওই মেয়ের এই অহংকার দেখে বমি আসে,Loading...
Derogation,মেয়েটা ভাইরাল হওয়ার জন্য নতুন নাটক শুরু করেছে,The girl started a new drama to go viral.
Non Misogynistic,দিদি ভূমিকম্প ত্রাণে নেতৃত্ব দিয়েছেন,Loading...
Non Misogynistic,বোনটির বহুমুখী প্রতিভা প্রশংসনীয়,Loading...
Non Misogynistic,মেয়েটি প্রতিটা মানুষকে সম্মান দিয়ে কথা বলে,Loading...
Non Misogynistic,মেয়েটা সমাজের পরিবর্তনে বিশ্বাস রাখে এবং সেই বিশ্বাস থেকে শক্তি নেয়।,Loading...
Stereotype,মেয়েদের ফুটবল রেফারি করতে দিলে মাঠে বিশৃঙ্খলা হয়,Loading...
Derogation,মেয়েটার ডান্স ভিডিও দেখলে মনে হয় কষ্ট পাচ্ছে।,Loading...
Non Misogynistic,নারী পডকাস্টার গভীর বিষয়কে সাবলীলভাবে আলোচনা করেন,Loading...
Derogation,মেয়েটা যত কথা বলে তার দশ ভাগের একভাগও করতে পারে না।,Loading...
Derogation,মেয়েটাকে প্রথমে দেখে ভাবসি জলহস্তী,Loading...
Stereotype,মেয়েদের বয়ফ্রেন্ড থাকা মানে আর ভালো মেয়ে নয়,Loading...
Derogation,এই মেয়ে পড়াশোনায় কখনো মনোযোগ দেয়নি এটা কথায় বোঝা যায়,Loading...
Non Misogynistic,মেয়েটি সবার মুখে হাসি ফোটানোর চেষ্টা করেন,Loading...
Non Misogynistic,পিসির স্নেহ পরিবারে প্রজন্মের সেতু,Loading...
Derogation,মেয়েটার উপস্থাপনা এত বাজে যে দর্শক ঘুমিয়ে পড়ে।,Loading...
Stereotype,বিয়ের পর মেয়েদের স্বামীর পরিচয়ে পরিচিত হওয়া উচিত,Loading...
Stereotype,"ঘরে বসে মেয়েরা কবিতা লিখবে, কিসের গবেষণা করে",Loading...
Non Misogynistic,মহিলা হ্যান্ডবল খেলোয়াড়দের ফিটনেস উদাহরণযোগ্য,Loading...
Stereotype,"মেয়েরা কিছু না হলেও ভয় পায়, কাজ এগোয় না",Loading...
Derogation,এই পেট নিয়ে এই মেয়ের এতো কনফিডেন্স!,Loading...
Non Misogynistic,নারী-পুরুষ সহযোগিতা ও সমতায় সমাজ সবচেয়ে শক্তিশালী হয়।,Loading...
Non Misogynistic,ঐ মহিলা কবি মঞ্চে দাঁড়ালে পুরো হল চুপ হয়ে যায়,Loading...
Derogation,এতো মোটা মেয়ে গায়ের উপরে পড়লে আলু ভর্তা হয়ে যাবো,Loading...
Stereotype,রান্না পারা মেয়েদের জন্য বাধ্যতামূলক,Loading...
Derogation,এই বেডির নাকটা এত চ্যাপটা যে দেখতে বিচ্ছিরি লাগে,Loading...
Stereotype,মেয়েদের স্কলারশিপ দেওয়া মানে যোগ্য ছেলেদের বঞ্চিত করা,Loading...
Sexual Harassment,এভাবে রাস্তায় শরীর দেখালে মেয়েটার বিদেশ যাওয়ার টিকেট ঘরে চলে আসবে,Loading...
Sexual Harassment,এমন সুন্দরী পাইলে গাঁড় ফাটিয়ে দিতাম,Loading...
Non Misogynistic,আপু সাহসিকতার জন্য পুরস্কৃত হয়েছেন,Loading...
Sexual Harassment,"অনেক ছোটবেলায় মেয়েটাকে দেখেছি, এখন অনেক সেক্সি হয়ে গেছে",Loading...
Derogation,এই মহিলা ট্রিপল ফিল্টার দিয়ে ছবি তুললেও সুন্দর দেখায় না।,Loading...
Non Misogynistic,রান্নার গন্ধ পেলেই বোঝা যায় যে এটা কাকির হাতের রান্না।,Loading...
Non Misogynistic,মেয়েটির কোরমা মুগ্ধ করে,Loading...
Sexual Harassment,"আপুটিকে আবাসিক হোটেলে নিয়ে যেতে চাই, যত টাকা লাগে দিতে রাজি আছি",Loading...
Stereotype,অবিবাহিত মেয়েরা স্বভাবগতভাবেই বড়দের নির্দেশ ছাড়া বাইরে পা ফেলা চরম বেয়াদবি,Loading...
Stereotype,মেয়েরা দর্শন নিয়ে কথা বলতে চাইলে হাসি পায়,Loading...
Sexual Harassment,আর একটু কাপড় শট হলে কি জানি দেখা যেত,Loading...
Derogation,"মাশাল্লাহ! যত আটা ময়দা দিয়ে মেকাপ করলেন, মনে হইলো আটার দাম কেজিতে এক টাকা বেড়ে গেল",Loading...
Derogation,নষ্টা মেয়ের যতসব নষ্ট গল্প,Loading...
Sexual Harassment,নতুন মন্ত্রীদের খাবারের আইটেম হিসেবে নিজেকে তৈরী করা শুরু করে দিয়েছে আপুটি,Loading...
Non Misogynistic,মেয়েটা সমাজের জন্য কাজ করার মধ্যেই তার জীবনের অর্থ খুঁজে পায়।,Loading...
Sexual Harassment,মেয়েটি ব্লাউজের পেছন না কেটে সামনে দিয়ে কাটলে আরো ভালো দেখা যেত,Loading...
Non Misogynistic,মা সবসময় সন্তানদের জন্য চিন্তিত থাকেন,Loading...
Derogation,এই মেয়ের হাসি দেখলেই আমার ভয় লাগে,Loading...
Derogation,এই মেয়ে সংস্কৃতি সম্পর্কে কিছুই জানে না,Loading...
Non Misogynistic,মহিলা শ্যুটারের লক্ষ্যভেদ ক্ষমতা প্রশংসনীয়,Loading...
Derogation,"কুরবানীর টাইমে বাজারে যে গরু উঠানো হয়, তার মধ্যে একজন এই মহিলা",Loading...
Stereotype,মেয়েদের সরকারি উচ্চপদে রাখলে দপ্তরের গতি কমে,Loading...
Non Misogynistic,বোনটির প্রবন্ধ গভীর চিন্তার দাবি রাখে,Loading...
Stereotype,মেয়েরা একটা বিষয়ে মনোযোগ ধরে রাখতে পারে না,Loading...
Sexual Harassment,ফাটিয়েছে কে আগে? বর নাকি এক্স বয়ফ্রেন্ড,Loading...
Sexual Harassment,মেয়ে টা দেখতে পুরা একটা মাল,Loading...
Sexual Harassment,"এই মডেল, বিকিনি পরে নামলে আরো ভাইরাল হতো",Loading...
Derogation,"জিহ্বা টা ভিতরে রেখে কথা বলেন আপু, বিশ্রি লাগে",Loading...
Non Misogynistic,মেয়েটার আলপনার কাজ শৈল্পিক,Loading...
Sexual Harassment,এই মডেলকে কোলে বসিয়ে দুধ গুলা চুষতে চাই,Loading...
Stereotype,মেয়েরা একা ভ্রমণ করলে সুরক্ষিত নয় কারণ নিজেরাই বিপদ ডাকে,Loading...
Stereotype,"দেখো, বিচারক হিসেবে মেয়েরা প্রায়ই দয়া দিয়ে রায় দিয়ে ফেলে।",Loading...
Derogation,মেয়েটার স্টাইল সেন্স বলতে কিছু নেই।,Loading...
Sexual Harassment,এর মুখের অবস্থা দেখলেই বুঝা যায় জীবনে অনেক কলা খেয়েছে,Loading...
Non Misogynistic,মেয়েটির চোখে বুদ্ধির ঝলক,Loading...
Derogation,"এদের চেয়ে পতিতাও ভাল, নষ্ট মেয়ে কোথাকার",Loading...
Non Misogynistic,মহিলা ভাস্করটির নির্মিত মূর্তি শহরের সৌন্দর্য বৃদ্ধি করেছে।,Loading...
Non Misogynistic,এই মহিলা এখনো কি ফিট রে মাশাআল্লাহ,Loading...
Derogation,মেয়েটাকে একটা সহজ কাজ দিলেও জটিল করে ফেলে।,Loading...
Non Misogynistic,বোনটির লেখার ধরন গোছানো এবং সুন্দর,Loading...
Sexual Harassment,"এই সুন্দরী দেখতে বাতি মাল, খেলে আরো মজা",Loading...
Non Misogynistic,মেয়েটি গ্রামের মেয়েদের সাইবার নিরাপত্তা শেখাচ্ছেন,Loading...
Derogation,"ওর চেহারা আমার বান্ধবীর মত, যতই সাজুক খ্যাত খ্যাতই থাকে",Loading...
Non Misogynistic,নারী হিসাবরক্ষক প্রতিষ্ঠানের আর্থিক স্বচ্ছতা নিশ্চিত করেন,Loading...
Stereotype,একা সিনেমা হলে যাওয়া মেয়েদের দেখে সবাই অবাক হয়,Loading...
Non Misogynistic,নারী জুডো খেলোয়াড়ের দক্ষতা প্রশংসার যোগ্য,Loading...
Derogation,আপনাদের মত মেয়ে দের জুতা মারা দরকার,Loading...
Stereotype,"ঘরের কাজ মেয়েদের করতেই হবে, এটা নিয়ে নারীবাদ করার কিছু নেই",Loading...
Derogation,মেয়েগুলাকে নিয়ে চিড়িয়াখানায় রাখা হোক,Loading...
Sexual Harassment,আপুর আমার বিছানার সঙ্গী হবে?,Loading...
Non Misogynistic,নারী টেক প্রফেশনাল প্রযুক্তিতে দারুণ অবদান রাখছেন,Loading...
Sexual Harassment,এদের মতন বেশ্যা মেয়েদের জন্য সমাজে এত নোংরামি হয়,Loading...
Sexual Harassment,"আহারে একশো পুরুষের সাথে কক্সবাজার যায়, আবার এখন লজ্জা পাওয়ার ঢং করতেছে",Loading...
Derogation,মাইয়া বড় পাজি জামাই খোজে হাজী,Loading...
Sexual Harassment,মেয়েটিকে এমনভাবে বলা হচ্ছে যেন সে কেবল ভোগের বস্তু।,Loading...
Derogation,এই বেডির ব্যাডমিন্টন খেলা দেখলে শাটল কান্না করে।,Loading...
Stereotype,"যাদের পোশাকে শালীনতা নেই, তাদের পরিবারে সংস্কারের অভাব, স্বীকার করুক বা না করুক।",Loading...
Derogation,এই মেয়ে একটা বিশ্ব ফাজিল,Loading...
Non Misogynistic,আপুটি কোনো কিছু না বুঝলে সরাসরি জিজ্ঞেস করে নেয়,Loading...
Derogation,এই মেয়ে সোশ্যাল মিডিয়ায় সারাদিন পড়ে আছে কোনো কাজ নেই,Loading...
Stereotype,মেয়েরা দূরপাল্লার একক সাইক্লিং করতে পারে না,Loading...
Sexual Harassment,"এই আপুর তো দেখি পুরোটাই সুইমিংপুল, কিন্তু সাতার কাটবো না",Loading...
Non Misogynistic,মহিলা অ্যাকাউন্ট্যান্টের কাজের মান নিয়ে ক্লায়েন্টরা সবসময় সন্তুষ্ট।,Loading...
Stereotype,মেয়েরা হিংসার কারণে বন্ধুদের পেছনে কথা বলে,Loading...
Non Misogynistic,মহিলা গবেষকটির কাজ আন্তর্জাতিক সম্প্রদায়ে স্বীকৃতি পেয়েছে।,Loading...
Non Misogynistic,মেয়েটার স্বামী তার পেশাদার জীবনকে সমানভাবে সহায়তা করে।,Loading...
Non Misogynistic,দিদির বৃত্তি অনেক মেধাবী ছাত্রীর জীবন বদলে দিয়েছে,Loading...
Stereotype,মেয়েদের ড্রাইভিং ভালো হয় না,Loading...
Non Misogynistic,মেয়েটা মাতৃত্ব ও পেশাদার দায়িত্ব দুটোই দক্ষতার সাথে সামলাচ্ছে।,Loading...
Non Misogynistic,আপুর মননশীল মন্তব্য সবার নজর কাড়ে,Loading...
Stereotype,"পাত্রের বেতন কম বলে ,না করা মেয়েরা শেষে একা পড়ে থাকে — এটাই বাস্তব।",Loading...
Non Misogynistic,কর্মক্ষেত্রে মেয়েদের সমান বেতন ও পদোন্নতি নিশ্চিত করা ন্যায়বিচারের দাবি।,Loading...
Stereotype,"অসুস্থ তো কী হয়েছে, মেয়ে মানুষ, রান্না তো করা লাগবেই",Loading...
Derogation,এই মেয়েটার কথায় আত্মবিশ্বাস থাকলেও যোগ্যতা নেই,Loading...
Non Misogynistic,"মেয়েটার ভিডিওটা ভালো ছিল, দেখতে দেখতে কখন যে সময় শেষ",Loading...
Non Misogynistic,আপুর হাঁটার ভঙ্গিমা ব্যক্তিত্বপূর্ণ,Loading...
Stereotype,সব মেয়েই একই রকম,Loading...
Non Misogynistic,মেয়েটা সবাইকে সম্মান দিয়ে কথা বলে,Loading...
Stereotype,দাবা-শতরঞ্জের মতো ঠাণ্ডা মস্তিষ্কের খেলায় মেয়েরা মাঝপথে হাল ছাড়ে।,Girls give up halfway through a cold brain game like chess.
Sexual Harassment,এই সুন্দরীর দেহ দুই বাচ্চার মা হয়েও কড়া আছে,Loading...
Derogation,একদম যেন প্রথম শ্রেনীর নর্তকী,Loading...
Sexual Harassment,বেশি মার্কেট পেতে হলে বেশি বেশি দেখাও আমাদের কে,"If you want to get more market, show us more."
Stereotype,মায়ের রান্না আর বউয়ের রান্না না হলে পুরুষ মানুষ সুখী হয় না,Loading...
Non Misogynistic,লিঙ্গ বৈষম্য সমাজের সামগ্রিক উন্নতিকে বাধাগ্রস্ত করে।,Gender inequality hinders the overall progress of society.
Sexual Harassment,মেয়েটাকে দেখলে বুজা যাচ্ছে শরীর দেখানোর জন্যই স্লিভলেস ব্লাউজ পড়ে আসছে,Loading...
Stereotype,মেয়েরা টিভিতে এলে বিষয়বস্তুর চেয়ে চেহারা আগে দেখা হয়,Loading...
Sexual Harassment,তুই তো একটা পর্নষ্টার,Loading...
Stereotype,"অভিজ্ঞতা বলে, গ্রামের মেয়েদের পরিবারের রান্না-বাটনাই তাদের আজীবনের অলিম্পিক।",Loading...
Non Misogynistic,মেয়েদের নিরাপত্তায় পুরুষদেরও সক্রিয় ভূমিকা নেওয়া উচিত।,Loading...
Derogation,সে নিজে একটা খারাপ মহিলা এবং ওর আশপাশে যারা আছে তারাও কোনো ভালো মানুষের সন্তান না,Loading...
Sexual Harassment,"আপুটা, বিকাশে যত টাকা লাগে পাঠাচ্ছি, এক রাতের ডিল কনফার্ম?",Loading...
Stereotype,মেয়েদের নিয়ে পার্লারে যাওয়া মানে সাময়িক সময়ের জন্য অনেক বড় লস,Loading...
Non Misogynistic,মেয়েটা একা ট্রেনে চেপে বসল কোথায় যাচ্ছে কাউকে বলেনি,Loading...
Non Misogynistic,দিদির খাদ্য বিতরণ কার্যক্রম চমৎকার,Didi's food distribution program is excellent.
Sexual Harassment,ডেট এক্সপায়ার হয়ে গেছো যতই সামনে এসে দেখাও লাভ হবে না,Loading...
Stereotype,মেয়েদের কোম্পানি বোর্ডে রাখলে মিটিং দীর্ঘ হয়,Loading...
Stereotype,"মানতেই হবে, গভীর বিষয় ভাবা তাদের ধাঁচে নেই।",Loading...
Derogation,"বুড়ি হয়েও বিয়ে করতে হবে তোমাকে, যৌবনের এত জ্বালা তোমার?",Loading...
Sexual Harassment,বয়সতো প্রায় শেষ তোমার জ্বালা মিটাবা কখন,Loading...
Stereotype,মেয়েরা ট্যাটু করলে সমাজ ভালো চোখে দেখে না,Loading...
Sexual Harassment,মেয়েটার নাভিটা দুলানো দেখে নিজেকে ঠিক রাখা যাচ্ছে না,Loading...
Derogation,"এটা কি কোন মেয়ের হাঁসি, নাকি হরমুজ প্রণালী?",Loading...
Derogation,মেয়েটা দেখতে খাইষ্টার মতো,Loading...
Non Misogynistic,আপু কাউকে দ্রুত বিচার করেন না,Loading...
Derogation,এই বেডি যা বলে তার দশ ভাগও করে না।,Loading...
Non Misogynistic,মেয়েটা তার অধিকার সম্পর্কে সচেতন এবং সেটা দাবি করতে দ্বিধা করে না।,Loading...
Non Misogynistic,লিঙ্গ সমতায় বিনিয়োগ মানে সমাজের ভবিষ্যতে বিনিয়োগ।,Loading...
Sexual Harassment,এই সুন্দরীর পাহাড় দুটো কদবেল ঝুলে যাওয়ার মতো,Loading...
Non Misogynistic,মেয়েরা ছেলেদের মতোই সব ক্ষেত্রে সমানভাবে সক্ষম,Loading...
Derogation,এই মহিলা ইসলামের নাম নেয় কিন্তু কাজে দেখায় না,Loading...
Sexual Harassment,এই মেয়ে কে পতিতালয় মন্ত্রী দিলে ভালো হইত,Loading...
Non Misogynistic,মহিলা ফটোগ্রাফার মুহূর্ত ধরে রাখার শিল্পী,Loading...
Derogation,এই মহিলার চিৎকার শুনলে মনে হয় কোথাও দুর্ঘটনা হয়েছে,Loading...
Stereotype,মেয়েদের বেশি উচ্চাকাঙ্ক্ষী হওয়া পরিবারের জন্য ক্ষতিকর,Loading...
Non Misogynistic,মেয়েটা নিজের স্বপ্নকে অগ্রাধিকার দিয়েছে এবং সফল হয়েছে।,Loading...
Derogation,এই মহিলার বয়সের কথা ভাবলে এই পোশাক মোটেও মানানসই না,Loading...
Stereotype,"মানতেই হবে, পড়াশোনার চেয়ে রান্নাবান্না শিখলে জীবন কাজে লাগবে, এটা মানতেই হবে।",Loading...
Derogation,এই মেয়েটার কান্নাকাটি সব সমস্যার সমাধান মনে করে,Loading...
Derogation,এই সব লোভী মহিলাদেরকে নিয়ে এত মাতামাতি করার কি আছে?,Loading...
Stereotype,"মেয়েরা আবার কীসের লং ড্রাইভ, পার্কিং করতেই দশবার ব্যর্থ",Loading...
Derogation,এই মেয়ের গাল এত মোটা যে হাসলে চোখ বন্ধ হয়ে যায়।,Loading...
Stereotype,মেয়েরা সুখে যত কাদে।জীবনে দুঃখেও এত কান্না আসেনা।,Loading...
Derogation,মেয়েটার মতো অকেজো গৃহিণী সংসারে থাকলে কষ্ট বাড়ে।,Loading...
Derogation,মেয়েটার আলো দিলে ওপাশে দেখা যাবে এত পাতলা শরীর,Loading...
Stereotype,"পাত্র পেলে আর না বলার মতো বিলাসিতা মেয়েদের নেই, তা না হলে সমাজ চলে কীভাবে?",Loading...
Non Misogynistic,আপুর বিজ্ঞানভিত্তিক চিন্তা প্রশংসনীয়,Loading...
Derogation,এই মেয়ে এত চিকন যে বাতাস দিলে উড়ে যাবে,Loading...
Non Misogynistic,বোনটি ছোট আনন্দ থেকেই বড় শক্তি পান,Loading...
Sexual Harassment,জ্বালা মিটানোর জন্য বাহিরে বের হচ্ছ নাকি ভাবি,Loading...
Non Misogynistic,নিজের ভুল স্বীকার করা একটা যোগ্যতার বিষয় যা এই মেয়ের আছে,Loading...
Sexual Harassment,আপু কি বেড এ সুয়ে সুয়ে শো দেখান নাকি?,Loading...
Stereotype,"অভিজ্ঞতা বলে, নিজের ইচ্ছায় চাকরি বদলানো মেয়েরা পরিবারের অশান্তির কারণ।",Loading...
Non Misogynistic,মহিলাটি অত্যন্ত মার্জিত ও পরিশীলিত,Loading...
Derogation,সার্জারি করে ঠোঁটটা এতো মোটা বানাইছে এখন কথা ও বলতে পারেনা,Loading...
Sexual Harassment,এই মাগিকে পা দুটো ঘাড়ে নিয়ে করতে চাই,Loading...
Stereotype,"মাইয়া মানুষ বিজ্ঞান পড়ে কি হবে, আর্টস নাও",Loading...
Derogation,ওই মেয়ের পুরো আউটফিট দেখলে মনে হয় রেডি হওয়ার পর আয়নার সামনে যায় নাই,Loading...
Sexual Harassment,মামণির মতো যৌনকর্মীর আবার কিসের ইজ্জত,Loading...
Derogation,এই বেডি অন্যের কৃতিত্ব নিজে নেয়।,Loading...
Derogation,মেয়েটার গৃহস্থালি জ্ঞান শূন্য।,Loading...
Non Misogynistic,মহিলা সংগঠনের নেত্রীটি নারী উন্নয়নে জাতীয় পুরস্কার পেয়েছেন।,Loading...
Derogation,এই মেয়ের শরীরের চর্বি দেখলে মাখন মনে পড়ে যায়,Loading...
Derogation,এই মেয়েটা অল্প বয়সে বেশি কথা বলে,Loading...
Stereotype,মেয়েদের মন এতই দুর্বল যে সাধারণ কথাও আঘাত হয়ে বসে।,Loading...
Derogation,এই মেয়ে কি জামা কাপড় পড়ার পরে আয়নায় একবারও নিজেকে দেখে না?,Loading...
Derogation,এই মেয়ে বিয়ের অনুষ্ঠানে শোকের পোশাক পরে আসে,Loading...
Sexual Harassment,"বৌদি সিক্রেট লিংক চাই, ৩০ মিনিটের ভিডিও",Loading...
Sexual Harassment,বডি খুইলা না দেখালে বিশ্বাস করবো না ট্যাটু আছে নাকি নাই,Loading...
Non Misogynistic,মহিলা পাইলটের দক্ষতা সবাইকে গর্বিত করে,Loading...
Stereotype,ক্লান্ত হলেও মেয়েদের রান্না করতে হবে,Loading...
Stereotype,বেশিরভাগ মেয়ের উচিত যেকোনো অভিযোগের আগে চুপ থাকা — এটাই সত্য।,Loading...
Sexual Harassment,"আপু তোমার উপরের গুল তো সুন্দর, নিচের টাও একটু দেখাও",Loading...
Stereotype,"দেখুন, অপরিচিত পুরুষ মানুষের সাথে কথা বলা মেয়েদের লজ্জা কম",Loading...
Stereotype,"যতই অস্বীকার করুক, বাড়ির বড়দের কথার পরে যুক্তি দেওয়া অশিক্ষার লক্ষণ, এটা মানতেই হবে।",Loading...
Sexual Harassment,তোমার সোনা তে হাত দিলে আঙুল ভিজে যাবে নিশ্চয়,Loading...
Non Misogynistic,মেয়েটার উদ্যোগে স্থানীয় শিশুদের বিনামূল্যে চিকিৎসা ব্যবস্থা হয়েছে।,Loading...
Sexual Harassment,রাস্তায় এত হট মাল দেখলে যৌবনের ধাক্কা তো দিবেই,Loading...
Sexual Harassment,এই মেয়ের লিংক হাতের মুঠোয়,Loading...
Derogation,মেয়েটাকে দেখে মনে হয় পর্দার আড়ালে থাকাই ভালো ছিল,Loading...
Derogation,এই মহিলা নিজেকে বিশেষজ্ঞ ভাবে অথচ মূলকথা বোঝে না,Loading...
Derogation,এই মহিলার সেলফিশ স্বভাব দেখলে অবাক লাগে।,Loading...
Non Misogynistic,"মেয়েটার সাফল্য সে পরিশ্রম করেছে বলেই, কোনো ভাগ্যের ব্যাপার নয়।",Loading...
Stereotype,"অভিজ্ঞতা বলে, পরিবারের অশান্তির পেছনে মেয়েদের লাগামছাড়া স্বাধীনতা দায়ী — এটাই বাস্তব।",Loading...
Non Misogynistic,মেয়েটার খেলার মাঠে অবদান দলকে সেরা ফলাফলে পৌঁছাতে সাহায্য করেছে।,Loading...
Non Misogynistic,মেয়েরা বাইরে কাজ করলেও রান্না শিখে রাখা উচিত,Loading...
Stereotype,মেয়েরা মুখের ওপর জবাব দিলে বাড়ির শান্তি নষ্ট হয় (যদিও অনেকেই মানতে চাইবে না)।,Loading...
Derogation,এর চেয়ে যাত্রাপালার নায়িকা অনেক সুন্দর,Loading...
Derogation,এই বেডির ত্বকের এই হাল দেখলে স্কিনকেয়ার বিজ্ঞাপন দিতে ইচ্ছা করে।,Loading...
Non Misogynistic,"মেয়েটার সাফল্যের পেছনে শুধু মেধা নয়, অদম্য পরিশ্রমও আছে।",Loading...
Sexual Harassment,তুই যদি একদম ল্যাংটা হয়ে ছবি দেউ ১০ লাখ দেব,Loading...
Non Misogynistic,"পরিবারে মেয়েটার কথাকে গুরুত্ব দেওয়া হয়, এটা একটি সুস্থ পরিবারের লক্ষণ।",Loading...
Sexual Harassment,কাপড় ছাড়া হলে আরও সুন্দর লাগতো তোমাকে,Loading...
Sexual Harassment,"মেয়েটা এতটুকু কাপড়ের কী দরকার, আরেকটু খুলে দেখালে সব দেখা যেত",Loading...
Non Misogynistic,মহিলা ভিডিও এডিটর কনটেন্টকে অন্য উচ্চতায় নিয়ে যান,Loading...
Stereotype,মেয়েদের জন্য ফিল্ড জব ঠিক না,Loading...
Sexual Harassment,মেয়েটার বুক দেখে মনে হয় বোমা ফেটে যাবে,Loading...
Stereotype,"মানতেই হবে, লিপস্টিকের রং যত গাঢ়, মেয়েদের চরিত্র তত প্রশ্নবিদ্ধ।",Loading...
Non Misogynistic,মেয়েটার অভিজ্ঞতা ও শিক্ষার প্রয়োগ তাকে পেশাদার জীবনে বিশেষ সুবিধা দিচ্ছে।,Loading...
Derogation,মেয়েটার জীবনযাত্রার মান দেখলে বোঝা যায় উন্নতি সম্ভব না।,Loading...
Non Misogynistic,মেয়েটার মিতব্যয়ী মনোভাব দারুণ,Loading...
Stereotype,"সত্যি বলতে নিজের পায়ে দাঁড়ানোর শখ মেয়েদের সংসারে ফাটল ধরায়, যুগ যুগ ধরে চলে আসছে।",Loading...
Derogation,এই মেয়েটা মানুষের সামনে নিজেকে উপস্থাপন করতে জানে না,Loading...
Non Misogynistic,মহিলা সঙ্গীতজ্ঞটির নতুন কম্পোজিশন শ্রোতাদের মুগ্ধ করেছে।,Loading...
Sexual Harassment,"অসম্ভব সুন্দর মেয়েটা,আমার তো মাথাই নষ্ট হয়ে যাচ্ছে পেলেই ঘিলে ফেলব",Loading...
Derogation,"তুমি যা পর তা তোমার মতো মেয়ের জন্য না, ক্লাসলেস",Loading...
Derogation,এই নটিদের কারণে আমাদের সমাজটা দিন দিন নষ্ট হয়ে যাচ্ছে,Loading...
Derogation,"বুড়ি মহিলা, তোমার আর জিম করে ও লাভ হবে",Loading...
Derogation,মেয়েটার দলগত কাজের দক্ষতা শূন্য,Loading...
Sexual Harassment,মেয়েটাকে আসলে ফ্রি তে কেউ খাবে নাকি সন্দেহ,Loading...
Derogation,এই মহিলার কষ্ট করার ক্ষমতা নেই,Loading...
Non Misogynistic,মহিলা বিশ্ববিদ্যালয় প্রশাসকটির সংস্কার পদক্ষেপগুলো শিক্ষার মান উন্নত করেছে।,Loading...
Stereotype,মেয়েমানুষ নিজের পায়ে দাঁড়াবে কেন? বিয়ে করলেই তো হয়,Loading...
Sexual Harassment,এই নায়িকাকে কতজন চেটেছে তার হিসাব কেউ রাখেনি,Loading...
Derogation,মেয়েটার এই বয়সে বিয়ে না হওয়াটাই বলে দেয় কেউ নিতে রাজি নয়,Loading...
Derogation,মেয়েটার মতামত দেওয়ার সময় জ্ঞানের অভাব স্পষ্ট,Loading...
Sexual Harassment,এই মেয়ের শো পাওয়ার পেছনে কতজনের সঙ্গে ঘনিষ্ঠতা ছিল কে জানে।,Loading...
Non Misogynistic,মহিলা কার্টুনিস্টটির সৃষ্টিশীল কাজ সামাজিক বার্তা পৌঁছে দিচ্ছে।,Loading...
Stereotype,"দেখুন, মাস শেষ হতে না হতেই মেয়েদের একাউন্ট ফাঁকা",Loading...
Non Misogynistic,মহিলা রাষ্ট্রদূতটি দ্বিপক্ষীয় সম্পর্ক উন্নয়নে কার্যকর ভূমিকা রাখছেন।,Loading...
Stereotype,মেয়েরা মেকআপ না করলে কাজে কেউ পাত্তা দেয় না,Loading...
Non Misogynistic,"মেয়েটার কাছে কোনো কিছু বুঝতে চাইলে, সে খুব সুন্দরভাবে বুঝাতে পারে",Loading...
Stereotype,"সবাই জানে, একা গাড়ি কিনে চালানো মেয়েদের ব্যক্তিত্বে দম্ভ আসে",Loading...
Non Misogynistic,বোনটির মানসিক প্রস্তুতি অসাধারণ,Loading...
Stereotype,রান্না বান্না না পারাটা মেয়েদের একটা ব্যর্থতা,Loading...
Non Misogynistic,দিদির পাঠ্যক্রমের বাইরের জ্ঞান চমৎকার,Loading...
Non Misogynistic,মেয়েটার পরিচ্ছন্ন ও স্বচ্ছ কাজের ধরন তাকে সবার বিশ্বাস অর্জন করিয়েছে।,Loading...
Sexual Harassment,"এদেরকে ডিজে না বলে, পতিতা বললে কি খুব বেমানান হয়?",Loading...
Derogation,কুটনিগিরি করা মেয়েটার স্বভাব,Loading...
Derogation,মেয়েটাকে দেখতে একদম নটিগোর মতো লাগতেছে,Loading...
Derogation,বেডি ভাবতাছে বেডিরে সুন্দর লাগতেছে অথচ সার্কাসের জোকার,Loading...
Sexual Harassment,"এই নায়িকা, এত কচি বয়সে মিসাইল এত বড় কীভাবে?",Loading...
Non Misogynistic,আপুর সাফল্য পেছনে অনেক পরিশ্রম রয়েছে,Loading...
Derogation,এই মেয়ে শয়তানের ১৪ নম্বর বাচ্চা,Loading...
Derogation,এই বেটির কথা শুনলে সত্যিই আমার গা জ্বালা করে।,Loading...
Non Misogynistic,মেয়েদের বিজ্ঞানে আগ্রহ দেখা মানে ভবিষ্যতের গবেষণাগার আরও সমৃদ্ধ হবে।,Loading...
Derogation,এই মহিলার নখ দেখলে মনে হয় রাক্ষসীর নখ কাটেনি অনেকদিন,Loading...
Derogation,মেয়েটার উপস্থাপনা দেখলে মনে হয় প্রস্তুতি শূন্য,Loading...
Non Misogynistic,বোনটির বুদ্ধিদীপ্ত সমাধান চমৎকার,Loading...
Sexual Harassment,তোমাকে উলঙ্গ করে ঘুরালে আমি ভিডিও করব,Loading...
Non Misogynistic,দিদির পঠনদক্ষতা প্রশংসনীয়,Didi's reading skills are commendable.
Derogation,এই মহিলার দ্বারা কোনো দায়িত্বশীল কাজ করানো সম্ভব না।,Loading...
Derogation,"এই মেয়ের মুখ চলে ঘড়ির কাঁটার মতো, থামার নাম নেই",Loading...
Stereotype,মেয়েরা হ্যাকার হলে কেউ বিশ্বাস করে না,Loading...
Sexual Harassment,"পেন্টি টা না পড়লেও হতো, তাহলে পরিষ্কার ভাবে সব দেখা যাইত",Loading...
Derogation,এই মেয়েটার ফেসবুক দেখলে মনে হয় সারাজীবন সেলফি তুলতেই কেটে যাবে,Loading...
Stereotype,"কম্পিউটার সায়েন্সে মেয়েরা শুধু সংখ্যাতেই থাকে, কাজে না — এটাই বাস্তব।","In computer science, women are only in numbers, not in practice — that's the reality."
Non Misogynistic,মেয়েটা কখনো কাউকে নিচু দেখিয়ে কথা বলেনি।,Loading...
Non Misogynistic,মেয়েটা বিনয়ী থেকে সুন্দর সাজেন,Loading...
Stereotype,"বউ যত নরম, সংসার তত সুন্দর — এটাই বাস্তব।",Loading...
Stereotype,মেয়ে মানুষ দিন দিন আরো অশালীন হয়ে যাচ্ছে,Loading...
Stereotype,জেদি মেয়েরা কারো সাথে একমত হয় না,Loading...
Non Misogynistic,আপুর নকশিকাঁথা ঐতিহ্যের প্রতিচ্ছবি,Loading...
Stereotype,"যে মেয়ে স্বামীকে অমান্য করে, সংসারে অভিশাপ নেমে আসে।",Loading...
Non Misogynistic,মেয়েটা যে অভিজ্ঞতার কথা বললে সেটা শুনে গায়ে কাঁটা দিল,Loading...
Derogation,এই মেয়ে অনেক কথা বলে কিন্তু সারবস্তু নেই,Loading...
Stereotype,"পুরুষের কাঁধে দায়িত্বের ভার সবসময়, মেয়েরা ভাগ করে নেয় না।",Loading...
Derogation,এই বুইড়া বেডির নষ্টামি কবে বন্ধ হবে এদেশে?,Loading...
Stereotype,"সবাই জানে, নারী মেকানিকের কথা শুনলে মানুষ আগে হাসে, তারপর পরীক্ষা করে, তা না হলে সমাজ চলে কীভাবে?",Loading...
Sexual Harassment,আপুটিকে কুকুরের সাথে দেওয়া যায় অনায়াসে,Loading...
Non Misogynistic,দিদির দল চালানোর দক্ষতা চমৎকার,Loading...
Non Misogynistic,কর্মক্ষেত্রে মেয়েদের নিরাপদ পরিবেশ নিশ্চিত করা প্রতিটি প্রতিষ্ঠানের দায়িত্ব।,Loading...
Derogation,এই মেয়ে মুখে এত আটা ময়দা মেখেছে তবুও রঙ বেরোচ্ছে না,Loading...
Non Misogynistic,মেয়েটার সাহিত্যকর্ম সমাজে আলোচনার জন্ম দিয়েছে।,Loading...
Stereotype,মেয়েমানুষের স্বভাব সব কথা বলে দেওয়া বন্ধুর কাছে গোপন কথা চলে যাওয়াটাই স্বাভাবিক।,Loading...
Sexual Harassment,"নর্তকী যত টাকা চাও দিতে রাজি, শুধু একবার বিছানায় যাও আমার সাথে",Loading...
Stereotype,"মেয়েরা প্রযুক্তি খাতে আসলে কোটায় আসে, মেধায় না",Loading...
Stereotype,আসলে মহিলারা সবসময় বেশি পড়াশোনা করতে গিয়ে বিয়ের জন্য পাত্র পাওয়া যায় না — এটাই সত্য।,Loading...
Non Misogynistic,ভাবি পরিবারের নতুন সদস্যকেও আপন করে নিয়েছেন,Loading...
Non Misogynistic,নারীর কণ্ঠ গণমাধ্যমে গুরুত্ব পাওয়া উচিত,Loading...
Non Misogynistic,আপুর আলোচনা পরিচালনার দক্ষতা প্রশংসনীয়,Loading...
Sexual Harassment,"আপু দেহ ব্যবসা চালিয়ে যাও, ভালোই আয় করছো",Loading...
Non Misogynistic,মেয়েটা অন্যদের আইডিয়াকেও গুরুত্ব দিয়ে শোনে,Loading...
Sexual Harassment,দিদি কে কেউ কিনে নিলে শ্পার্সোনাল রক্ষিতা পাবে,Loading...
Non Misogynistic,মেয়েটির সময় ব্যবস্থাপনা প্রশংসনীয়,Loading...
Stereotype,মেয়েরা রাগের মাথায় সম্পর্ক নষ্ট করে পরে আফসোস করে,Loading...
Non Misogynistic,মেয়ের সচেতনতা বাড়ানোর জন্য এধরনের পোস্ট আর প্রয়োজন,Loading...
Non Misogynistic,একটি সমতাভিত্তিক সমাজ সবার জন্যই আরও ভালো।,Loading...
Stereotype,"মফস্বলের মেয়েরা প্রায়শই নেতৃত্বে এমপ্যাথি আছে ঠিকই, কিন্তু কড়া হাত নেই, এটা মানতেই হবে।",Loading...
Sexual Harassment,নর্তকী আসলে ভাড়ায় চলিত মাল,Loading...
Stereotype,মডেলিং করা মেয়েরা ভালো পরিবারের হয় না,Loading...
Sexual Harassment,মেয়েটাকে আনা হয়েছে লোকের চাহিদা মেটানোর জন্য,Loading...
Stereotype,"যতই অস্বীকার করুক, একা রেস্টুরেন্টে বসে থাকা মেয়েদের উদ্দেশ্য স্বচ্ছ না।",Loading...
Derogation,মেয়েটার সাথে কথা বলতে গেলে ধৈর্য হারিয়ে যায়।,Loading...
Stereotype,"অভিজ্ঞতা বলে, মাছ-তরকারির স্বাদ ভালো না হলে স্বামীর মুখ ভার থাকে, এর দায় মেয়েদেরই",Loading...
Sexual Harassment,এমন জামা পড়ছে যে হোগা দেখা যাচ্ছে,Loading...
Sexual Harassment,এই সুন্দরীর মতো ৩০০ টাকার মাল কে ২ লাখে কিনবে,Loading...
Sexual Harassment,"এই সুন্দরী আসলে আবাসিক হোটেলের পাঁচশ টাকার খাওয়া মাল, করো বউ হওয়ার যোগ্য না",Loading...
Stereotype,"দেখুন, ছোট কথায় কেঁদে ফেলা মেয়েদের অভ্যাস",Loading...
Sexual Harassment,"আপু ইনবক্সে আসো, দশ হাজার দেব এক ঘণ্টার জন্য",Loading...
Non Misogynistic,বোনটির রান্নাঘর সাজানো এত গোছানো যে মুগ্ধ লাগে,Loading...
Stereotype,ছেলে বন্ধু বেশি থাকলে মেয়েদের চরিত্র নিয়ে সন্দেহ হওয়া স্বাভাবিক,Loading...
Non Misogynistic,মেয়েটার নতুন কিছু শেখার আগ্রহ চমৎকার,Loading...
Sexual Harassment,তোমাকে চোদতে কত ডলার লাগবে?,Loading...
Non Misogynistic,মেয়েটি যেকোনো পোশাকেই মার্জিত লাগেন,Loading...
Non Misogynistic,উনি যা বলেন তার পেছনে কারণ থাকে,Loading...
Sexual Harassment,দুষ্টুমি নষ্টমী করতে করতে কখন যে তার ফিগার বড় হয়ে যাচ্ছে আপু নিজেও জানেনা।,Loading...
Stereotype,"মেয়েদের পদচারণা যত সীমিত, চরিত্র তত স্বচ্ছ।",Loading...
Non Misogynistic,মেয়েটার মানসিক শক্তি বিরল,Loading...
Sexual Harassment,"আপু কোন পজিশন এ খেলতে চাও আমাকে বল, কি ডগি-স্টাইলে খেলবা আমার সাথে",Loading...
Stereotype,সত্যি বলতে মেয়েদের রাগ-হাসি-কান্না কোনোটাই সময় মেনে চলে না।,Loading...
Stereotype,কাঁচাবাজার করা মেয়েদের কাজ না,Loading...
Derogation,এই মহিলার বয়স কত ভাই দেখতে তো বুড়ি,Loading...
Stereotype,কোনো কাজে ঝুঁকি নেওয়া মেয়েদের জন্য একটা বোকামি,Loading...
Stereotype,প্রযুক্তিগত নির্দেশিকা পড়ে মেয়েরা খুব কমই বুঝতে পারে।,Girls rarely understand technical instructions.
Non Misogynistic,"আপু তুমি যেভাবে কষ্টের কথা শেয়ার করলে, চোখ ভিজে গেল",Loading...
Non Misogynistic,"মেয়েটার স্বামী ঘরের কাজে সমান অংশগ্রহণ করে, তাই সে নিশ্চিন্তে কাজ করতে পারে।",Loading...
Derogation,এই মহিলার উদ্ভাবনী ক্ষমতা শূন্য,Loading...
Non Misogynistic,মেয়েটার ভালোবাসার পরিধি বিস্তৃত,Loading...
Stereotype,মেয়েদের ইঞ্জিনিয়ারিং পড়া মানে সিট নষ্ট করা,Loading...
Derogation,এই মেয়ের আস্থার মাত্রা যোগ্যতার চেয়ে বেশি,Loading...
Sexual Harassment,ধরাধরি ডলা ডলির জন্য আপু আপনি সের্‌ আমাদের ও সুযোগ দিয়েন,Loading...
Sexual Harassment,"মামুনি শো-তে এত খোলামেলা কেন, বিকিনি পরে নামলে আরো ভাইরাল হতে",Loading...
Stereotype,আসলে প্রযুক্তি বিষয়ক কথা মেয়েদের মাথার ওপর দিয়ে যায়।,Loading...
Stereotype,সংসারের চাবিকাঠি মেয়েদের হাতে মানে রান্নাঘরের চাবিকাঠি,Loading...
Derogation,এই মেয়েটার শাড়ি পরা দেখেই মনে হচ্ছে মেয়েটা ভালো না।,Loading...
Sexual Harassment,"শরীরের উষ্ণতা ছড়াচ্ছেন, নাকি তৃষ্ণা মেটাচ্ছেন?",Loading...
Stereotype,মেয়েরা স্বামীর কথা না শুনলে সংসারে অশান্তির ঘ্রাণ স্পষ্ট — এটাই সত্য।,Loading...
Non Misogynistic,বোনটির লেখায় তথ্যের সমৃদ্ধি অনেক,Loading...
Sexual Harassment,আপুর অভিনয় প্রতিভার চেয়ে ব্যক্তিগত সম্পর্ক নিয়েই বেশি কথা হয়।,Loading...
Non Misogynistic,মেয়েটা চাকরির প্রথম দিন থেকেই টিমের সবার সাথে মিলে কাজ করেছে।,Loading...
Non Misogynistic,মেয়েটি অন্যকে সাহায্য করতে সবসময় প্রস্তুত,Loading...
Sexual Harassment,"দিদির দুধ এর বিজ্ঞাপন দিচ্ছ, রেট কী?",Loading...
Stereotype,ভেবে হাসি পায় যখন শুনি- নারী পুরুষ সমান সমান,Loading...
Non Misogynistic,মেয়েটার অঙ্কনের ধরন সম্পূর্ণ মৌলিক এবং অনুপ্রেরণাদায়ক।,Loading...
Stereotype,মেয়েরা শ্বশুরবাড়ির বড়দের কথা না মানলে অকৃতজ্ঞ,Loading...
Non Misogynistic,দিদির রিভিউ না দেখে এখন আর কিছু কিনি না,Loading...
Derogation,এই মেয়ের মানসিক নমনীয়তা শূন্য,Loading...
Non Misogynistic,দিদির উপন্যাস পাঠককে আকৃষ্ট করে,Loading...
Non Misogynistic,মেয়েটার কাজের মান দেখে বোঝা যায় সে কতটা যত্নশীল।,Loading...
Derogation,"মেয়েটা শুধু নিজের কথায় ভাবে, অন্যের কথা মাথায় নেই।",Loading...
Non Misogynistic,মেয়েটি অতীত ভুলে সামনের দিকে তাকান,Loading...
Non Misogynistic,মেয়েটার শান্ত মেজাজ দারুণ,Loading...
Stereotype,"বাড়ির চা পাতা, লবণ-হলুদ কোথায় আছে—এটাই মেয়েদের বই, এটা মানতেই হবে।",Loading...
Non Misogynistic,মেয়েটার সহানুভূতির গভীরতা অসাধারণ,Loading...
Derogation,"এ মেয়ের নিজের কোনও যোগ্যতা নেই, তার শরীর গঠনের কারনেই বেশি জনপ্রিয়",Loading...
Stereotype,"মেয়েরা সবসময় ঘর সামলাবে, এটাই তো একটা স্বাভাবিক বিষয়",Loading...
Non Misogynistic,"মেয়েটা চাপের মধ্যেও পড়া ছাড়েনি, এটা সত্যিকারের মনোবলের পরিচয়।",Loading...
Stereotype,মেয়েরা মোটরসাইকেল চালালে মানুষ অবাক হয়ে তাকায়।,Loading...
Stereotype,অফিসে গসিপ ছড়ানোয় মেয়েদের অবদান অনস্বীকার্য ,Loading...
Derogation,ওর মতো মেয়ে দেশের জন্য অভিশাপ,Loading...
Stereotype,"মানতেই হবে,মেয়েদের উচিত অজানা পুরুষের সঙ্গে সামাজিক যোগাযোগ মাধ্যমে কথা না বলা",Loading...
Sexual Harassment,মামণির গঠন দেখে হাত না মেরে থাকা যায় না,Loading...
Non Misogynistic,মহিলা গলফার নিখুঁত নিশানায় পারদর্শী,Loading...
Sexual Harassment,বুড়ির মতো যৌনকর্মীর আবার কিসের ইজ্জত,Loading...
Stereotype,নারীদের উচিত পরিবারের পুরুষ সদস্যদের পরামর্শ ছাড়া কোনো বড় সিদ্ধান্ত না নেওয়া।,Loading...
Non Misogynistic,কর্মজগতে মেয়েদের সংখ্যা বাড়লে বৈচিত্র্য আসে এবং কাজের মান উন্নত হয়।,Loading...
Sexual Harassment,"আপু একটু খেলতে দিবেন? আপনিও মজা পাবেন, আমিও মজা পাবো",Loading...
Sexual Harassment,এই মাগির দুধগুলো দুটো বুড়ির শুকনো নারকেলের মতো,Loading...
Non Misogynistic,আপুর নাচের ভঙ্গিমা মুগ্ধ করে দেয়,Loading...
Non Misogynistic,আপু তোমার এই ব্লগ পোস্টটা তিনবার পড়েছি এখন পর্যন্ত এতো ভালো লাগছে,Loading...
Non Misogynistic,মেয়েটার গবেষণার বিষয়টা জেনে অবাক হলাম,Loading...
Non Misogynistic,একা রাতে পার্কে বসে থাকা মেয়েদের জন্য সেফ না,Loading...
Sexual Harassment,"নিশ্চই ছেলেটার সাথে শুইছে, ছেলে সন্তান কনফার্ম",Loading...
Non Misogynistic,"মহিলা সার্জন অপারেশনে যে নির্ভুলতা দেখান, তা সহকর্মীদের কাছে অনুকরণীয়।",Loading...
Sexual Harassment,এই মেয়ের শরীর বিক্রি করে ভালো এ টাকা কামাচ্ছে,Loading...
Derogation,এদের মতো মেয়েদের জন্য যুবক সমাজ নষ্ট হচ্ছে,Loading...
Non Misogynistic,মেয়েটার সিদ্ধান্ত নেওয়ার ক্ষমতা ও দূরদর্শিতা সবার কাছে স্বীকৃত।,Loading...
Derogation,এ মেয়ের রান্নার স্বাদ দেখলে রান্নাঘর থেকে পালিয়ে যেতে হয়,Loading...
Non Misogynistic,"মেয়েটা নিজে উপার্জন করে, নিজে খরচ করে, নিজের ভবিষ্যৎ নির্মাণ করছে।",Loading...
Stereotype,মেয়েদের মন এতই দুর্বল যে সাধারণ কথাও কষ্ট পেয়ে কান্না করে দেয়,Loading...
Stereotype,মেয়ে হয়ে গিটার শিখার কি প্রয়োজন?,Loading...
Non Misogynistic,মেয়েটার জীবনের প্রতিটি চ্যালেঞ্জ তাকে আরও শক্তিশালী করে তুলেছে।,Loading...
Non Misogynistic,মেয়েটি একদম বাবার কপি,Loading...
Derogation,এই মহিলার হাসি দেখলে মনে হয় হলুদ রঙের ডিব্বা,Loading...
Stereotype,মেয়েরা হার্ড সায়েন্সে ছেলেদের সমান হওয়ার চেষ্টা না করাই ভালো,Loading...
Sexual Harassment,"এই বেটি রিলে নাচ না, শরীর দেখায় শুধু",Loading...
Derogation,এই মহিলার অতিরিক্ত মন্তব্য বিরক্তির কারণ,Loading...
Stereotype,সত্যি বলতে মেয়েরা চাকরি করলে ঘর-অফিস কোনোটাই ঠিকমতো হয় না।,Loading...
Sexual Harassment,মামুনি ব্লাউজের পেছন কেটে কাকে দেখাচ্ছ?,Loading...
Sexual Harassment,শাড়ি পরার নামে জায়গা জমি দেখাচ্ছে।।,Loading...
Sexual Harassment,এই নায়িকাকে আমার গোপন রক্ষিতা বানাতে পারলে আর কিছু চাইতাম না,Loading...
Derogation,এই মেয়েটার কারণে পুরো দলের মান নষ্ট হয়।,The quality of the entire team is ruined because of this girl.
Derogation,মেয়েটার এই দম্ভ একদিন ভাঙবে।,Loading...
Sexual Harassment,বেটির নিচে চুষলে স্বাদ কেমন হবে কে জানে,Loading...
Non Misogynistic,মেয়েটা নিজে সিদ্ধান্ত নেওয়ার অধিকার রাখে এবং সে অধিকার ব্যবহার করে।,Loading...
Stereotype,"মেয়েরা টেক গ্যাজেট বোঝে না, ছেলেরা কিনে দেয়",Loading...
Stereotype,মেয়েরা ইনভেস্টমেন্ট বা শেয়ার মার্কেট বুঝতে পারে না,Loading...
Non Misogynistic,"আপু একসাথে অনেক ভাষা শিখছেন, যা অনুপ্রেরণাদায়ক",Loading...
Non Misogynistic,দিদির বচনে জ্ঞান ও বিনয় দুটোই আছে,Loading...
Non Misogynistic,প্রতিটি মেয়ে তার নিজস্ব মানসিক শক্তির মাধ্যমে জীবনের যেকোনো চ্যালেঞ্জ মোকাবিলা করতে পারে।,Loading...
Non Misogynistic,মেয়েদের বিজ্ঞান ও প্রযুক্তি শিক্ষায় সমান সুযোগ দিলে দেশ লাভবান হবে।,Loading...
Sexual Harassment,এই সুন্দরী কাপড়ের কী দরকার লেংটা হয়ে দাঁড়ালে অনেক অ্যাওয়ার্ড পাবে,Loading...
Derogation,"মেয়েটার মধ্যে কোনো ভদ্রতা নাই, বাজে একটা মেয়ে",Loading...
Stereotype,মেয়েরা এক লাইন বেশি বোঝে,Loading...
Non Misogynistic,নারীর ক্ষমতায়ন জাতির ক্ষমতায়ন,Loading...
Sexual Harassment,"মামণির পাছা বিক্রি করলে দাম বলো, ইনবক্সে অপেক্ষা করছি",Loading...
Non Misogynistic,দিদির ছোট ছোট ধারণা বড় পরিবর্তন এনেছে,Loading...
Derogation,মেয়েটার মতো ঝগড়াটে বউ কেউ চায় না।,Loading...
Non Misogynistic,মহিলাটি অত্যন্ত পেশাদার,Loading...
Derogation,এই মেয়েটার গসিপ করার অভ্যাস বাদ দিলে আর কোনো শখ নেই,Loading...
Non Misogynistic,মেয়েদের মর্যাদা ও অধিকার রক্ষায় সবাইকে একসাথে কাজ করতে হবে।,Loading...
Stereotype,বেশি বয়সে বিয়ের কথা উঠলে নারীদের নিয়ে ঠাট্টা করা হয়।,Loading...
Stereotype,মেয়েরা মিনিস্টার হলে দেশের উন্নতি কমে,"If women become ministers, the country's progress will slow down."
Derogation,এই মেয়ে পরনিন্দায় পারদর্শী,Loading...
Sexual Harassment,মামুনি আমার সাথে বাড়াবাড়ি করলে প্রাইভেট ভিডিও সবাইকে পাঠিয়ে দেব,Loading...
Sexual Harassment,"একদম উলঙ্গ হয়ে আসলেই হতো, আমরা আরো মজা পেতাম",Loading...
Sexual Harassment,মহিলার কোমরের গঠন টা চেটে খেতে চাই,Loading...
Sexual Harassment,এই মেয়ের ঢোল ছাড়া ভিডিওতে কিছুই নড়ছে না,Loading...
Stereotype,"দেখো, পাবলিক স্পিকিংয়ে কণ্ঠ কাঁপাকাঁপি মেয়েদের জন্মগত।",Loading...
Sexual Harassment,"কতো বড় বড় দুধ, খালি মনে হয় ধরি",Loading...
Non Misogynistic,কাকিমার মতো ভালোবাসা সচরাচর পাওয়া যায় না,Loading...
Stereotype,বেশিরভাগ মহিলা স্বভাবগতভাবেই নেতা হিসেবে দাঁড়ালেও কেউ গুরুত্বের সঙ্গে নেয় না।,Loading...
Non Misogynistic,বোনটির রিসাইক্লিং উদ্যোগ অনুপ্রেরণা,Loading...
Sexual Harassment,নিজের শরীর দেখিয়ে টাকা রুজি করতে হবে?,Loading...
Sexual Harassment,"ভালো ব্যবসা, রিস্ক নাই খালি লেংটা হয় ঘুরাফেরা আর ছেলেদের মাথা নষ্ট করা",Loading...
Non Misogynistic,মেয়েদের কর্মক্ষেত্রে সম্মান প্রাপ্য,Loading...
Stereotype,সংসারের ব্যাপারে মেয়েদের পরামর্শ শোনা উচিত না,Loading...
Stereotype,মেয়েদের কাছে হাসব্যান্ড ম্যাটেরিয়াল হয় অন্যজনের জামাই,Loading...
Sexual Harassment,এই ডিজের কোমর দুলানো দেখে মাথা ঘুরে যাচ্ছে,Loading...
Non Misogynistic,মাসির হাসিতে পুরো বাড়ি আনন্দে ভরে যায়,Loading...
Sexual Harassment,মহিলা বিয়ের আগে কতজনের সাথে শুয়েছিলে বলো,Loading...
Non Misogynistic,মেয়েটার কাজের মধ্যে একটা উদ্দেশ্যবোধ আছে যা তাকে প্রতিদিন এগিয়ে যেতে অনুপ্রাণিত করে।,Loading...
Sexual Harassment,এই ডিজে খানকি মাগি এর আবার ডিমান্ড ও আছে,Loading...
Sexual Harassment,এই বুড়ি মেয়েকে শেষ পর্যন্ত সবাই খাবে,Loading...
Stereotype,মেয়েরা স্বামীর বাড়িতে গেলে নতুন সদস্য হিসেবে নমনীয় হওয়া উচিত,Girls should be flexible as new members when they go to their husband's house.
Sexual Harassment,খাট কাপানোর জন্য দুই দিন পর পর দুবাইয়ের ছেলেদের কাছে যায়,Loading...
Derogation,এই মেয়ের হস্তক্ষেপ সবকিছু গণ্ডগোল করে দেয়,Loading...
Sexual Harassment,তার মানে ঘরেও শরীর দেখাও বাইরেও শরীর দেখা ও,Loading...
Derogation,এই নটীর মেয়ে কে দেখতেই ইয়াবা খোর লাগতেছে।,Loading...
Derogation,মেয়েটার উচ্চতার জন্য পর্দার সামনে দাঁড়ালে ভালো দেখায় না।,Loading...
Stereotype,"দেখুন, প্রতিবেশীর হাঁড়ির খবর সংগ্রহে মেয়েদের কোনো প্রতিদ্বন্দ্বী নেই, স্বীকার করুক বা না করুক।",Loading...
Derogation,মেয়েটার মন্তব্য শুনলে বোঝা যায় ওর কোনো যোগ্যতায় নাই,Loading...
Non Misogynistic,মহিলা পরিবেশ আইনজীবী প্রকৃতির পক্ষে লড়াই করেন,Loading...
Non Misogynistic,"দিদির সফলতা আকস্মিক নয়, তা পরিশ্রমলব্ধ",Loading...
Non Misogynistic,আপু চিরাচরিত পথের বাইরে চিন্তা করতে পারেন,Loading...
Non Misogynistic,দিদির বিশ্লেষণাত্মক ক্ষমতা অসাধারণ,Loading...
Stereotype,মেয়েরা কঠিন সিদ্বান্ত আবেগ দিয়ে নিয়ে পরে আফসোস করে,Loading...
Non Misogynistic,"মেয়েটা জাতীয় ক্রিকেট দলে সুযোগ পেয়েছে, দেশের গর্ব।",Loading...
Non Misogynistic,বাহ্! মিষ্টি লাগছে অনেক,Loading...
Derogation,তুমি এত বড় বড় স্বপ্ন দেখো কিন্তু ছোট একটা কাজও ঠিকমতো করতে পারো না।,Loading...
Derogation,মেয়েটা চুল কালো করার চেষ্টা করে কিন্তু রঙ উঠে যায়।,Loading...
Non Misogynistic,মেয়েটার আত্মসম্মানবোধ তাকে নিজের মূল্য সম্পর্কে সচেতন রাখে।,Loading...
Non Misogynistic,মেয়েদের বিরুদ্ধে সাইবার বুলিং প্রতিরোধে অভিভাবক ও প্রতিষ্ঠানের ভূমিকা রাখা উচিত।,Loading...
Non Misogynistic,বোনটির ত্রাণ কার্যক্রম সংগঠিত এবং কার্যকর,Loading...
Derogation,মেয়েটার রান্নার মান দেখলে মনে হয় হোটেলে খাওয়াই ভালো।,Loading...
Stereotype,অনেক পরিবার এখনও কন্যাসন্তানের জন্মকে হতাশার কারণ মনে করে।,Loading...
Stereotype,"যুগ যুগ ধরে দেখে আসছি, বউ যত নরম, সংসার তত সুন্দর — এটাই বাস্তব।",Loading...
Stereotype,মেয়েরা রাত করে জেগে থাকলে কী করে তা ভাবলে মাথা গরম হয়,Loading...
Derogation,এই মেয়েটা ভিউ পাওয়ার জন্য যা খুশি করে,Loading...
Stereotype,নারীদের আসল জায়গা বাসা আর রান্নাঘর,Loading...
Non Misogynistic,"মেয়ে বা ছেলে, মানুষ হিসেবে সবার সমান মর্যাদা পাওয়া উচিত।",Loading...
Non Misogynistic,মহিলা কোচটির নেতৃত্বে দলটি জাতীয় চ্যাম্পিয়নশিপ জিতেছে।,Loading...
Sexual Harassment,"আপুর দুধের দাম অনেক, তাইতো নাড়িয়ে দেখায়","Your milk is expensive, so you show it off."
Sexual Harassment,কুকুরের মতো না কুকুরই তোমার পিছনে ঘুরবে কুত্তা স্টাইল লাগানোর জন্য,Loading...
Stereotype,অফিসের বস যখন মেয়ে তার মানে একটু বেশিই কড়া,Loading...
Non Misogynistic,মেয়েদের প্রতি সমতার দৃষ্টিভঙ্গি থাকলে সমাজ আরও শক্তিশালী হয়।,Loading...
Derogation,মেয়েটার মনে হয় চামড়ার ব্যবসা ভালই হচ্ছে,Loading...
Sexual Harassment,এই সুন্দরীকে পেলে মাথা ঠিক থাকবে না,Loading...
Derogation,"মেয়েটার ব্যবসার বুদ্ধি শূন্য, তাই প্রতিটা উদ্যোগ ডুবে যায়।",Loading...
Derogation,এই ধরনের মেয়েরা সমাজে নষ্টামি ছড়াচ্ছে,Loading...
Derogation,মেয়েটার মাথায় গোবর ছাড়া আর কী আছে সন্দেহ হয়,Loading...
Sexual Harassment,সব খুলে ফেললে কি সমস্যা হতো? কিছুই দেখতে পারছি না,Loading...
Derogation,মেয়েটার বক্তৃতা এত ঘুম পাড়ানো যে দর্শক ঘুমিয়ে যায়।,Loading...
Non Misogynistic,দিদির সাহস তরুণ প্রজন্মের জন্য উদাহরণ,Loading...
Non Misogynistic,মেয়েটা কারো বিরুদ্ধে পিছনে কথা বলে না,Loading...
Derogation,"তুমি একটা বাজারের মেয়ে, নিষিদ্ধ পল্লি তোমার ঠিকানা",Loading...
Stereotype,মেয়েরা শুধুই একটি ভোগপণ্য,Loading...
Non Misogynistic,আপু তুমি যা বললে সেটা হুবহু আমার জীবনের সাথে মিলে গেল,Loading...
Stereotype,মেয়েরা টেকনোলজির ব্যাপারে ছেলেদের থেকে একটু কম বোঝে,Loading...
Non Misogynistic,আপুর অধ্যয়নের অভ্যাস অনুপ্রেরণাদায়ক,Loading...
Sexual Harassment,এই সুন্দরীর বুকের গভীর গুহায় একটু জায়গা দাও,Loading...
Derogation,মেয়েটার ভান দেখলে মনে হয় থিয়েটারের অভিনয় করছে,Loading...
Non Misogynistic,দিদির গবেষণা উপস্থাপনা মানসম্পন্ন,Loading...
Sexual Harassment,আপু তোমার নিচের অংশ বিক্রি করবা? রেট কত?,Loading...
Non Misogynistic,দিদির রসুনের চাষ পদ্ধতি কাজে লাগে,Loading...
Derogation,এই মেয়েকে দেখলে মনে হয় ভদ্রতা শব্দটা অভিধানে নেই,Loading...
Sexual Harassment,আপু আরেকটু খুল আমরা দেখার জন্য অপেক্ষা করছি,Loading...
Non Misogynistic,"মেয়েদের আত্মনির্ভরশীলতা শুধু তাদের নয়, পুরো পরিবারের শক্তি বাড়ায়।",Loading...
Derogation,এই মেয়েটার বুদ্ধির দৌড় দেখলে হাসি পায়,Loading...
Derogation,এই বেডির মতো হতাশাবাদী মানুষের সাথে থাকা কঠিন।,Loading...
Derogation,বুড়ি বয়সে কত ঢং দেখাবে মানুষ,Loading...
Sexual Harassment,আপুটিকে অনুষ্ঠান শেষে খেয়ে ছেড়ে দিবে,Loading...
Non Misogynistic,দিদির পরিধান সংস্কৃতি ও আধুনিকতার সংমিশ্রণ,Loading...
Stereotype,মেয়েরা মুখের ওপর জবাব দিলে বাড়ির শান্তি নষ্ট হয়।,Loading...
Non Misogynistic,নারী নেতৃত্ব মানে আরও বৈচিত্র্যময় ও অন্তর্ভুক্তিমূলক সিদ্ধান্তগ্রহণ প্রক্রিয়া।,Loading...
Stereotype,সত্যি বলতে রান্না না জানা মেয়ে নিয়ে কে ঘর করতে চায়।,Loading...
Non Misogynistic,বোনটি নিজের পায়ে দাঁড়ানোর সিদ্ধান্ত নিয়েছেন,Loading...
Non Misogynistic,মেয়েটা প্রতিদিন নিজেকে আগের চেয়ে একটু বেশি উন্নত করার চেষ্টা করে।,Loading...
Non Misogynistic,মেয়েটার নেতৃত্বে দলটি অসম্ভব মনে হওয়া কাজটি সম্ভব করে দেখিয়েছে।,Loading...
Stereotype,মহিলা সাংবাদিক মানে প্রতিবেদন একচোখা হবে,Loading...
Sexual Harassment,মেয়েটাকে দেখলেই রেপ করতে মন চায়,Loading...
Non Misogynistic,মহিলা সামাজিক নেত্রীটির নেতৃত্বে সম্প্রদায় কঠিন সংকট থেকে বেরিয়ে এসেছে।,Loading...
Stereotype,আজকালকার মেয়েদের বাহাদুরি দেখানো মানেই ঘরে অশান্তি ডেকে আনা।,Loading...
Derogation,২ পয়সার শিল্পী হয়ে মেয়েটা কোটি টাকার ভাব দেখায়,Loading...
Stereotype,"যারা নিজে গাড়ি চালিয়ে কর্মস্থলে যায়, সেই মেয়েরা নাকি বেশি অহংকারী হয়।",Loading...
Stereotype,"মেয়েরা লিডারশিপ নিতে চায় না, পিছনে থেকেই কাজ করতে বেশি কমফোর্ট ফিল করে",Loading...
Derogation,"সার্জারীর পর থুতনি টা নিচে নেমে গেসে, দেখতে আরো খারাপ লাগে এখন এই মেয়েরে",Loading...
Derogation,মেয়েটার আত্মধারণা বাস্তবতার সাথে মেলে না,Loading...
Non Misogynistic,মেয়েটা নিজেকে ভালোভাবে জানে এবং নিজের সীমাবদ্ধতা ও শক্তি উভয়ই স্বীকার করে।,Loading...
Sexual Harassment,মহিলাকে দেখলেই মনে হয় এক্ষুনি যৌবনের নাচ শুরু করবে,Loading...
Derogation,বিয়ের পর আরো বেশি নেকা হয়ে গেছে মেয়েটা,Loading...
Non Misogynistic,মেয়েটার আত্মসম্মানবোধ তাকে অবমানজনক পরিস্থিতি থেকে দূরে রাখে।,Loading...
Non Misogynistic,বোনটি অন্যায় দেখে চুপ করে থাকেন না,Loading...
Non Misogynistic,আপনি আমার প্রিয় একজন মানুষ।,Loading...
Derogation,"এই মহিলার মেকআপ এত ভারী যে মুখ দেখা যায় না, ফেইক সুন্দরী",Loading...
Sexual Harassment,তোর দুধগুলো যখন ছিঁড়ে পড়বে তখন আমি নিয়ে দৌড় দিব।,Loading...
Stereotype,মেয়েরা সংসদে বক্তৃতা দিলে মানুষ মনোযোগ কম দেয়,Loading...
Stereotype,"যতই অস্বীকার করুক, স্বামীর সামনে মাথা উঁচু রাখা মেয়েদের অহংকারের পরিচায়ক — এটাই সত্য।","No matter how much they deny it, holding their heads high in front of their husbands is a sign of pride for women — that's the truth."
Non Misogynistic,মেয়েটা অন্যায় দেখলে চুপ থাকতে পারে না,Loading...
Non Misogynistic,মেয়েটা কারো সাহায্য ছাড়াই ব্যবসা শুরু করে সফল হয়েছে।,Loading...
Stereotype,"মেয়েমানুষের পরিচ্ছন্নতা যত নিখুঁত, সংসারে গ্রহণযোগ্যতা তত বেশি",Loading...
Sexual Harassment,এভাবে ডাকলে খদ্দের আসবে? সবটা খুলে ডাকতে হবে,Loading...
Stereotype,একটা ছেলের জীবন শেষ করতে একটা মেয়েই যথেষ্ট,Loading...
Sexual Harassment,তোমার শারীরিক বৈশিষ্ট্য নিয়ে অশোভন ও যৌন ইঙ্গিতপূর্ণ মন্তব্য করা হচ্ছে।,Loading...
Non Misogynistic,"মেয়েটা প্রতিদিন কিছু না কিছু নতুন শিখছে, এই অভ্যাসটা তাকে এগিয়ে রাখে।",Loading...
Derogation,এই মেয়ের পক্ষে কঠিন কোনো কাজ আশা করা যায় না,Loading...
Non Misogynistic,নারী ভাষা গবেষক ভাষাকে সমৃদ্ধ করেছেন,Loading...
Non Misogynistic,মহিলা পরিবহন বিশেষজ্ঞটি শহরের ট্র্যাফিক সমস্যা সমাধানে কাজ করছেন।,The female transportation expert is working to solve the city's traffic problems.
Sexual Harassment,তোকে কেউ আবাসিক হোটেল অথবা যৌনপল্লীর চামড়া ব্যবসায়ী বলে ডাকলে আরো বেশি ভালো লাগে,Loading...
Sexual Harassment,মেয়েটা দেখতে পুরো কোচি ডাব মনে হয় মিষ্টি হবে,Loading...
Sexual Harassment,এত দেখাইতে মন চাইলে খুলে দেখালেই তো হয় নাটক করার কি আছে,Loading...
Stereotype,"চাকরিজীবী মেয়েদের হাসি যত নিয়ন্ত্রিত, পরিবার তত গর্বিত — এটাই বাস্তব।",Loading...
Non Misogynistic,মহিলা নৃতত্ত্ববিদ মানব সমাজকে গভীরভাবে গবেষণা করেন,Loading...
Sexual Harassment,এই মহিলার ফিগার দেখলে জিম মালিক কাঁদবেন,Loading...
Non Misogynistic,মেয়েদের স্বাধীন চিন্তা ও সিদ্ধান্তগ্রহণ ক্ষমতাকে উৎসাহিত করা উচিত।,Loading...
Stereotype,মেয়েরা সায়েন্টিফিক গবেষণায় তেমন অবদান রাখেনি,Loading...
Non Misogynistic,আপু প্রকৌশলে নতুনত্ব আনছেন,Loading...
Stereotype,মেয়েদের জীবনের সিদ্ধান্ত তাদের পরিবার নেবে,Loading...
Non Misogynistic,একটি মেয়েকে সমান সুযোগ দিলে সে পরিবার ও সমাজ দুটোকেই শক্তিশালী করে।,Loading...
Stereotype,"বলে রাখি, অফিসের ক্লায়েন্ট ভিজিটে কেবল সাজসজ্জাতেই সময় চলে যায়।",Loading...
Stereotype,"মেয়েরা ইঞ্জিনিয়ারিং পড়ে সিট দখল করে, ছেলেরা বঞ্চিত হয়",Loading...
Non Misogynistic,আপু কারোর পেছনে কথা বলেন না,Loading...
Non Misogynistic,মেয়েটার সৃজনশীলতা প্রতিটি কাজে ফুটে ওঠে,Loading...
Stereotype,"মেয়েরা আবার কীসের সম্পত্তি, স্বামীর নামে থাকলেই তো হয়",Loading...
Derogation,এই মেয়েকে দেখলে মনে হয় ডাইনোসরের বংশধর বেঁচে আছে,Loading...
Non Misogynistic,মেয়েদের বিরুদ্ধে সব ধরনের সহিংসতা ও বৈষম্যের বিরুদ্ধে সমাজ ঐক্যবদ্ধ হওয়া উচিত।,Loading...
Derogation,এই মেয়েটার চুল কাটার পরে আরো কুৎসিত লাগছে,Loading...
Non Misogynistic,দিদির উপস্থিতি যেকোনো পরিবেশকে আলোকিত করে,Loading...
Non Misogynistic,নারীর স্বপ্ন বাস্তবায়নে সমাজের পাশে থাকা উচিত,Loading...
Stereotype,মেয়েদের সাফল্যকে মেধার বদলে বিশেষ সুবিধার ফল বলা হয়।,Loading...
Non Misogynistic,মেয়েটি গ্রাম থেকে শহরে এসে নিজেকে প্রতিষ্ঠা করেছেন,Loading...
Non Misogynistic,আপুর রান্নার ভিডিও দেখে সত্যিই বানাতে ইচ্ছে করছে,Loading...
Non Misogynistic,পরিবারের সহায়তায় মেয়েটা তার স্বপ্নকে বাস্তবে পরিণত করতে পেরেছে।,Loading...
Non Misogynistic,দিদি কাউকে দোষ না দিয়ে নিজে সমাধান বের করেন,Loading...
Non Misogynistic,মেয়েটার কাজ ও জীবনধারা দেখে বোঝা যায় সে সত্যিকারের একজন উদ্যমী মানুষ।,Loading...
Derogation,এই মহিলার নাচের পারফরম্যান্স একদম জঘন্য,Loading...
Derogation,ইনি পৃথিবীর সবচেয়ে বড় বেশরম মহিলা,Loading...
Derogation,ওর কোয়ালিটির মধ্যে আছে শুধু লুকটাই,Loading...
Non Misogynistic,পিসির হাতের গয়নায় ঐতিহ্যের ছাপ,Loading...
Non Misogynistic,নারীরা এখন অনেক এগিয়ে গেছে,Loading...
Non Misogynistic,মেয়েটার এই হ্যান্ডিক্রাফটগুলো দেখে শিল্পের মানে বুঝলাম,Loading...
Sexual Harassment,"বেটি ভালো ভালোয় চলো, নাহলে প্রাইভেট ভিডিও সবাইকে পাঠিয়ে দেব",Loading...
Sexual Harassment,"এই নায়িকার মতো একটা মেয়ে যদি বউ হতো, ডেইলি খাট ভাঙতাম",Loading...
Stereotype,"যে মেয়ে সহ্য করতে জানে, সেই মেয়েই ভালো ঘরের লক্ষী বউ হয়।",Loading...
Derogation,এই মেয়ের পোশাক দেখলে মনে হচ্ছে রঙের কারখানায় দুর্ঘটনা হয়েছে,Loading...
Stereotype,"নিজের ব্যবসা শুরু করা মেয়েদের পেছনে কোনো ছেলের নাম থাকেই, এটা মানতেই হবে।",Loading...
Non Misogynistic,দিদির মুখে কখনো অভিযোগ শুনিনি,Loading...
Sexual Harassment,"এই নায়িকা ১৮+ ভিডিও থাকলে আপলোড করো, না হলে নাচ বন্ধ করো",Loading...
Non Misogynistic,মেয়েটার কাজের মান ও ধারাবাহিকতা তাকে একজন নির্ভরযোগ্য পেশাদার করেছে।,The quality and consistency of her work has made her a reliable professional.
Non Misogynistic,মেয়েটি বৃদ্ধদের সঙ্গী হয়ে গল্প করেন,Loading...
Non Misogynistic,বোনটির হাসিতে প্রশান্তি আছে,Loading...
Sexual Harassment,এই মাগি বাজাঁরে গেলে আরো বেশি টাকা পাবে,Loading...
Stereotype,মেয়েরা বিয়ে বাদ দিয়ে ক্যারিয়ারে ফোকাস করলে বৃদ্ধ বয়সে কাঁদবে,Loading...
Non Misogynistic,মেয়েদের স্বাস্থ্যসেবায় সমান প্রবেশাধিকার নিশ্চিত করা জাতীয় কর্তব্য।,Loading...
Derogation,মেয়েটা এত বোকা যে ক্যালকুলেটর চালাতেও গুগল লাগে।,Loading...
Sexual Harassment,এইরকম লেংটা শাড়ি পরার থেকে খুলে আসলেই আরো ভালো লাগত,Loading...
Derogation,কথার আগে এই মেয়ের দাত বের হয়ে যায় । দাতাল কোথাকার,Loading...
Stereotype,মেয়ে হয়ে এত মতামত দিলে বিয়ে করবে কে,Loading...
Derogation,এই বেডির এত বড় মুখ দিয়ে তো হাঙ্গর মাছ যাওয়া আসা করতে পারবে,Loading...
Stereotype,মেয়েরা অফিসের ব্যক্তিগত বিষয় বাইরে বলে ফেলে,Loading...
Non Misogynistic,মেয়েটা প্রতিটি অভিজ্ঞতা থেকে কিছু না কিছু শিখে নেয়।,Loading...
Non Misogynistic,প্রতিটি মেয়ে তার স্বপ্ন পূরণে সমাজের বাধাহীন সহায়তা পাওয়ার অধিকার রাখে।,Loading...
Non Misogynistic,মেয়েমানুষের স্বামী সংসার ঠিক থাকলে সুখে থাকে,Loading...
Derogation,এই বেডির ত্বক দেখে মনে হয় বরফে রাখা মাছ।,Loading...
Non Misogynistic,মহিলা নৃত্যপরিচালকটির কোরিওগ্রাফি ঐতিহ্য ও আধুনিকতার সুন্দর সমন্বয়।,Loading...
Stereotype,"প্রজেক্টের চাপ এলে কান্নাকাটি করে নিজেকে বাঁচায়, স্বীকার করুক বা না করুক।",Loading...
Derogation,"মেয়েটা নিজে রান্না করতে পার না, তবে রাঁধুনির সমালোচনা করে কেন?",Loading...
Non Misogynistic,পরিবার থেকে শুরু করে রাষ্ট্র পর্যন্ত প্রতিটি স্তরে মেয়েদের নিরাপত্তা নিশ্চিত করতে হবে।,Loading...
Non Misogynistic,মহিলা ক্রীড়া সংগঠকটি তরুণ মেয়েদের খেলাধুলায় যুক্ত করতে অক্লান্তভাবে কাজ করছেন।,Loading...
Sexual Harassment,এই মেয়েকে যৌবনে তাড়া করছে,Loading...
Sexual Harassment,"এই বুড়ি, ওড়না ছাড়াই এসেছ যখন, বাকিটাও খুলে ফেলো, আমরাও একটু মজা পেতাম",Loading...
Stereotype,"নারীরা বরাবরই অভিমানের সাগর হয়ে বসে থাকে, বাইরে যাওয়া বন্ধ — এই কথাটা কখনোই পুরোনো হবে না।",Loading...
Stereotype,"বলে রাখি, চাকরিজীবী মেয়েদের উচিত রাতে দশটার আগে বাড়ি ফেরা।",Loading...
Sexual Harassment,এই ডিজের পেট টা চেটে খেতে চাই,Loading...
Stereotype,"বাড়ির চা পাতা, লবণ-হলুদ কোথায় আছে—এটাই মেয়েদের সিলেবাস।",Loading...
Sexual Harassment,"এই ডিজের ঢোল এত বড় কীভাবে, কতজন টিপেছে?",Loading...
Stereotype,"মানতেই হবে, কম পড়াশোনা করা মেয়েই বউ হিসেবে নিরাপদ পছন্দ।",Loading...
Sexual Harassment,তোমাকে কুকুরের সাথে দেয়া যায়,Loading...
Derogation,এই মহিলার বাবা রিক্সাচালক বলে কি ভাব দেখাবে?,Loading...
Stereotype,মহিলা মানুষের সাথে শপিংয়ে যাওয়া মানে সারাদিনের সময় নষ্ট,Loading...
Non Misogynistic,মেয়েটার ইতিবাচক মনোভাব তার কাজের পরিবেশকে আনন্দময় করে।,Loading...
Non Misogynistic,"মেয়েটা একা ভ্রমণ করতে ভালোবাসে, এটা তার নিজস্ব অন্বেষণের পথ।",Loading...
Non Misogynistic,প্রতিটি মেয়ের মানসিক স্বাস্থ্য গুরুত্বপূর্ণ এবং সেটার যত্ন নেওয়া উচিত।,Loading...
Sexual Harassment,এমন এই মাগি পাইলে নিচে ফাটিয়ে দিতাম,Loading...
Non Misogynistic,"মেয়েদের প্রতি ন্যায্য আচরণ নৈতিক দায়িত্বের প্রশ্ন, কোনো অনুগ্রহের বিষয় নয়।",Loading...
Non Misogynistic,দিদির মুখে শান্তির ছাপ,Didi's face shows a look of peace.
Sexual Harassment,"এই মডেলের গোপন জায়গা বিক্রি করলে দাম বলো, ইনবক্সে অপেক্ষা করছি",Loading...
Derogation,মেয়েটার পিঠ দেখলে মনে হয় আলুর বস্তা বাঁধা আছে।,Loading...
Stereotype,নারীদের উচিত রান্নাঘরের দায়িত্ব হাসিমুখে গ্রহণ করা।,Loading...
Sexual Harassment,"খুব ঠান্ডা লাগতেছে ঠান্ডার কারণে আমার আশ্চর্যদন্ড খুঁজে পাচ্ছি না,গরম করে দাও যেন খুঁজে পাই",Loading...
Non Misogynistic,আপু ব্যক্তিগত জীবন ও পেশাকে দারুণ সামলান,Loading...
Sexual Harassment,মেয়েটার সাগরে হাবুডুবু খেতে চাই,Loading...
Derogation,মেয়েটার কারণে পুরো টিম ভোগান্তিতে পড়ে,Loading...
Derogation,মেয়েটাকে পূর্বপুরুষের পেশা জিজ্ঞেস করলে লজ্জায় মাথা নামিয়ে নেবে,Loading...
Non Misogynistic,মেয়েটা কর্মক্ষেত্রে নতুন ধারণা আনে যা সবাই মিলে কাজে লাগায়।,Loading...
Sexual Harassment,"শোনো বুড়ি, আমার কথা না শুনলে ইজ্জত নষ্ট করে ছাড়ব",Loading...
Stereotype,"চাকরিজীবী মেয়েদের লজ্জাই আসল গহনা, বাকি সব নকল",Loading...
Non Misogynistic,মেয়েটা সমাজের পরিবর্তনে বিশ্বাস করে এবং সেই পথে হাঁটছে।,Loading...
Non Misogynistic,মেয়েটার হাতের শরবত গরমে স্বস্তি,Loading...
Non Misogynistic,মেয়েটার দান নীরবে চলে যায়,Loading...
Sexual Harassment,বুড়িকে বিছানায় উলটে দিলে আসল রূপ বোঝা যাবে,Loading...
Non Misogynistic,"মেয়ে মানুষ কান্না লুকায়, কারণ কাঁদলে সমাজ দুর্বল বলে",Loading...
Non Misogynistic,মেয়েটার কাজের প্রতি সমর্পণ তাকে সবার কাছে বিশ্বস্ত করে তুলেছে।,Loading...
Stereotype,ঝগড়ার সময় পুরোনো প্রতিটি ভুল মেয়েরা খোঁচা দিয়ে কথা বলে,Loading...
Derogation,"ওই মেয়েটার মুখের এক পাশ একটু বাঁকা, ঠিক টেরা মানুষের মতো",Loading...
Sexual Harassment,"ওড়না বাসায় রেখে এসে ল্যাংটা ঘুরতি, আমরাও একটু মজা পেতাম",Loading...
Stereotype,"সত্যি বলতে মেয়েদের আবার কীসের স্বাধীনতা, বাবা না হয় স্বামী—কোথাও না কোথাও নির্ভর করতেই হবে।",Loading...
Derogation,ওর দামই তো ২০ টাকা আর ওই ব্যবহার করে ২০ লক্ষ টাকার ব্যাগ,Loading...
Stereotype,"যতই অস্বীকার করুক, অধিকাংশ নারী সচরাচর সংসার গোছানো ছাড়া আর কিছু ঠিকভাবে পারে না — এটাই সত্য।",Loading...
Sexual Harassment,"ভাবি ইনবক্সে আসো, গাড়ি কেনার টাকা দেব এক ঘণ্টার জন্য",Loading...
Derogation,এই মহিলার সংকট মোকাবেলার ক্ষমতা নেই,Loading...
Non Misogynistic,"বিচারক যখন মেয়ে মানুষ, তখন যেদিক থেকে ইমোশনাল স্পিচ আসে রায় সেদিকেই যাবে।",Loading...
Non Misogynistic,মায়ের ত্যাগ পরিবারের ভিত্তি,Loading...
Non Misogynistic,মেয়েদের মেধা ও পরিশ্রমের যথাযথ স্বীকৃতি দেওয়া ন্যায়বিচারের দাবি।,Loading...
Derogation,তোর মতো মেয়ের সাথে কথা বললে সাবধানে বলতে হয়।,Loading...
Non Misogynistic,মেয়েটার মনোবল বিরল,Loading...
Sexual Harassment,ওই মেয়ের শরীর দেখেই সব ছেলের চোখ আটকায় গেছে,Loading...
Non Misogynistic,নারীরা প্রতিটি ক্ষেত্রে অবদান রাখতে সক্ষম,Loading...
Derogation,বুড়ি বিয়ে কবে করছো? পরে তো বর পাবেনা!,Loading...
Non Misogynistic,মেয়েটা সমাজে ইতিবাচক পরিবর্তন আনছেন,Loading...
Non Misogynistic,কাকিমা সবার সমস্যা মন দিয়ে শোনেন,Loading...
Stereotype,মেয়ে মানুষ একা গাড়ি কিনতে পারে না,Loading...
Stereotype,"আসলে যত ছোট ঘটনা, তত বড় গল্প বানিয়ে ছড়িয়ে দেয়।",Loading...
Sexual Harassment,ম্যাডামকে ধরে গণচোদন করানো উচিত,Loading...
Non Misogynistic,মহিলা পরিবেশ বিশেষজ্ঞটি দেশের জলবায়ু নীতিতে প্রভাবশালী পরামর্শ দিচ্ছেন।,Loading...
Non Misogynistic,মেয়েরা আর্থিকভাবে স্বনির্ভর হলে নিজের পরিবার ও সমাজ উভয়ই লাভবান হয়।,Loading...
Stereotype,চাপের মুখে পড়লে মেয়েরা সিদ্ধান্ত নিতে গিয়ে কেঁপে যায়।,Loading...
Non Misogynistic,আপুর ফলিত গণিত জ্ঞান প্রশংসনীয়,Loading...
Stereotype,মেয়েরা নিচে নামতে নামতে এতটাই নিচে নামে তখন তার শরীরের কাপড়ের দিকেও নজর থাকে না,Loading...
Derogation,মেয়েটার হাঁটার স্টাইল যেন দিনে দুপুরে রাস্তায় সাপ যাচ্ছে,Loading...
Derogation,এই মেয়ে নিজের সমস্যা সমাধান করতে না পেরে অন্যকে দোষারোপ করে,Loading...
Non Misogynistic,মেয়েটার কাজের প্রতিটি দিক তার উৎকর্ষের প্রতি প্রতিশ্রুতির প্রমাণ।,Loading...
Sexual Harassment,"বুড়ি, বিকাশে দামি গিফট পাঠাচ্ছি, এক রাতের ডিল কনফার্ম?",Loading...
Stereotype,মেয়েরা পার্লারে গেলে ঘণ্টার পর ঘণ্টা সময় নষ্ট করে,Loading...
Derogation,ওর হাসির ভঙ্গি দেখলে বোঝা যায় কী ধরনের মেয়ে,Loading...
Non Misogynistic,মেয়ে মানুষের মন অনেক নরম হয় । কিছু হলেই কান্না করে দেয়,Loading...
Non Misogynistic,"মেয়ে সমাজকর্মীগুলো এবার এলাকায় যা করেছেন, এর আগে তা কেউ করেনি।",Loading...
Derogation,এই মেয়েটা গৃহিণী হিসেবে সম্পূর্ণ ব্যর্থ,Loading...
Derogation,বুড়ি বেডির বিয়ার খায়েশ শেষ হয় না,Loading...
Stereotype,মেয়েরা দলবেঁধে বাইরে গেলে গসিপ ছাড়া কিছু হয় না,Loading...
Non Misogynistic,"বিশ্ববিদ্যালয়ে ভর্তির সুযোগ পেয়ে মেয়েটার চোখে যে আলো জ্বলছিল, সেটা অসাধারণ।",Loading...
Derogation,মেয়েটার অপরিপক্ক আচরণ দেখে সবাই বিরক্ত হয়,Loading...
Non Misogynistic,"আমার বড় বোনের আঁকা এতো সুন্দর, দেখলে চোখ সরাতে পারবা না",Loading...
Non Misogynistic,আপুর সময়জ্ঞান সত্যিই উদাহরণযোগ্য,Loading...
Derogation,এই মহিলার পেট দেখলে মনে হয় গর্ভাবস্থার অষ্টম মাস চলছে,Loading...
Non Misogynistic,পরিবারে মেয়েটার স্বপ্ন নিয়ে কথা বলা হয় এবং সেটা বাস্তবায়নে সবাই সাহায্য করে।,Loading...
Derogation,বাজে মেয়েটার আচরণ সম্পর্কে কথা বলা সময় নষ্ট,Loading...
Stereotype,মেয়েরা ঝগড়ার সময় সব পুরোনো বিষয় টেনে আনে,Loading...
Stereotype,অনেক মেয়েই নিজের পছন্দের মানুষকে নিয়ে বেশি চিন্তা করে,Loading...
Non Misogynistic,মেয়েটির পোশাক ও আচরণে ভারসাম্য আছে,Loading...
Non Misogynistic,মেয়েটি ছোটবেলা থেকে পড়াশোনায় মেধাবী,Loading...
Sexual Harassment,"মেয়েটিকে আবাসিক হোটেলে নিয়ে যেতে চাই, ১ লাখ দিতে রাজি আছি",Loading...
Non Misogynistic,মেয়েটার নেতৃত্বগুণ তাকে প্রতিষ্ঠানের সবচেয়ে মূল্যবান কর্মীদের একজন করেছে।,Loading...
Derogation,এই মেয়েটার ভাষা ব্যবহার দেখলে মনে হয় শিক্ষিত না,Loading...
Derogation,এরকম ছোট জামা পরে বের হইসেন কেন? কাকে দেখাবেন?,Loading...
Non Misogynistic,খালার বুদ্ধি পারিবারিক সমস্যা সমাধান করে,Loading...
Sexual Harassment,"নর্তকীর দুদু নিলামে তোলা মালের মতো, দেখে আর মজা পাই না",Loading...
Non Misogynistic,মেয়েটি বৃদ্ধাশ্রমে নিয়মিত সাহায্য করেন,Loading...
Non Misogynistic,বোনটি সত্যের পক্ষে কখনো আপোস করেন না,Loading...
Derogation,এই মহিলার হিংসুটে স্বভাব দেখলে কষ্ট লাগে।,Loading...
Non Misogynistic,মহিলা মানবাধিকার কর্মীটি নিষ্ঠার সাথে সুবিধাবঞ্চিতদের পক্ষে কাজ করছেন।,Loading...
Non Misogynistic,মেয়েটার চিন্তাভাবনা বহুমুখী,Loading...
Stereotype,"মেয়ে হয়ে চাকরি করবা, তাহলে ঘর সংসার সামলাবে কে?",Loading...
Stereotype,এই যুগের মেয়েরা অধিকাংশ সময় বিয়েতে দেরি মানেই চরিত্রে কোনো না কোনো খুঁত।,Loading...
Stereotype,"মেহমান এলে মেয়েরাই রান্নাঘরে যাবে, এটা নিয়ে আবার কথা কীসের",Loading...
Sexual Harassment,"এই সুন্দরী ইনবক্সে আসো, রাতের ব্যবস্থা করি",Loading...
Sexual Harassment,এই মাগি রে বিয়ে করবে কে?,Loading...
Derogation,"এত পরিমাণ মেকআপ করার পরেও চেহারায় গ্লো নাই, মেকআপ ছাড়া চেহারার কি অবস্থা আল্লাহই জানে",Loading...
Derogation,মেয়েটার গলা শুনলে পাখিরাও গাছ থেকে উড়ে পালায়,Loading...
Non Misogynistic,এমন দ্বীনদার মেয়ে যদি বউ হিসেবে পেতাম,Loading...
Stereotype,"সবাই জানে, মেয়েদেরকে যুক্তি দিয়ে কথা বললে পার্সোনালি নিয়ে নেয়, এটা মানতেই হবে।",Loading...
Stereotype,"মেয়েরা তর্কে জিততে না পারলে কান্না শুরু করে, এটাই তাদের অস্ত্র",Loading...
Derogation,এই মহিলার শিক্ষাগত যোগ্যতা তার দাবির সাথে মেলে না,Loading...
Derogation,তোর মতো ড্রেনেজ মেয়ের সাথে থাকতে পারি না।,Loading...
Stereotype,মেয়েদের বিয়ে না হলে পরিবারের মানসম্মান ক্ষতিগ্রস্ত হয়,Loading...
Stereotype,মেয়েরা বয়স্ক দেখতে লাগলে নিজেই মন খারাপ করে,Loading...
Sexual Harassment,ভাইরাল হওয়ার জন্য রেপ হইছে,Loading...
Sexual Harassment,"শোনো আপু, গণচোদন খাওয়ার জন্য রেডি থেকো",Loading...
Sexual Harassment,সুন্দরীর বুকের ওজনে জামাটা ফেটে কখন বের হয় সেই অপেক্ষায় আছি,Loading...
Derogation,এই মেয়ের আলসেমি দেখে মনে হয় সোফা ছাড়া উঠতে ইচ্ছা করে না,Loading...
Stereotype,মেয়েরা বড় সিদ্ধান্ত আবেগ দিয়ে নেয় বলেই ভূল হয়,Loading...
Derogation,এমন সুগার ড্যাডি থাকে বাইরের দেশ থেকেও গিফট আসে,Loading...
Stereotype,মেয়েরা ফ্যাশন নিয়ে একটু বেশিই মাথা ঘামায়,Loading...
Derogation,এই মহিলার ইনস্টাগ্রামে যা দেখায় বাস্তবে তার ছায়াও নেই,Loading...
Non Misogynistic,মেয়েটার কাজের প্রতি প্রেম তাকে সর্বোচ্চ ফলাফল অর্জনে সাহায্য করে।,Loading...
Stereotype,মেয়েদের দিয়ে সিরিয়াস সাংবাদিকতা হয় না,Loading...
Stereotype,মেয়েরা সুন্দর হলে পরিশ্রম না করেও সুযোগ পায়,Loading...
Stereotype,"নারীরা প্রায়শই ঘরের কোণায় থাকা মানুষ, তাই বাইরের লড়াই বুঝবে কীভাবে।",Loading...
Stereotype,মেয়েরা ক্লাবে গেলে তাদের সম্পর্কে ভালো ভাবা যায় না,Loading...
Stereotype,এই ধরনের বেয়াদব মেয়েরাই খারাপ পথে যায়,Loading...
Non Misogynistic,"মেয়েটা কারো ছায়ায় থাকে না, নিজেই আলো হয়ে জ্বলে।",Loading...
Non Misogynistic,আপুর সমকালীন গান শ্রোতাদের কাছে জনপ্রিয়,Loading...
Non Misogynistic,মেয়েটার তবলায় তাল অনুসরণ চমৎকার,Loading...
Non Misogynistic,বোনটি নিজের অধিকারের প্রতি সচেতন,Loading...
Sexual Harassment,"এই মডেলের কে তো ৩০০ টাকা দিয়ে ও কেউ কিনবে না, নষ্ট মাল",Loading...
Sexual Harassment,ভিডিও শেষে খেয়ে দিয়েন না আবার আপুটাকে,Loading...
Derogation,মেয়েটা এত রোগা যে পাশ থেকে দেখা যায় না।,Loading...
Sexual Harassment,"এই মাগি, বাড়ি কেনার টাকা পাঠাচ্ছি, এক রাতের ডিল কনফার্ম?",Loading...
Non Misogynistic,মহিলা শিল্পীর সৃষ্টিকর্ম আগামী প্রজন্মের কাছে সংস্কৃতির ধারা বহন করবে।,Loading...
Derogation,দুই টাকার সস্তা যাত্রাপালার নর্তকীদের মতো লাগছে,Loading...
Derogation,এই নাইকাকে দেখলে মনে হয় ড্রেসকোড পড়তে পারে না,Loading...
Non Misogynistic,আপুর চলচ্চিত্রে অভিনয় অসাধারণ,Loading...
Sexual Harassment,বেটির মিসাইল ঝুলে গেছে বুড়ির মতো,Loading...
Stereotype,এই জানোয়ার অসভ্য মেয়েদের কারনে পরিবেশ নষ্ট হচ্ছে,Loading...
Non Misogynistic,"মেয়েটা রাত জেগে পড়াশোনা করে পরীক্ষায় ভালো ফল করেছে, সত্যিই উদ্যমী।",Loading...
Non Misogynistic,মেয়েদের সফলতা দেখলে ভালো লাগে,Loading...
Derogation,এই মহিলার ছোটমনা স্বভাব দেখলে লজ্জা লাগে।,Loading...
Non Misogynistic,মহিলা সামরিক কর্মকর্তাটি কঠিন মিশনে সফলভাবে নেতৃত্ব দিয়েছেন।,Loading...
Sexual Harassment,জামাটা ফেটে কখন যে বের হয়ে যায় সব সে অপেক্ষায় আছি,Loading...
Stereotype,মেয়েরা কোনো কিছু ভালোভাবে ব্যাখ্যা করতে পারে না,Loading...
Stereotype,কারো উন্নতি মেয়েদের সহ্য হয় না,Loading...
Derogation,এই মহিলার টিকটক ভিডিও দেখলে মনে হয় সময় নষ্ট করলাম।,Loading...
Derogation,তুমি মাস্টার্স করেছ কিন্তু সাধারণ সমস্যাও সমাধান করতে পারো না।,Loading...
Sexual Harassment,এতো শরম তাহলে এইসব লেংটা পোশাক পরেছো কেনো মনা?,"You're so shy, then why are you wearing such long clothes, Mona?"
Non Misogynistic,"ড্রেসআপ সুন্দর রেখেও যে ট্যালেন্ট শো করা যায়, তা এই মেয়েকে দেখলে বুঝা যায়",Loading...
Stereotype,ডিভোর্সের মেইন কারণ হচ্ছে মেয়েদের মুখ বেশি চলে,Loading...
Sexual Harassment,মামুনির নাভির ভাজ টা চেটে খেতে চাই,Loading...
Stereotype,প্রিয় মানুষের ছোট অবহেলায় মেয়েদের পৃথিবী থেমে যায়।,Loading...
Non Misogynistic,মহিলা ফটোগ্রাফারটির তোলা ছবি আন্তর্জাতিক পুরস্কার পেয়েছে।,Loading...
Non Misogynistic,এত সুন্দরী কেন তুমি চোখ ফেরানো যায় না,Loading...
Derogation,মেয়েটাকে দিয়ে যেকোনো প্রজেক্ট করা মানে ঝুঁকি নেওয়া,Loading...
Derogation,এই বেডির থুতনি এত লম্বা যে বৃষ্টিতে ছাতা লাগে না।,Loading...
Stereotype,নারীজাত দিয়ে কোনো শক্ত কাজ করানো মানে ব্যর্থতা,Making a woman do a difficult task means failure.
Stereotype,মেয়ে হয়ে মোটরসাইকেল চালানো মানে বেহায়াপনা,Loading...
Stereotype,মেয়েরা বিয়ের পর বেশি বাইরে গেলে স্বামীর পরিবারে মুখ পড়ে,Loading...
Derogation,মেয়েটার পারিবারিক শিক্ষার অভাব স্পষ্ট বোঝা যায়।,The girl's lack of family education is clearly evident.
Non Misogynistic,মহিলা প্রধানমন্ত্রীর নীতিগুলো দেশের সাধারণ মানুষের জন্য কল্যাণকর।,Loading...
Stereotype,মেয়েরা জন্মগত ভাবেই অভিমানী,Loading...
Derogation,মেয়েটার অভিনয় দেখে বোঝা যায় সহানুভূতি পেতে চায়।,Loading...
Stereotype,মেয়েরা সিনেমা পরিচালনা করলে গল্প দুর্বল হয়,Loading...
Derogation,এই মেয়ের স্বাধীনভাবে কিছু করার ক্ষমতা নেই,Loading...
Sexual Harassment,"আপুটি ফিতাও বেঁধেছে ওড়নাও পড়েছে, শুধু পেন্ট পরতে ভুলে গেছে, আমদের মজা দেওয়ার জন্য এসেছে",Loading...
Derogation,মেয়েটার কাজের মান এত নিচু যে বস সবসময় বকাঝকা করে।,Loading...
Stereotype,"মেয়েরা চাপের মধ্যে ভেঙে পড়ে, ছেলেরা সামলে নেয়",Loading...
Stereotype,হালকা কাজেও মেয়েরা দুর্বল হয়ে যায় তাড়াতাড়ি,Loading...
Derogation,মেয়েটার চুল এত পাতলা যে মাথার চামড়া দেখা যায়।,Loading...
Non Misogynistic,দিদি ব্যবসার মডেলে সৃজনশীলতা যোগ করেছেন,Loading...
Stereotype,আসলে গভীর বিষয় ভাবা মেয়েদের ধাঁচে নেই।,Loading...
Stereotype,মেয়ে মানুষর কাজই ওভারেক্টিং করা,Loading...
Non Misogynistic,উচ্চশিক্ষার পথে মেয়েদের বাধা কমানোর জন্য নীতিমালা দরকার।,Loading...
Derogation,এই মেয়েগুলো কে দেখলে শয়তানও ভয় পাবে,Loading...
Non Misogynistic,বোনটির পোর্ট্রেট অঙ্কন অসাধারণ,Loading...
Non Misogynistic,আপু পশুপাখির অধিকার নিয়ে কাজ করেন,Loading...
Sexual Harassment,মামণির প্রাইভেট লিংক হাতে এসে গেছে,Loading...
Non Misogynistic,নারী হকি খেলোয়াড় মাঠে দারুণ দক্ষতা দেখান,Loading...
Derogation,এই মেয়ের ব্রেইনের কথা না বলাই ভালো,Loading...
Non Misogynistic,বোনটি অন্যায়ের বিরুদ্ধে লড়াইয়ে নেমেছেন,Loading...
Non Misogynistic,তোমারে এ জন্য ই পছন্দ হয় তুমি সত্য কথা বলো,Loading...
Derogation,এই মহিলার অ্যাথলেটিক্সের ফলাফল দেখলে কষ্ট লাগে।,Loading...
Non Misogynistic,পরিবারের ভালোবাসা ও সমর্থন মেয়েটার সবচেয়ে বড় সম্পদ।,Loading...
Stereotype,আর যাই বলেন না কেন মেয়েরা অভিনয়ে সেরা,"No matter what anyone says, girls are the best at acting."
Stereotype,যুক্তির আগে মেয়েদের চোখের পানি তাদের প্রথম অস্ত্র — এটাই বাস্তব।,Loading...
Sexual Harassment,কেউ যদি নাই করে তাহলে সামনের দুইটা মিসাইল এতো বড় করেছে কে আমি নাকি!,Loading...
Sexual Harassment,মেয়েটার নিচে আঙুল দিলে আঙুল ভিজে যাবে এত রস,Loading...
Sexual Harassment,দেহ ব্যবসা ছাড়া রোজ রোজ এতো শপিং করা সম্ভব না,Loading...
Stereotype,ছোট থেকেই হাঁড়ি-কড়াইয়ের সঙ্গে পরিচয় না হলে বিয়েতে কাজে আসে না — এটাই বাস্তব।,Loading...
Non Misogynistic,আপু ক্লান্ত থাকলেও তার মুখ দেখে কখনো বোঝা যায় না।,Loading...
Non Misogynistic,"একজন মা হওয়া মেয়েটার ক্যারিয়ারকে থামায়নি, বরং তাকে আরও দৃঢ় করেছে।",Loading...
Derogation,ফকিন্নির মাইয়া এত দামি ফোন কোথায় পেলে?,Loading...
Stereotype,চাকরির বাজারে মায়েদের আবার কিসের বড় পদ?,Loading...
Derogation,এই মহিলা নিজের শরীর নিয়ে সচেতন না এটা দেখলেই বোঝা যায়,Loading...
Derogation,মেয়েটার হাসি দেখলে মনে হয় দরজার কব্জা মরচে ধরেছে,Loading...
Non Misogynistic,আপু ভেঙে পড়ার বদলে এগিয়ে যান,"Instead of breaking down, move forward."
Derogation,মেয়েটার শরীরে এত কম মাংস যে হাড়গুলো গুনে ফেলা যায়,Loading...
Non Misogynistic,প্রতিটি মেয়ের মানবিক মর্যাদা সংরক্ষণ করা সভ্য সমাজের ন্যূনতম দায়িত্ব।,Loading...
Non Misogynistic,ওই নায়িকা এখন আর আগের মতো কাজ পাচ্ছে না,Loading...
Non Misogynistic,আপু পরিকল্পনা ভাগ করে দিতে দক্ষ,Loading...
Stereotype,একা ফ্ল্যাট ভাড়া নিয়ে থাকা মেয়েদের পেছনে কারণ থাকেই।,Loading...
Non Misogynistic,অসাধারণ দারুণ আপু চমৎকার ভালো লাগলো,Loading...
Stereotype,শাশুড়ির কথামতো ঘর চালানো মেয়েদের প্রথম দায়িত্ব,Loading...
Sexual Harassment,শরীর দেখিয়ে আর কত খাবি?,Loading...
Non Misogynistic,দিদির শাসনে ছোটদের ভালোবাসা মিশে থাকে,The love of the younger ones is mixed with the elder's rule.
Sexual Harassment,যতদিন চামড়া টাইট আছে ততদিনই চলবে তোর মতো মেয়েদের মার্কেটে,Loading...
Derogation,এইসব নটিদের ইন্টারভিউ কেনো নিতে হবে বুঝি নাহ,Loading...
Non Misogynistic,বোনটির শব্দ কখনো অশান্ত নয়,Loading...
Non Misogynistic,বোনটির পথচলা সমাজের জন্য আলোকবর্তিকা,Loading...
Stereotype,আসলে মেয়েদের পোশাকেই মা-বাবার শিক্ষার পরিচয় ,Loading...
Derogation,নায়িকাটার অভিনয় দেখলে মনে হয় প্রাইমারি স্কুলের নাটক,Loading...
Non Misogynistic,আপুর ডালের স্বাদ ভাষায় বোঝানো কঠিন,Loading...
Non Misogynistic,প্রতিটি মেয়ের পড়ার সুযোগ নিশ্চিত করা রাষ্ট্রের সবচেয়ে গুরুত্বপূর্ণ দায়িত্বগুলোর একটি।,Loading...
Derogation,মেয়েটা এত চিকন যে ঝড়ে উড়ে যাওয়ার সম্ভাবনা আছে,Loading...
Non Misogynistic,মেয়েটার চাপ সামলানোর ক্ষমতা অসাধারণ,Loading...
Stereotype,টাকা গচ্ছিত রাখার বদলে মেয়েরা সোনা গয়নায় ঢালে।,Loading...
Sexual Harassment,"ম্যাডাম নটিপাড়ায় নাম লেখাও, এত কষ্ট করতে হবে না",Loading...
Stereotype,"সংসার টিকিয়ে রাখার দায়িত্ব মেয়েদের, এটা তাদের ধর্ম",Loading...
Non Misogynistic,একজন মায়ের ত্যাগ ও ভালোবাসা পরিবারের ভিত্তি।,Loading...
Non Misogynistic,নারীর জন্য নিরাপদ রাস্তাঘাট সমাজের দায়িত্ব,Safe roads for women are the responsibility of society
Stereotype,মেয়েদের শিক্ষাগত সাফল্যের চেয়ে বিয়ের বাজারে মূল্যই নাকি বেশি গুরুত্ব পায়।,Loading...
Non Misogynistic,প্রতিটি মেয়ে সম্মান ও মর্যাদার সাথে জীবন যাপন করার অধিকার রাখে।,Loading...
Stereotype,উচ্চশিক্ষায় গেলে মেয়ের বিয়ে হতে দেরি হয়,Loading...
Non Misogynistic,কোনো নারীকে ছোট না করে কথা বলা উচিত নয়,Loading...
Stereotype,মেয়েরা ডিভোর্স দিলে সমাজে মুখ দেখানো কঠিন হয়ে যায়,Loading...
Non Misogynistic,মেয়েটির মণিপুরী নাচের কোমলতা অসাধারণ,Loading...
Stereotype,মেয়েরা ডেটা অ্যানালাইসিস বুঝলেও সিদ্ধান্ত নিতে পারে না,Loading...
Stereotype,মাইয়াগো বেশি ফ্রিডম মানেই ঝামেলা হইবো,Loading...
Non Misogynistic,"মেয়েদের সমান অধিকার কোনো বিশেষ সুবিধা নয়, সেটা তাদের মৌলিক অধিকার।",Loading...
Non Misogynistic,মহিলা অর্থনীতিবিদটির নীতিপ্রস্তাব সরকারের বিবেচনায় নেওয়া হয়েছে।,Loading...
Stereotype,"স্বাধীনচেতা মেয়েরা একদমই অসুস্থ হলেও চুলার পাশ থেকে সরা যাবে না, এটাই নিয়ম — এই কথাটা কখনোই পুরোনো হবে না।",Loading...
Stereotype,মেয়েদের মন ছেলেদের দেখলে আনচান আনচান করে,Loading...
Non Misogynistic,মেয়েটার একাগ্রতা ও মনোযোগ তাকে সেরা ফলাফল অর্জনে সাহায্য করে।,Loading...
Non Misogynistic,আপু পরিবারের প্রতিটি বিশেষ দিন মনে রাখেন,Loading...
Sexual Harassment,"গঠনটাই এমনভাবে তৈরি, যেন কেউ দেখলেই তার মনের মধ্যে উথাল-পাথাল শুরু হয়",Loading...
Non Misogynistic,পরিবারের সমর্থন ছাড়া একজন মেয়ের পক্ষে সামাজিক বাধা অতিক্রম করা কঠিন।,Loading...
Stereotype,"সবাই জানে, লং ড্রাইভে মেয়েদের ড্রাইভিং সিটে বসা মানে দুর্ঘটনার আশঙ্কা।",Loading...
Non Misogynistic,মেয়েটার সামাজিক উদ্যোগ ছোট পরিসরে শুরু হলেও প্রভাব বড়।,Loading...
Derogation,এই মহিলার নেতিবাচক মনোভাব সবাইকে প্রভাবিত করে,Loading...
Non Misogynistic,মাসির পরামর্শ জীবনের কঠিন মুহূর্তে কাজে আসে,Loading...
Non Misogynistic,মহিলা শিল্প উদ্যোক্তাটির নেতৃত্বে কারখানাটি শতাধিক মানুষের কর্মসংস্থান করেছে।,Loading...
Non Misogynistic,কর্মক্ষেত্রে মেয়েদের মতামতকে গুরুত্ব দেওয়া হলে সিদ্ধান্ত আরও ভালো হয়।,Loading...
Derogation,"এই বেডির ব্যাগ দেখলে মনে হয় বাজার থেকে কিনেছে, অনেক চিপ",Loading...
Non Misogynistic,মেয়েটার মতামত বোর্ড মিটিংয়ে সবসময় কার্যকর বলে বিবেচিত হয়।,Loading...
Stereotype,দিনে অন্তত পাঁচবার মন খারাপ না হলে মেয়েদের পেট পরিপূর্ণ হয় না।,Loading...
Sexual Harassment,ভিডিওতে ইচ্ছে করেই এমনভাবে নিজেকে উপস্থাপন করছে যাতে সবাই তাকায়।,Loading...
Non Misogynistic,কর্মক্ষেত্রে মেয়েদের যৌন হয়রানির বিরুদ্ধে শক্ত আইনি পদক্ষেপ নেওয়া দরকার।,Loading...
Derogation,"এই মেয়ে অনেক নাটক, অনেক অভিনয় জানে",Loading...
Non Misogynistic,"মেয়েরা চাইলে যেকোনো বিষয়ে দক্ষতা অর্জন করতে পারে, ইচ্ছাশক্তিই মূল বিষয়।",Loading...
Stereotype,"মেয়েরা ঘরে থাকলেই সংসার সুন্দর থাকে, বাইরে গেলে সব ওলটপালট হয়",Loading...
Stereotype,মেয়েরা বেশি পড়লে সময় নষ্ট,Loading...
Non Misogynistic,মেয়েটার সাহস সমাজে ঢেউ তুলেছে,Loading...
Derogation,মেয়েটার ভবিষ্যৎ পরিকল্পনা বলে কিছু নেই আছে শুধু অহংকার,Loading...
Non Misogynistic,বোনটির আবৃত্তি শ্রোতাদের মুগ্ধ করে,Loading...
Sexual Harassment,"এই বুড়িকে অফিস থেকে বের হওয়ার সময় দেখি, একদিন রুমে নিয়ে যাব",Loading...
Derogation,এই মহিলার কোনো দৃঢ় মূল্যবোধ নেই।,Loading...
Non Misogynistic,মেয়েটা শিল্পকলায় নিজস্ব একটি ভাষা তৈরি করেছে।,Loading...
Sexual Harassment,আপুটির আপেল দেখে চোখ সরাতে পারছি না,Loading...
Stereotype,"ছেলেরা যেমন বাস্তববাদী, মেয়েরা ততটাই আবেগপ্রবণ",Loading...
Sexual Harassment,"আপু, পুরো উলঙ্গ হয়ে নাচো একবার",Loading...
Stereotype,মেয়েরা রোবোটিক্স বা ইঞ্জিনিয়ারিং ডিজাইনে দুর্বল,Loading...
Non Misogynistic,মেয়েটার ধৈর্য ও অধ্যবসায় তার সবচেয়ে বড় গুণ।,Loading...
Derogation,তুমি নিজেকে সুন্দরী মনে কর কিন্তু আশপাশের মানুষ হাসে।,Loading...
Non Misogynistic,"লিঙ্গ সমতা মানে মেয়েদের পুরুষের মতো করা নয়, বরং প্রতিটি মানুষকে তার মতো করে মূল্যায়ন করা।",Loading...
Derogation,মেয়েটাকে দেখলেই বুজা যায় ওর ব্যক্তিগত পরিচ্ছন্নতার প্রতি উদাসীনতা,Loading...
Stereotype,যেসব মেয়েরা সারাদিন ফোন চালায় তাদের মধ্যে ঘাপলা আছে,Loading...
Stereotype,মেয়েরা বিতর্কে অংশ নিলে মানুষ বেমানান ভাবে,Loading...
Stereotype,মেয়েদের ত্বকের রং দেখে সমাজ গুরুত্ব দেওয়া বা না দেওয়া ঠিক করে,Loading...
Non Misogynistic,মেয়েটি বেশ সাহসী,Loading...
Sexual Harassment,ম্যাডামকে বিছানায় উলটে দিলে আসল রূপ বোঝা যাবে,Loading...
Sexual Harassment,"নর্তকীর দেহের বাজার এখন রমরমা, সাইজ দেখলেই বুঝবে",Loading...
Stereotype,খেলার মাঠে মেয়েদের দেখলে মানুষ অবাক হবে এটাই স্বাভাবিক,Loading...
Non Misogynistic,"মেয়েদের নিরাপত্তার জন্য শুধু আইন নয়, সামাজিক দৃষ্টিভঙ্গিও বদলাতে হবে।",Loading...
Sexual Harassment,"আপার সেক্স উইঠা গেসে, কেমন করতেসে দেখো",Loading...
Non Misogynistic,উনার সাথে তর্ক করলে হারতে হয় কারণ সত্যি বলেন,Loading...
Derogation,এই মহিলার মেকআপ দেখে মনে হয় সার্কাসের ভাঁড় তৈরি হয়েছে,Loading...
Sexual Harassment,সুন্দরী ডান্সে এসে শরীর বিক্রির বিজ্ঞাপন দিচ্ছে,Loading...
Sexual Harassment,বিয়ের আগেই সামনে ঝুলে পড়ছে,Loading...
Stereotype,মেয়েরা বিয়ে না করলে বৃদ্ধ বয়সে কষ্ট পাবে,Loading...
Derogation,এই মেয়েকে বোঝানো মানে পাথরে মাথা ঠোকানো,Loading...
Derogation,"মেয়েটার কোন ব্রেইন নাই, ঠিকভাবে কিছু বুঝে না",Loading...
Non Misogynistic,মেয়েটার দৃষ্টিভঙ্গি ও মূল্যবোধ তাকে জীবনের সঠিক পথে রাখে।,Loading...
Stereotype,"যুগ যুগ ধরে দেখে আসছি, বাঙালি মেয়েদের উচিত ঘরে নরম গলায় কথা বলা।",Loading...
Non Misogynistic,মেয়েটা একবার না বললে মানে না বলছে জোর করলে কাজ হয় না,Loading...
Derogation,তুমি বিধবা হলেও কেউ তোমাকে বিয়ে করার সাহস দেখাবে না।,Loading...
Derogation,মেয়েটার নিজের কলসি খালি কিন্তু অন্যকে নিয়ে কথা বলতে আসে,Loading...
Non Misogynistic,মেয়েটা যা করার সিদ্ধান্ত নেয় তা সম্পন্ন করার আগে থামে না।,Loading...
Stereotype,"টেকনিক্যাল আলোচনায় মেয়েরা চুপ করে বসে থাকে, স্বীকার করুক বা না করুক।",Loading...
Non Misogynistic,মেয়েটার বিনয় সব মানুষের আকর্ষণ করে,Loading...
Non Misogynistic,মেয়েটা বাসে উঠে সোজা জানালার পাশে বসল কারো দিকে তাকালোও না,Loading...
Non Misogynistic,মেয়েটা প্রতিটি প্রকল্পে নিজের সেরাটা দেওয়ার চেষ্টা করে।,Loading...
Stereotype,মেয়েদের পোশাক যত সুন্দর ই হোক না কেন চেহারা সুন্দর না হলে ভালো লাগে না,Loading...
Non Misogynistic,দিদির স্ক্রিপ্ট লেখা নিখুঁত,Loading...
Stereotype,মেয়েদের একা ভ্রমণ করার মানে নিজেই বিপদ ডাকা,Loading...
Sexual Harassment,আদা লেংটা মহিলা গুলো কি করতাছে এখানে?,Loading...
Sexual Harassment,"মনের খিদেও মিটলো না, দেহের খিদাও মিটলো না, একটু কাছে এসে মিটিয়ে দিয়ে যাও",Loading...
Derogation,মেয়েটার মতো অদক্ষ মানুষ আমি খুব কমই দেখেছি,Loading...
Stereotype,"দেখো, অনলাইনে নিজের ছবি দেওয়া মেয়েদের সংস্কার দুর্বল।",Loading...
Sexual Harassment,খাট কাঁপাইয়া মজা দিতে পারেন নি তাই মনে হয় অ্যাওয়ার্ড টা মিস গেলো,Loading...
Non Misogynistic,সবাই বলেছিল মেয়েটা পারবে না একা করে দেখিয়ে দিল,Loading...
Non Misogynistic,মহিলাটি অত্যন্ত কর্মতৎপর,Loading...
Derogation,এই মহিলার বংশের কথা বলতে গেলে মুখ বন্ধ রাখাই ভালো।,Loading...
Stereotype,দুইটা মেয়ের বন্ধুত্ব বেশিদিন টিকে না। মেয়ে মানুষ প্রচুর হিংশুক হয়,Loading...
Sexual Harassment,দুধ খেতে ইচ্ছে করছে আমার সেই যদি পেতাম মজা করে খেতাম প্রত্যেকদিন,Loading...
Derogation,এই বেডির সামাজিক জীবন বলতে কিছুই নেই।,Loading...
Stereotype,"মেয়েরা কোড করতে পারে না, তথ্যপ্রযুক্তি পুরুষদের জন্য",Loading...
Non Misogynistic,মেয়েটার সাফল্যের যাত্রা প্রমাণ করে ইচ্ছা ও পরিশ্রম দিয়ে সব সম্ভব।,Loading...
Non Misogynistic,দিদির কাছে ভয় কখনো বাঁধা হতে পারেনি,Loading...
Sexual Harassment,মেয়েটার মতো খাওয়া মাল আর কতদিন মার্কেট চালাবে,Loading...
Sexual Harassment,"আপুটার সোনা বিক্রি করলে দাম বলো,আমি কিনতে চাই তোমাকে",Loading...
Non Misogynistic,মেয়েদের বিরুদ্ধে সামাজিক কুসংস্কার দূর করতে শিক্ষা ও সচেতনতা দরকার।,Loading...
Stereotype,মেয়েরা সহজে হতাশায় পড়ে যায়,Loading...
Non Misogynistic,বোনটি মানুষের শক্তি বুঝে কাজ ভাগ করেন,Loading...
Non Misogynistic,মেয়েটি ভয়কে জয় করে এগিয়ে গেছেন,Loading...
Sexual Harassment,বুড়ি আমার সাথে হোটেলে চলো নাহলে তোমার নাম বলে দিব,Loading...
Non Misogynistic,"মেয়েটা সমালোচনা থেকে শিক্ষা নেয়, কিন্তু নিজের মূল্যবোধ হারায় না।",Loading...
Derogation,"মেয়েটা এতো লম্বা, মনে হয় যেন জিরাফ একটা",Loading...
Sexual Harassment,"তোমার শরীরের বাঁক দেখে রাতে ঘুম হয় না, একবার কাছে আসতে দাও।",Loading...
Non Misogynistic,প্রতিটি নারীর নিজের পথ বেছে নেওয়ার অধিকার আছে এবং সেটা সম্মানের দাবি রাখে।,Loading...
Stereotype,মেয়েদের রান্না না জানলে শ্বশুরবাড়িতে মুখ দেখানো যায় না।,Loading...
Stereotype,মেয়ে মানুষ বেশি রাত করে বাইরে থাকলে চরিত্র নিয়ে প্রশ্ন উঠবেই।,Loading...
Sexual Harassment,এই মেয়েটার ঠোঁট দেখলে কামড় দিতে ইচ্ছে করে।,Loading...
Stereotype,"মেয়েরা আবেগে সিদ্ধান্ত নেয়, তাই বড় পদে রাখা ঠিক না।",Loading...
Non Misogynistic,মেয়েরা বিজ্ঞান ও প্রযুক্তিতে যে সাফল্য দেখাচ্ছে তা সত্যিই গর্বের বিষয়।,Loading...
Stereotype,মহিলা মানুষ অসুস্থ হলে ঘরের কাজ কে করবে?,Loading...
Sexual Harassment,মেয়েটির কোমরের গঠন দুলানো দেখে মাথা ঘুরে যাচ্ছে,Loading...
Non Misogynistic,নারীর সম্মতিতে শারীরিক সম্পর্ক কোনো ধর্ষণ নয়,Consenting sexual intercourse with a woman is not rape.
Derogation,এই মেয়েটার জুতা দেখলে মনে হয় মিল নেই,Loading...
Non Misogynistic,মহিলা পুলিশ অফিসারটি কঠিন পরিস্থিতিতে শান্ত মাথায় কাজ করেছেন।,Loading...
Derogation,এই মেয়েটার সামাজিক দক্ষতা শূন্য,Loading...
Derogation,এই মহিলার উড়ুউড়ু স্বভাব দেখলে মাথা ঘোরে।,Loading...
Sexual Harassment,দেশের চাহিদা মিটিয়ে এই মেয়েকে বিদেশেও রপ্তানি করা যাবে,Loading...
Non Misogynistic,মেয়েদের বৃত্তি পেয়ে বিদেশে পড়ার সুযোগ করে দেওয়া একটি সমাজের অগ্রগতির চিহ্ন।,Loading...
Sexual Harassment,দাদূদের খুশি করতে চাও বলেই এই পোশাক পরা,Loading...
Non Misogynistic,মহিলা স্থপতির ডিজাইন করা ভবনটি জাতীয় পুরস্কার পেয়েছে।,Loading...
Non Misogynistic,আন্টির পরিস্থিতি সামলানো দেখে বুঝলাম অনেক গুণী ব্যক্তি,Loading...
Derogation,পরকিয়ায় পিএইচডি করা আপু,Loading...
Non Misogynistic,আপুর ভরতনাট্যম একদম শাস্ত্রীয় ঢঙে,Loading...
Sexual Harassment,এই নায়িকাকে কোলে নিয়ে খেলতে চাই,Loading...
Stereotype,আসলে বাঙালি মেয়েদের উচিত পরিবারের আদর্শ মেনে পোশাক পরা,Loading...
Non Misogynistic,মেয়েটি যেকোনো সমস্যা যৌক্তিকভাবে সমাধান করতে পারে,Loading...
Stereotype,মেয়েদের ক্যারিয়ার বেশি হলে বিয়ে করতে ছেলেরা ভয় পায়,Loading...
Non Misogynistic,মেয়েটার পরিচয় নির্ভরযোগ্যতার সাথে মিশে আছে,Loading...
Derogation,এই মেয়েটার জেদ দেখলে মনে হয় ঠিক করলে ভুলও পরিবর্তন করবে না,Loading...
Stereotype,আসলে চাকরিজীবী মেয়েদের সিদ্ধান্ত প্রায়ই দিনের শেষে পুরুষদের অনুমোদনের অপেক্ষায়।,Loading...
Non Misogynistic,মেয়েদের নিয়ে অকারণে বিদ্রুপ করা ঠিক না,Loading...
Non Misogynistic,"মিষ্টি মেয়ে, মিষ্টি হাসি",Loading...
Sexual Harassment,"সুন্দরী অনুষ্ঠানে নাচে না, উত্তেজনা ছড়ায়",Loading...
Non Misogynistic,"মেয়েদের সমান সুযোগ মানে শুধু ন্যায্যতা নয়, সমাজের লাভও বটে।",Loading...
Non Misogynistic,নারী কবির কবিতায় গভীর জীবনদর্শন প্রতিফলিত হয়,Loading...
Stereotype,মেয়েরা অনলাইনে সক্রিয় থাকলে নানা সমস্যায় জড়িয়ে পড়ে,Loading...
Non Misogynistic,নারীর শিক্ষা পরিবারের অগ্রগতির মূল,Loading...
Non Misogynistic,"মেয়েটা পাঠ্যক্রমের বাইরেও প্রোগ্রামিং শিখছে, উদ্যমী মনোভাব।",Loading...
Non Misogynistic,আপু ঘরে বসে আয়ের নতুন পথ দেখিয়েছেন,Loading...
Sexual Harassment,এই মেয়ে রাতের বেলা তোমার ফিগার দেখলে আমার মাথা কাজ করে না,Loading...
Non Misogynistic,মেয়েদের প্রতি বৈষম্যমূলক আচরণ সমাজের সামগ্রিক অগ্রগতি বাধাগ্রস্ত করে।,Loading...
Non Misogynistic,বোনটি এতিম শিশুদের পাশে দাঁড়িয়েছেন,Loading...
Sexual Harassment,"মেয়েটা মডেলিং করে না, ছেলেদের পাহাড় দেখায়",Loading...
Stereotype,"সাজগোজ যত বেশি চোখে পড়ে, চরিত্র নিয়েও তত বেশি প্রশ্ন ওঠে—এমন ধারণা আছে।",Loading...
Derogation,এই মহিলার সাফল্যের কোনো সম্ভাবনা দেখি না,Loading...
Non Misogynistic,সে আসলে প্রতিটা মানুষকে আলাদা ভাবে বোঝার চেষ্টা করে।,Loading...
Derogation,মেয়েটার পরিচ্ছন্নতার মান দেখলে অবাক হতে হয় এত খারাপ,Loading...
Derogation,এই মহিলার লিডারশিপ দক্ষতা দেখলে কষ্ট লাগে।,Loading...
Derogation,ওই চিকনা লম্বা মেয়েটাকে দেখে মনে হচ্ছে জিরাফ লাফাচ্ছে,Loading...
Non Misogynistic,মেয়েটার সম্পাদনার কাজ একদম পেশাদার মানের,Loading...
Stereotype,"মেয়েদের সৃজনশীলতা সীমিত, ছেলেরাই বেশি উদ্ভাবন করে",Loading...
Non Misogynistic,মেয়েটার পেশাদারিত্ব ও দক্ষতা দেখে নিয়োগকর্তা আরও বেশি কাজ দিতে আগ্রহী।,Loading...
Stereotype,বিয়ের পর নারীদের নিজের পরিচয় বলতে কিছু নেই স্বামীর পরিচয় মেয়েদের আসল পরিচয়,Loading...
Stereotype,"সবাই জানে, বড় অংকের লেনদেনে মেয়েদের ভরসা করা যায় না গোলমাল করে ফেলে",Loading...
Non Misogynistic,মেয়েটি প্রতিদিন নতুন আশায় সকাল শুরু করেন,Loading...
Non Misogynistic,বোনটির কণ্ঠাভিনয় চমৎকার,Loading...
Derogation,আপুর ঢং দেখে পান্তা-ইলিশ এর মাছও আবার পানিতে ফিরে যেতে চাইবে!,Loading...
Derogation,এই মেয়েটার বাসার অবস্থা দেখলে মনে হয় কয়দিন পরিষ্কার হয়নি,Loading...
Non Misogynistic,মেয়েটা নিজের শহর ছেড়ে নতুন জায়গায় মানিয়ে নিয়েছে বেশ ভালোভাবে,Loading...
Stereotype,"যেদিন থেকে মেয়েরা নিজের পায়ে দাঁড়ানোর কথা ভাবতে শুরু করেছে, পরিবারে অশান্তি বেড়েছে",Loading...
Stereotype,তরুণী মেয়েদের উচিত শ্বশুরবাড়ির নিয়ম অক্ষরে অক্ষরে মেনে চলা — এই কথাটা কখনোই পুরোনো হবে না।,Loading...
Sexual Harassment,"মামুনি বিকিনি পরে নামলে আরো ভাইরাল হতে, আমরাও একটু মজা পেতাম",Loading...
Stereotype,"আসলে নারী মেকানিকের কথা শুনলে মানুষ আগে হাসে, তারপর পরীক্ষা করে।",Loading...
Sexual Harassment,আপুটাকে নিলামে তুললে কড়া দামে বিক্রি হবে,Loading...
Derogation,তুই যে বারো ভাতারি মেয়ে সবাই বুঝে গেছে,Loading...
Stereotype,মেয়েরা প্রেম করলে বিয়ের বাজারে দাম কমে,Loading...
Derogation,এই মহিলার কণ্ঠ শুনলে মনে হয় স্পিকার নষ্ট হয়ে গেছে।,Loading...
Derogation,"বাজারের মহিলা যখন জাতে উঠতে চাই, তখন এমনই হয়",Loading...
Non Misogynistic,মেয়েটার মনোবল ভেঙে পড়ে না সহজে,Loading...
Sexual Harassment,এই বুড়ির গঠন আসলে টাকা ছাপানোর মেশিন,Loading...
Non Misogynistic,নারী ডেটা সায়েন্টিস্ট গবেষণায় নতুন দিগন্ত খুলেছেন,Loading...
Derogation,বুড়ির ঢং দেখলে গা জ্বলে,Loading...
Sexual Harassment,আমার বিরুদ্ধে গেলে তার ব্যক্তিগত ছবি প্রকাশ করে দেব।,Loading...
Non Misogynistic,আপু কঠিন প্রশ্ন তুলতে কখনো ভয় পান না,Loading...
Stereotype,মেয়েরা বিয়ের পর যদি নিজের আয় নিজে রাখে তাহলে সংসারে বিবাদ হয়,Loading...
Derogation,মেয়েটার ত্বকের রঙের জন্য হীনমন্যতা কমানো উচিত,Loading...
Derogation,মেয়েটার কারণে পুরো টিমের কাজে দেরি হয়।,Loading...
Sexual Harassment,"এই মডেল ইনবক্সে আসো, পঞ্চাশ হাজার দেব এক ঘণ্টার জন্য",Loading...
Non Misogynistic,ফিমেল মডেল ফ্যাশনের জন্য বিভিন্ন ধরনের পোশাক পরেন,Loading...
Stereotype,"মেয়েরা কোনো সিদ্ধান্ত নিতে বেশি মানুষের মতামত চায়, নিজেই নেয় না",Loading...
Derogation,এই মেয়েটার মুখের আকৃতি পুরাই একটা বেগুনের মতো,Loading...
Derogation,তোর মতো দুর্বল মনের মেয়ে কঠিন পরিস্থিতি সামলাতে পারবে না।,Loading...
Stereotype,ইঞ্জিনিয়ারিং-মেডিকেল পড়ে মেয়ে শেষে স্কুল মাস্টারিতে আটকে যায়,Loading...
Sexual Harassment,ওড়না পরো নাই কেনো শরীর দেখানোর জন্য?,Loading...
Non Misogynistic,দিদি অপরিচিত শিশুকে স্কুলে নিয়ে গিয়েছিলেন,Loading...
Stereotype,সত্যি বলতে পরীক্ষায় ভালো নম্বর পেয়েও বাস্তবে মেয়েরা পিছিয়ে।,Loading...
Non Misogynistic,মহিলা সাইবার বিশেষজ্ঞ ডিজিটাল নিরাপত্তায় কাজ করছেন,Loading...
Sexual Harassment,"এই মহিলা তো পচা মাল, একটা আইফোন দিলে রাতের জন্য পাওয়া যাবে",Loading...
Non Misogynistic,মেয়েটির বাংলা সিনেমার গান নতুন রূপে পরিচিত হচ্ছে,Loading...
Stereotype,রাগ হলে মেয়েরা নিজেদের সামলাতে পারে না,Loading...
Derogation,সমাজ নষ্ট কারী নর্তকী এরা,Loading...
Derogation,আপনাকে তো নাগিনের মত দেখতে লাগছে,Loading...
Derogation,মেয়েটাকে দিন দিন কেমন যেনো ছাপড়ি ছাপড়ি লাগে,Loading...
Derogation,"এই মেয়েটা সুযোগ সন্ধানী, ফায়দা হলে থাকে না হলে চলে যায়",Loading...
Sexual Harassment,আপুটি বিয়ে না করেও খেলে এসেছে,Loading...
Stereotype,মেয়েদের মাথায় জটিল কনসেপ্ট সহজে ঢোকে না,Loading...
Derogation,বস্তা বস্তা মেকআপ করে বাপের টাকা ধ্বংস করে,Loading...
Sexual Harassment,আপু আপনার সাথে আমি আমার স্বাদ পূরণ করতে চাই,Loading...
Stereotype,"ছেলেরা সমস্যার সমাধান খোঁজে, আর মেয়েরা সমস্যাকে আরও বড় করে — এটাই বাস্তব।",Loading...
Non Misogynistic,নারী চিত্রশিল্পীর কাজ আন্তর্জাতিক স্বীকৃতি পেয়েছে,Loading...
Derogation,এই মহিলার জ্ঞানের সীমাবদ্ধতা দেখলে কষ্ট লাগে,Loading...
Stereotype,"মেয়েদের রাগ মানে ইমোশন, যুক্তি না",Loading...
Sexual Harassment,আপু আপনাকে খেয়ে টাকা কম দিছে মনে হয়,Loading...
Sexual Harassment,আপুটির বুক ছাড়া ভিডিওতে কিছুই নড়ছে না,Loading...
Non Misogynistic,আপু গণিতকে শিল্পের মতো ভালোবাসেন,Loading...
Non Misogynistic,দিদির বাটিকের কাজ দারুণ,Loading...
Non Misogynistic,মেয়েটার পেশাদারিত্ব ও সততার মিশ্রণ তাকে একজন আদর্শ কর্মী করেছে।,Loading...
Non Misogynistic,"আপুটি একা বসে খায়, কাউকে সাথে ডাকে না।",Loading...
Sexual Harassment,এই মাগির দেহ দুই বাচ্চার মা হয়েও কড়া আছে,Loading...
Non Misogynistic,মেয়েটা ছাত্র সংগঠনের নেতৃত্বে থেকে বেশ কয়েকটি সামাজিক উদ্যোগ নিয়েছে।,Loading...
Non Misogynistic,"আপু কাউকে দেখানোর জন্য নয়, নিজের জন্য সাফল্য চান",Loading...
Non Misogynistic,এই নায়িকার অভিনয় খুব সুন্দর,Loading...
Non Misogynistic,মেয়েটা কাজের মাঝে হঠাৎ হাসে কারণ জিজ্ঞেস করলে বলে না,Loading...
Sexual Harassment,দিদি রুম ডেটে না এলে নগ্ন ছবি ভাইরাল করে দেব,Loading...
Non Misogynistic,নারী আইনজীবীর যুক্তি সবার মন কেড়েছে,Loading...
Non Misogynistic,দিদির অনুপ্রেরণাদায়ক কথা মানুষের জীবন বদলায়,Loading...
Sexual Harassment,এক রাতের জন্য কত লাগবে বল? যতই লাগুক আমি তোকে চাই,Loading...
Derogation,এই মেয়ে একটু বেশি ন্যাকামো করে,Loading...
Stereotype,মেয়েরা কথা শুরু করলে শেষ করার নাম নেই।,Loading...
Non Misogynistic,মেয়েটা নিজের স্বপ্নের কথা বলার সময় চোখে আলো ছিল,Loading...
Derogation,এই বেডির চুলের স্টাইল দেখলে মনে হয় ঘুম থেকে উঠে সরাসরি এসেছে।,Loading...
Non Misogynistic,মেয়েটার পরিবেশবান্ধব উদ্ভাবন প্রশংসনীয়,Loading...
Derogation,আপুটার মেকআপের ওজন ওর নিজের ওজনের চেয়ে বেশি হবে,Loading...
Sexual Harassment,ভাবির শরীর দেখে হাত না মেরে থাকা যায় না,Loading...
Stereotype,"মানতেই হবে, মেয়েদের সম্মান সুচের মতো অল্প তেই নষ্ট হয়ে যায়",Loading...
Sexual Harassment,"এই মহিলা দেহ ব্যবসা চালিয়ে যাও, ভালোই আয় হবে",Loading...
Non Misogynistic,মেয়েটার পদার্থবিজ্ঞানের উত্তর দেখে পরীক্ষক মন্তব্য লিখেছেন 'অনবদ্য'।,Loading...
Sexual Harassment,ব্লাউজটা আরও খোলামেলা হলে দেখতে নাকি বেশি আকর্ষণীয় লাগত।,The blouse would have looked more attractive if it had been more open.
Non Misogynistic,মেয়েটার নেতৃত্বে দলের প্রতিটি সদস্য নিজেকে মূল্যবান মনে করে।,Loading...
Derogation,মেয়েটার লেখার হাত এত খারাপ যে বস রিজেক্ট করে।,Loading...
Derogation,এই মেয়ের হতাশা দেখলে মনে হয় নিজে কিছু করার চেষ্টাই নেই,Loading...
Derogation,"গায়ে জামা কাপড় না রেখে ছবি তুলে, আবার কিছু বললে গায়ে ফোসকা পড়ে",Loading...
Non Misogynistic,মেয়েটার মা তাকে শিখিয়েছেন পরনির্ভরশীল না হতে।,Loading...
Non Misogynistic,ভাবির বুদ্ধি পরিবারের সিদ্ধান্তে গুরুত্বপূর্ণ ভূমিকা রাখে,Loading...
Derogation,মেয়েটার সাইজ দেখে মনে হয় যেনো গরুর ওষুধ খেয়ে শরীর বাড়াইসে,Loading...
Derogation,মেয়েটার সমালোচনা করলে রেগে যায় ফালতু,Loading...
Sexual Harassment,এই মাগি বুড়ি হয়েও এখনো আগুনের মতো জ্বলছে,Loading...
Stereotype,"বলে রাখি, যেকোনো বড় সংকটে মেয়েরা চাপ নিতে পারে না, তা না হলে সমাজ চলে কীভাবে?",Loading...
Non Misogynistic,মেয়েটা ইতিহাস বিষয়ে এতটাই দক্ষ যে অধ্যাপক তার নোট সবাইকে দেখান।,Loading...
Derogation,"মেয়েটা অফিসে সারাদিন অন্যদের নিয়ে কথা বলে, কাজ করে না।",Loading...
Non Misogynistic,দিদির বচন সকলকে মুগ্ধ করে,Loading...
Sexual Harassment,"আপুটা দেখতে সেক্সি মাল, খেলে আরো মজা",Loading...
Derogation,মেয়েটার অগোছালো জীবনযাপন দেখলে মাথা ঘোরে।,Loading...
Non Misogynistic,"মেয়েটা যদি অবিচারের শিকার হয়, তাহলে আইনি সহায়তা তার অধিকার।","If a girl is a victim of injustice, she has the right to legal assistance."
Sexual Harassment,আহ্! কি অপূর্ব পাহাড় ভাগ্য তো তাহার যে করিয়াছে আহার,Loading...
Derogation,মেয়েটার সাংস্কৃতিক জ্ঞান নেই বললেই চলে,Loading...
Non Misogynistic,মহিলা স্ক্রিপ্ট রাইটার গল্পকে জীবন্ত করে তোলেন,Loading...
Stereotype,ফ্যাশনদুরস্ত মেয়েরা সচরাচর বেশি সাজগোজ মানেই দৃষ্টি কুড়ানোর ধান্ধা।,Loading...
Derogation,এই মেয়েটার সমালোচনা সহ্য করার ক্ষমতা নেই,Loading...
Non Misogynistic,মেয়েটার এই কথাটা শুনে মনে হলো বড় হওয়া মানেই দায়িত্ববোধ,Loading...
Sexual Harassment,মহিলাটি দুধের সাইজ অনুযায় দাম বেশি চেয়েছে,Loading...
Non Misogynistic,এই মেয়েটি নিজের কাজ নিজেই করতে পছন্দ করে,Loading...
Stereotype,"যুগ যুগ ধরে দেখে আসছি, বিয়েই তাদের জীবনের একমাত্র সফলতা।","For ages, we have seen that marriage is the only success in their lives."
Stereotype,মেয়েরা আবেগ দিয়ে সিদ্ধান্ত নেয় তাই বেশি ভুল হয়।,Loading...
Derogation,মেয়েটার মুখের সামনে গেলে কাঁচা পেঁয়াজ খেয়ে বসে আছে।,Loading...
Derogation,"তুমি নষ্ট প্রোডাক্ট, মার্কেটে চলবে না",Loading...
Non Misogynistic,মেয়েটির হাতের ক্ষীর মুগ্ধ করে,Loading...
Stereotype,"দেখো, বাঙালি মেয়েদের উচিত নিজের চেয়ে পরিবারের সম্মানকে বড় ভাবা।",Loading...
Non Misogynistic,মেয়েটি বিভিন্ন মতামতের সম্মিলন তৈরি করতে পারেন,Loading...
Stereotype,মেয়েরা সাধারণত প্রযুক্তি বিষয়ে তেমন ভালো না,Loading...
Derogation,"এই বেডির পায়ের যত্ন নেই, চটি পরলেও পা বিশ্রী লাগে।",Loading...
Sexual Harassment,"বেলি ডান্স দিলে আরো ভালো লাগত, সব কিছু নাড়ানো দেখতাম",Loading...
Sexual Harassment,"আপুটি এতটুকু কাপড়ের কী দরকার, বিকিনি পরে নামলে আরো ভাইরাল হতে",Loading...
Derogation,মেয়েটাকে হরর মুভির ভুত এর মতো লাগে,Loading...
Sexual Harassment,এই সুন্দরী ব্রা না পরে একটু নাচো না একটু দেখব,Loading...
Derogation,আফা আপনে কি গাঞ্জা খাইছেন নাকি?,Loading...
Non Misogynistic,মহিলা মানবিক সহায়তা কর্মীটি শরণার্থী শিবিরে অক্লান্তভাবে কাজ করছেন।,Loading...
Derogation,তোর মত জিনিস গুলশান এ রাতে ল্যাম্পপোস্টের নিচে দাঁড়ায় থাকে,Loading...
Derogation,মেয়েটা বিপদে কাউকে সাহায্য করে না কিন্তু সুবিধায় এগিয়ে আসে,Loading...
Stereotype,মেয়েদের ইনকাম এর রাস্তাই হলো বুক প্রদর্শন করা,Loading...
Sexual Harassment,মামণি ব্লাউজের ডিজাইন সামনে দিয়ে কাটলে আরো জস লাগত,Loading...
Stereotype,নারীদের বুদ্ধি বরাবরই ছেলেদের চেয়ে এক ধাপ পিছনে,Loading...
Stereotype,"রান্নাঘরটা আসলে মেয়েদের জায়গা, ওটাই মেয়েদের সাথে যায়",Loading...
Non Misogynistic,"মেয়েটা বিশ্ববিদ্যালয়ে ভর্তি পরীক্ষায় প্রথম হয়েছে, পরিশ্রমের ফল পেয়েছে।",Loading...
Non Misogynistic,ওকে দেখতে অনেক ভদ্র স্বভাব এর মেয়ে মনে হচ্ছে,Loading...
Derogation,বাল ছিঁড়া অভিনেত্রী ঠিক মতো বগল পরিস্কার করে না।,Loading...
Non Misogynistic,মেয়েটা প্রতিটা কাজে নিজস্ব ছাপ রাখে,Loading...
Derogation,এই মহিলার রিপোর্ট পড়লে মনে হয় ছাত্রের হোমওয়ার্ক।,Loading...
Non Misogynistic,প্রতিটি মেয়ে তার নিজস্ব মূল্য বোঝার এবং সেটা ধরে রাখার ক্ষমতা রাখে।,Loading...
Derogation,স্লিম হয়ে কি হবে মেয়েটাকে হাতির মতোই দেখতে লাগবে,Loading...
Stereotype,নারী সাংবাদিকতা মানেই যত সব আজাইরা নিউজ,Loading...
Stereotype,মেয়েরা অফিসে কান্নাকাটি করে পরিবেশ নষ্ট করে,Loading...
Stereotype,বেশিরভাগ মেয়েরাই বিয়ের পর মোটা হয়ে যায়,Loading...
Derogation,আরে তুই তো বাজারের মেয়েদের থেকেও খারাপ,Loading...
Sexual Harassment,আমি আপনাকে করতে চাই,Loading...
Sexual Harassment,"ভাবি, ১৮+ ভিডিও দেখতে চাই",Loading...
Non Misogynistic,মেয়েটার অ্যাথলেটিক দক্ষতা দেখে কোচরা অবাক।,Loading...
Derogation,"মেয়েটাকে তালাক হওয়ার পরে আবার ভালো সঙ্গী খোঁজে, আমরা কি বোকা?",Loading...
Non Misogynistic,মেয়েদের শিক্ষায় বিনিয়োগ সবচেয়ে বেশি লাভজনক সামাজিক বিনিয়োগ।,Loading...
Non Misogynistic,মেয়েদের সমান সুযোগ ও মর্যাদা একটি আধুনিক সমাজের অপরিহার্য শর্ত।,Loading...
Non Misogynistic,মেয়েটার প্রতিটি সংকটে একটা নতুন শক্তি খুঁজে পাওয়ার ক্ষমতা আছে।,Loading...
Non Misogynistic,নারীর আত্মমর্যাদা সমাজের অলংকার,Loading...
Derogation,"ওর স্বামী ছেড়ে দিয়েছে ঠিকই আছে, কে সহ্য করতে পারবে?",Loading...
Non Misogynistic,"মেয়েটার আত্মবিশ্বাস পরিবেশ থেকে আসে না, নিজের ভেতর থেকে আসে।",Loading...
Sexual Harassment,"এই সুন্দরীর পাহাড় এত বড় কীভাবে, কতজন টিপেছে?",Loading...
Non Misogynistic,মেয়েটার সরলতা মুখের সৌন্দর্য বাড়িয়ে দেয়,Loading...
Non Misogynistic,দিদি পুরো বাড়িকে নতুন করে গুছিয়েছে,Loading...
Sexual Harassment,"আপু , কাপড়টা একটু খুলে দেখাও",Loading...
Non Misogynistic,"মেয়েটা অর্থনীতিবিদ, তার মানে ভালোই শিক্ষিত।",Loading...
Stereotype,আসলে হোটেলে একা চেক-ইন করা মেয়েদের প্রতি কর্মচারীরা সন্দেহের চোখে তাকায়,Loading...
Non Misogynistic,মেয়েটির বাঁশির সুর হৃদয় ছোঁয়,Loading...
Derogation,এই মেয়ের মুখটা দেখলে মনে হয় পুরনো জুতার তলা,Loading...
Stereotype,আসলে অশিক্ষিত গ্রামের মেয়েদের ওপর শহরের মেয়েদের প্রভাব মারাত্মক।,Loading...
Non Misogynistic,"একটি শিক্ষিত মেয়ে শুধু নিজের নয়, পুরো পরিবারের ভবিষ্যৎ বদলে দিতে পারে।",Loading...
Sexual Harassment,মাগিদের সিডিউল সব সময় ফিলাপ থাকে কোন সময় খালি থাকে না,Loading...
Non Misogynistic,মেয়েটির প্রতিটি অর্জন অর্থপূর্ণ,Loading...
Sexual Harassment,"সব কয়টা নটি এক সাথে নাচতেছে, একজনের যদি খাটে পাইতাম",Loading...
Stereotype,নিজে শিক্ষিত হলেও রান্নাঘর তাদের জন্যই সাজানো — এটাই বাস্তব।,Loading...
Non Misogynistic,আপুর সৃজনশীলতা সত্যিই অসাধারণ,Loading...
Non Misogynistic,মেয়েটার ধৈর্য সত্যিই অনুকরণীয়,Loading...
Stereotype,গোপন তথ্য মেয়েদের কাছে দিলে তা বেশিদিন গোপন থাকে না—এমন ধারণা প্রচলিত।,Loading...
Stereotype,মেয়েরা পরিবারের কাছে অনেক বড় বোঝা,Loading...
Non Misogynistic,"মেয়েটা পড়ার ফাঁকে বাকিদের পড়াতেও সাহায্য করে, নিঃস্বার্থ মনোভাব।",Loading...
Non Misogynistic,নারী-পুরুষ সমতা নিশ্চিতে পরিবার থেকে রাষ্ট্র পর্যন্ত সবাইকে ভূমিকা রাখতে হবে।,Loading...
Sexual Harassment,ওড়না ছাড়া বাইরে বের হয়ে পুরুষদের দৃষ্টি আকর্ষণ করতে চাইছ নাকি?,Loading...
Stereotype,"মেয়ে মানুষ অধিকাংশ সময় রান্নাঘরে যত স্বাচ্ছন্দ্য, বাইরের জগতে ততটা মানিয়ে নিতে পারে না",Loading...
Stereotype,মেয়েরা সংসারের কথা মাথায় না রাখলে পরিবার ধ্বংস হয়ে যায়,Loading...
Stereotype,"দেখুন, অফিসগামী মেয়েরা সচরাচর অভিমানের সাগর হয়ে বসে থাকে, বাইরে যাওয়া বন্ধ, এটা মানতেই হবে।",Loading...
Derogation,ওই মেয়ের মুখে এত দাঁত যে হাসলে মনে হয় পিয়ানো বাজছে,Loading...
Derogation,এই মেয়েটা এত মোটা যে পথ চলতে গেলে রাস্তা সরে যায়,Loading...
Non Misogynistic,মেয়েটার সামাজিক সচেতনতামূলক কাজ অনেক পরিবারের জীবন বদলে দিয়েছে।,Loading...
Non Misogynistic,মেয়েটার সাফল্য তার পরিবার ও সম্প্রদায়কে আলোকিত করছে।,Loading...
Sexual Harassment,চামড়া সাদা হলে কি হবে দাতে এত ময়লা আর নিচের সোনায় কত হতে পারে সেটা তো বুঝতেই পারছি,Loading...
Derogation,এই মহিলা ভালো মেয়ের মুখোশ পরে আছে,Loading...
Stereotype,"যুগ যুগ ধরে দেখে আসছি, গোপন কথা মেয়েদের পেটে থাকে না",Loading...
Stereotype,মেয়েরা ই-স্পোর্টসে ছেলেদের সাথে পারবে না,Loading...
Stereotype,"মেয়ে সন্তান জন্ম নিলে সবাই মন খারাপ করবে, এটাই স্বাভাবিক",Loading...
Stereotype,"অভিজ্ঞতা বলে,মেয়ে হিসেবে রান্না না জানাটা সবচেয়ে বড় ব্যর্থতা — এটাই বাস্তব।",Loading...
Non Misogynistic,মেয়েদের নেতৃত্বে অর্থনীতি এগিয়ে যাবে,Loading...
Sexual Harassment,"মেয়েটা তো মাল, ৫০ হাজার দিলে রাতের জন্য পাওয়া যাবে",Loading...
Sexual Harassment,আপু ১৮+ ভিডিও থাকলে আপলোড করো আমরা দেখার জন্য বসে আছি,Loading...
Sexual Harassment,"এতো ছেলের সাথে রাত কাটিয়েছে, তাই তার অভিজ্ঞতা ভালো।",Loading...
Sexual Harassment,"এই নায়িকা ডান্সে এত খোলামেলা কেন, শাড়িটা একদম খুলে ফেলো",Loading...
Derogation,এই মেয়ের ছবি তুললে ক্যামেরা ভেঙে যাবে নাকি সন্দেহ হয়,Loading...
Non Misogynistic,আগে অভিনয় শিখতে হবে তারপর জাতীয় পুরস্কারের কথা চিন্তা করতে হবে।,Loading...
Derogation,এই মহিলার অভিজ্ঞতার অভাব কথায় ধরা পড়ে,Loading...
Sexual Harassment,বেটি এত কচি বয়সে পাহাড় এত বড় কীভাবে?,Loading...
Non Misogynistic,বোনের ভালোবাসা স্বার্থহীন,Loading...
Stereotype,"মেয়েরা পোশাক নিয়ে বেশি ভাবে, কাজ নিয়ে কম",Loading...
Non Misogynistic,মহিলা টেনিস খেলোয়াড় কোর্টে অসাধারণ পারফরম্যান্স দেখান,Loading...
Non Misogynistic,মেয়েটার ক্রীড়া দক্ষতা ও অদম্য মনোভাব তার সহখেলোয়াড়দের অনুপ্রেরণা দেয়।,Loading...
Sexual Harassment,মেয়েটা বিয়ের আগে কত ছেলের সাথে রাত কাটাইছে হিসাব নাই,Loading...
Derogation,ওর গোল্ড ডিগার শুধুমাত্র সুগার ড্যাডি পেয়েছে বলে বিয়ে করতে রাজি হইছে,Loading...
Non Misogynistic,আপুর অ্যাবস্ট্র্যাক্ট পেইন্টিং চিন্তার খোরাক,Loading...
Stereotype,"সবাই জানে, একা রেস্টুরেন্টে বসে থাকা মেয়েদের সবাই খারাপ চোখে দেখে",Loading...
Non Misogynistic,মেয়েটা নাচলো নাকি ইয়োগা করলো বুজলাম না,Loading...
Non Misogynistic,মেয়েটার সামাজিক উদ্যোগ সমাজে বৈষম্য কমাতে গুরুত্বপূর্ণ ভূমিকা রাখছে।,Loading...
Non Misogynistic,বিশ্ববিদ্যালয়ে মেয়েদের সংখ্যা বাড়া মানে দেশের শিক্ষার মান উন্নত হওয়া।,Loading...
Derogation,এই মহিলার মেধার চেয়ে মুখের জোর বেশি।,Loading...
Stereotype,"মেয়েরা সহজে প্রভাবিত হয়, নিজের মাথায় কিছু নেই",Loading...
Non Misogynistic,"মেয়েটা সমাজে পরিবর্তন আনতে একাই কাজ শুরু করেছিল, এখন অনেকে সাথে যোগ দিয়েছে।",Loading...
Stereotype,"মেয়েদের বয়স বাড়লে সৌন্দর্য কমে, তখন মান কমে যায়",Loading...
Derogation,বুড়ির ও আবার কচি ছেলে চাই,Loading...
Non Misogynistic,মেয়েটা যেকোনো পরিস্থিতিতে সমাধান খুঁজে বের করে।,Loading...
Derogation,এই পাগল মহিলা আবার কবে ছাড়া পাইলো পাবনা থেকে?,Loading...
Stereotype,"মেয়েরা ব্যর্থ হলে সেটা অন্যের দোষ, সফল হলে নিজের কৃতিত্ব",Loading...
Derogation,মেয়েটার কথার কোনো দাম নেই।,Loading...
Sexual Harassment,তোমার শরীর এর সুবাস আমাকে মাতাল করে দিয়েছে,Loading...
Stereotype,মেয়েরা প্রতিবাদ করলে সমাজ বলে লাগামছাড়া হয়ে গেছে,Loading...
Non Misogynistic,"মেয়েটা থানায় অভিযোগ করেছে, এটা তার সাহস ও আইনের প্রতি বিশ্বাসের প্রমাণ।",Loading...
Stereotype,"মেয়েদের বেতন নিজের হাতে রাখা উচিত না, স্বামীকে দিয়ে দেয়া উচিত",Loading...
Stereotype,ছেলের বউ মানেই হাতে হাতে কাজ করার মানুষ।,Loading...
Sexual Harassment,"তোর নিচেরটাও কুকুরের মতো কালো, কুত্তাই নেবে তোকে",Loading...
Stereotype,গ্রামের মেয়েদের উচিত বাবার পছন্দের পাত্রকেই জীবনসঙ্গী মেনে নেওয়া।,Loading...
Sexual Harassment,"এই নায়িকার চামড়া টাইট থাকলেই মার্কেটে চলবে, নইলে নয়",Loading...
Sexual Harassment,"সুন্দরীকে এক সপ্তাহের জন্য চাই আবাসিক হোটেলে, ১০ হাজার বুঝে নিও",Loading...
Derogation,ওই মেয়েকে যত ফর্সা হওয়ার ক্রিম মাখাক কাজ হবে না,Loading...
Stereotype,মেয়েরা পুলিশ হলে অপরাধী ভয় পায় না,Loading...
Stereotype,"আসলে মহিলা পাইলটের বিমান কতটা নিরাপদ, ভাবার বিষয়।",Loading...
Non Misogynistic,মেয়েটি বৃদ্ধাশ্রমের আবাসিকদের গল্প শোনেন,Loading...
Derogation,মেয়েটার মুখ থেকে মেকআপ উঠালে একটা ভূতই বের হবে,Loading...
Stereotype,বর্তমানে মেয়েরা ডিভোর্স নিয়ে ব্যবসা করে,Loading...
Stereotype,বাড়ির পুরুষের ইচ্ছা মেয়েরা মেনে চললেই সংসারে শান্তি — এই কথাটা কখনোই পুরোনো হবে না।,Loading...
Sexual Harassment,চামরা বেচা টাকা দিয়ে কিনাই যায় দামি দামি পোশাক,Loading...
Stereotype,"দেখুন, মেয়েদের বিয়ের বয়স একবার পেরিয়ে গেলে কেউ আর ফিরে তাকায় না।",Loading...
Non Misogynistic,মেয়েটা ইন্টার্নশিপের সুযোগ কাজে লাগিয়ে অনেক কিছু শিখে নিয়েছে।,Loading...
Stereotype,মেয়েরা রক্ত পিপাসু ডাইনি,Loading...
Sexual Harassment,এই নায়িকার পাহাড় টিপতে পারলে জীবন ধন্য হতো,Loading...
Non Misogynistic,বোনটির গণসঙ্গীতে সমাজের কথা ফুটে উঠেছে,Loading...
Non Misogynistic,দিদির অনলাইন কোর্স অনেকের কর্মসংস্থানে সাহায্য করেছে,Loading...
Derogation,মেয়েটার লেখার অবস্থা দেখলে বোঝা যায় শিক্ষা কতটুকু ব্যর্থ হয়েছে,Loading...
Derogation,"আন্টি, আপনি আগে পেটের ভুঁড়ি কমান",Loading...
Stereotype,"দেখো, তরুণী মেয়েদের উচিত রান্নাঘরের দায়িত্ব হাসিমুখে গ্রহণ করা।",Loading...
Sexual Harassment,মন থেকে উঠে গিয়ে ধনের উপরে গিয়া বসছেন,Loading...
Stereotype,মেয়েরা সংসার বাদ দিয়ে ক্যারিয়ার করতে চাইলে পরিবার ভেঙে যায়,Loading...
Derogation,মেয়েটার পরিবার তাকে মানুষ করতে পারেনি সেটা তার আচরণ দেখলেই বোঝা যায়।,Loading...
Derogation,এই মেয়েটা নায়িকা বলে নিজেকে মনে করে অথচ কোনো দক্ষতাই নেই,Loading...
Sexual Harassment,এই নায়িকা পল্লীতে গেলে আরো ভালো কাস্টমার পাবে,Loading...
Derogation,"তোরে দেখলে তো বমি আসে,তোরে কে ভালোবাসবে বল",Loading...
Non Misogynistic,মহিলা পরিবেশ সংরক্ষণকারীটি ঐতিহ্যবাহী বন রক্ষায় সফল আন্দোলন করেছেন।,Loading...
Non Misogynistic,পরিবারে মেয়েটার পেশাদার সাফল্যকে উদযাপন করা হয়।,Loading...
Derogation,এই মহিলার ফাইন্যান্সিয়াল রিপোর্ট দেখলে অ্যাকাউন্টেন্ট কান্না করবে।,Loading...
Stereotype,মেয়েরা শুধু ঘর পরিষ্কার করতে ভালো,Loading...
Stereotype,গলা ছেড়ে গান গাওয়া মেয়েরা বেহায়া,Loading...
Derogation,"মেয়েটা নিজের পেটের সাইজের সমান বড় বড় কথা বলছে , কতবড় বেয়াদপ",Loading...
Stereotype,টিকটক-রিল বানানো মেয়েদের সংসার করার উপযোগী মনে করা যায় না।,Loading...
Derogation,ওর মুখের মেকআপ উঠাতেই এক ডজন ভিম সাবানের দরকার হবে,Loading...
Derogation,এই মেয়ের কথা বলার ধরন দেখলে মনে হয় শিষ্টাচার শেখেনি,Loading...
Derogation,মেয়েটার অভিনয় দেখলে মনে হয় প্রথম দিন অভিনয় শিখছে,Loading...
Derogation,টাকার জন্য আর কত নিচে নামবেন আপু?,Loading...
Sexual Harassment,এই মহিলা কে কিনতে কত টাকা লাগবে?,Loading...
Non Misogynistic,এই বেডি যদি শিক্ষিত হইতো তাহলে কেউ আর কিছু করতে পারতো না,Loading...
Derogation,এই বেডির চোখের নিচে কালো দাগ দেখলে মনে হয় কবে শেষবার ঘুমিয়েছে।,Loading...
Stereotype,বেতন বেশি পাওয়া মেয়েদের যোগ্যতা নিয়ে প্রশ্ন ওঠে,Loading...
Sexual Harassment,"মালটারে সবাই খাইলো, এত্ত রস এই মহিলার খাবেই তো",Loading...
Stereotype,মেয়েরা টাকাপয়সা সামলাতে পারে না,Loading...
Stereotype,চাকরিজীবী মেয়েদের উচিত নিজের ব্যক্তিগত পরিচয়কে স্বামীর পরিচয়ের ছায়ায় গড়ে তোলা,Loading...
Sexual Harassment,"সুন্দরীর গোপন জায়গা বিক্রি করলে দাম বলো, ইনবক্সে অপেক্ষা করছি",Loading...
Derogation,মেয়েটা আস্তে কথা বললেও কেউ মনোযোগ দিয়ে শোনে না।,Loading...
Sexual Harassment,তোর বোন কে চোদার আমার খুব শখ,Loading...
Non Misogynistic,"আপু যে সততা দেখাইলা, ওইরকম সবাই পারে না",Loading...
Non Misogynistic,"মেয়েরা কী পোশাক পরবে, সেটা একান্তই তার নিজের ব্যাপার।",Loading...
Stereotype,মেয়েরা অফিসের পরিবেশ আবেগময় করে তোলে,Loading...
Stereotype,অপরিচিতদের সঙ্গে হেসে কথা বলা মেয়েদের লজ্জা নেই।,Loading...
Non Misogynistic,"তুমি শুধু সুন্দর না, একদম মায়াবীও",Loading...
Sexual Harassment,শোনো তোমার চলাফেরার উপর নির্ভর করে তোমার ইজ্জত আমি নষ্ট করবো নাকি করবো না,Loading...
Non Misogynistic,মেয়েদের সমান সুযোগ দেওয়া আর তাদের অধিকার নিশ্চিত করা একটিই কথা।,Loading...
Sexual Harassment,তোমার বিরাট পাহাড়ের নিচে বড় শহরে অনেকের অনেক আহার,Loading...
Sexual Harassment,"আপু নমিনেশন পেতে হলে হোটেলে রাত কাটাতে হয়, আসেন আমার কাছে",Loading...
Non Misogynistic,মেয়েটার আচরণে সম্মান প্রকাশ পায়,Loading...
Derogation,এই মেয়ে বস্তি থেকে এসে হঠাৎ ধনী হয়ে অহংকার শুরু করেছে,Loading...
Derogation,এই মহিলা সামনে মিষ্টি হেসে পেছনে ছুরি মারে,Loading...
Non Misogynistic,নারী মার্শাল আর্ট প্রশিক্ষক অনেক মেয়ের আত্মবিশ্বাস বাড়িয়েছেন,Loading...
Derogation,এই মহিলারে মানুষের সাথে মিশতে দিলে পরিস্থিতি নষ্ট হয়,Loading...
Non Misogynistic,মেয়েটি কঠিন প্রশ্নও সাহসের সাথে মোকাবেলা করে,Loading...
Sexual Harassment,মেয়েটার জিনিস কিন্তু কড়া,Loading...
Derogation,উফ মেয়েটার বকবকানি শুনলে মনে হয় রেডিও বন্ধ করা যাচ্ছে না,Loading...
Derogation,উনাকে কোন দিক থেকে নারী মনে হচ্ছে? উনার চেহারা পোশাক সকদিক থেকেই তো উনি পুরুষ,Loading...
Derogation,এই মেয়েরে অনুষ্ঠানে নিলে বিব্রত হতে হয়,Loading...
Derogation,মেয়েটার কাজের মান দেখে বোঝা যায় ট্রেনিং দরকার।,Loading...
Stereotype,মেয়েরা স্পোর্টস জার্নালিজমে গেলে লোকে বিশ্বাসযোগ্যতা পায় না,Loading...
Non Misogynistic,মহিলা পুনর্বাসন বিশেষজ্ঞটি দুর্যোগকবলিত এলাকায় অক্লান্তভাবে কাজ করছেন।,Loading...
Stereotype,মেয়েরা ফোনে বেশি সময় দিলে সংসারে অমনোযোগী হয়,Loading...
Stereotype,"নতুন প্রজন্মের মেয়েরা সংসার গোছানো ছাড়া আর কিছু ঠিকভাবে পারে না, এটা মানতেই হবে।",Loading...
Non Misogynistic,মহিলা ইউটিউবার শিক্ষামূলক কনটেন্ট দিয়ে সমাজে অবদান রাখছেন,Loading...
Stereotype,এত গলার জোর হবে কেনো মহিলা মানুষের?,Why do women have such loud voices?
Non Misogynistic,মহিলা উদ্যোক্তারা স্থানীয় অর্থনীতিতে গুরুত্বপূর্ণ অবদান রাখছেন।,Loading...
Stereotype,"মেয়েদের আবার কীসের ইনডিপেনডেন্ট হওয়া, ওরা ডিপেন্ড করে নিজের বাবা মা আর স্বামীর উপর",Loading...
Stereotype,মেয়েরা সমালোচনা পেলে কাজের বদলে মন খারাপ করে,Loading...
Non Misogynistic,দিদির সংযম অনুপ্রেরণাদায়ক,Loading...
Derogation,"সে কি আসলেই মহিলা, নাকি হিজড়া",Loading...
Stereotype,"বিয়ের পর চাকরি ছাড়লেই সংসার বাঁচে, তা না হলে সমাজ চলে কীভাবে?",Loading...
Non Misogynistic,"মেয়েটা নিজের সাফল্যের গল্প নিজেই লিখছে, এবং সেই গল্প অনুপ্রেরণাদায়ক।",Loading...
Derogation,তোর মতো অসভ্য মেয়েরা কিছু জানে না,Loading...
Derogation,"তুই একটা টয়লেটের জুতা, সবাই ব্যবহার করে।",Loading...
Sexual Harassment,ব্লাউজ ছাড়া শুধু ব্রা পড়ে আসলে আরো বেশি নজরে আসতো,Loading...
Stereotype,পোশাক দেখলেই বুঝা যায় কোন ধরনের মেয়ে,You can tell what kind of girl she is just by looking at her clothes.
Non Misogynistic,মেয়েটার সামাজিক সচেতনতামূলক কার্যক্রম হাজার হাজার মানুষকে উপকৃত করেছে।,Loading...
Stereotype,মেয়ের বিয়ে যত দেরিতে হয় পরিবারের চিন্তা তত বেড়ে যায় এটাই বাস্তব,Loading...
Derogation,এই মহিলার সীমাবদ্ধতা নিজে বুঝলে এত উচ্চাকাঙ্ক্ষা থাকত না,Loading...
Non Misogynistic,মেয়েটার কর্মোদ্যম ও মনোবল তাকে সবার মধ্যে আলাদা করে তোলে।,Loading...
Derogation,এই মহিলার অফিসের কাজ দেখলে মনে হয় প্রথমদিন এসেছে।,Loading...
Sexual Harassment,রেইপ হয়ে সেলিব্রিটি হয়ে গেল,Loading...
Sexual Harassment,"আপু হোটেলে কাজ করো, কষ্ট কম টাকা বেশি",Loading...
Sexual Harassment,"সবার নজর নাভির দিকে, ওফ কি যে লাগছে",Loading...
Stereotype,মেয়েদের সবাই শুধু ভিজ্যুয়াল অ্যাট্রাকশন হিসেবে দেখে,Loading...
Derogation,ঠোঁট বাকা প্রতিবন্ধী মেয়ের মতো লাগছে,Loading...
Non Misogynistic,"কখনো নালিশ করে না, নিজেই সামলে নেয় সব, এটাই একটা মেয়ের গুণ।",Loading...
Sexual Harassment,মামণির পাহাড় ছাড়া ভিডিওতে কিছুই নড়ছে না,Loading...
Stereotype,আধুনিক মেয়েদের উচিত পরিবারের আদর্শ মেনে পোশাক পরা।,Loading...
Derogation,এই মেয়েটা মিথ্যা বলতে বলতে নিজেও ভুলে গেছে সত্যিটা কী,Loading...
Sexual Harassment,এই বেডির ফিগার দেখলে মনে হয় হ্যাঙ্গারে ঝোলানো জামা।,Loading...
Stereotype,"অভিজ্ঞতা বলে, ট্যাক্স-ইনসিউরেন্স বুঝতে মেয়েদের লাগে দিন-রাত।",Loading...
Sexual Harassment,"আপনার দুধগুলো ধরে একটু টিপে দিই, জ্বালা মিটবে",Loading...
Derogation,মেয়েটার সামান্য সমস্যায় ভেঙে পড়া দেখলে কষ্ট লাগে না বরং বিরক্ত লাগে,Loading...
Derogation,মেয়েটার হাঁটার স্টাইল দেখে মনে হয় ব্যাঙ লাফ দিচ্ছে।,Loading...
Stereotype,মেয়েরা নেতৃত্ব দেওয়ার সময় সঠিক সিদ্ধান্ত নিতে পারে না,Loading...
Stereotype,মেয়ে হয়ে এত আয় করলে ভালো বর পাবে না,Loading...
Stereotype,মেয়েরা স্ট্র্যাটেজিক চিন্তায় পিছিয়ে থাকে,Loading...
Stereotype,নিজের পছন্দে জীবন সাজানোর অধিকার মেয়েদের নেই।,Loading...
Derogation,মেয়েটার সরলতা আসলে বোকামি,Loading...
Derogation,এই মহিলার সাথে দলে থাকলে হারা মানে নিশ্চিত।,Loading...
Non Misogynistic,আপুর জ্ঞানের ভাণ্ডার অনেক সমৃদ্ধ,Loading...
Stereotype,"মেয়েরা অফিসে রাজনীতি বেশি করে, এজন্যই পদোন্নতি পায়",Loading...
Stereotype,মেয়েদের সবাই শুধু শরীর আর সৌন্দর্য দিয়ে দেখে,Loading...
Sexual Harassment,"এই মডেল মডেলিং করে না, ছেলেদের দুধ দেখায়",Loading...
Non Misogynistic,বোনটির আগমনে পরিবেশ আনন্দময় হয়,Loading...
Sexual Harassment,কাপড় খোলার সময় কাকে পাশে নিয়েছিলেন?,Loading...
Non Misogynistic,মেয়েটার লোকনৃত্য সংস্কৃতির পরিচয় বহন করে,Loading...
Non Misogynistic,বোনটির স্বচ্ছ আচরণ আস্থা তৈরি করে,Loading...
Derogation,"এই মহিলার শরীরে একটুও মাংস নেই, হাড় গণনা করা যায়।",Loading...
Non Misogynistic,"মেয়েটার কণ্ঠে এই গজলটা শুনে চুপ করে বসে রইলাম, এতো স্নিগ্ধ লাগলো",Loading...
Derogation,এই মেয়ের বাপ মার ঠিক নাই,Loading...
Derogation,করে তো বাংলা নাটক কিন্তু ভাব দেখলে মনে হয় হলিউড অভিনেত্রী,Loading...
Derogation,তুমার পোশাক দেখেই বুঝা যাচ্ছে কী হয়েছে,Loading...
Non Misogynistic,মেয়েটা চুপচাপ হলেও অনেক কিছু বোঝে,Loading...
Derogation,এই মেয়েটার নাক এত বড় যে নিঃশ্বাস নিলে আশেপাশের বাতাস শেষ হয়ে যায়,Loading...
Sexual Harassment,এইসব খোলা মেলা পোশাক পরে নিজেকে সুন্দর দেখিয়ে বাজারে চওড়া দামে বিক্রি হচ্ছে,Loading...
Non Misogynistic,মহিলা কবিটির কবিতা পাঠ্যপুস্তকে অন্তর্ভুক্ত হয়েছে।,Loading...
Derogation,তোর মতো মেয়ে সত্যিকারের উদ্যম দেখালে অনেক কিছু হতে পারতো।,Loading...
Stereotype,"বাচ্চা হলে মেয়েদের চাকরি ছেড়ে দেওয়াই স্বাভাবিক, সংসারই আগে",Loading...
Non Misogynistic,আপু তোমার জীবনের গল্পটা পড়ে অনেকক্ষণ ভাবলাম,Loading...
Stereotype,রান্নায় হাত না লাগালে বাড়ির মানসম্মান থাকে না।,Loading...
Non Misogynistic,মেয়েটা অডিটিং ফার্মে নিজের কাজের মান দিয়ে সম্মান অর্জন করেছে।,Loading...
Stereotype,"বলে রাখি, বউ হিসেবে রান্না না জানাটা সবচেয়ে বড় ব্যর্থতা — এটাই সত্য।",Loading...
Non Misogynistic,একটি পরিবার তখনই পূর্ণ হয় যখন প্রতিটি সদস্যের মতামত ও স্বপ্নকে সমান মূল্য দেওয়া হয়।,Loading...
Stereotype,মেয়েদের সিদ্ধান্ত সংসারে না টেনে আনাই ভালো,Loading...
Non Misogynistic,মেয়েটা নিজের ক্যারিয়ার গোছাতে পড়াশোনায় কোনো আপোস করেনি।,Loading...
Non Misogynistic,আপু সমাজের চাপের কাছে নতি স্বীকার করেননি,Loading...
Stereotype,আধুনিক মেয়েদের উচিত কোনো অবস্থাতেই বাবা মায়ের মুখের উপর কথা না বলা,Modern girls should never speak against their parents.
Non Misogynistic,বোনটি প্রতিকূলতা সত্ত্বেও এগিয়ে গেছেন,Loading...
Sexual Harassment,"মেয়েটার যে গঠন ছবি তুলতে জুম করতে লাগে না, অটো জুম হয়",Loading...
Stereotype,মেয়েরা নিজেরাই নিজেদেরকে জাজ করে,Loading...
Derogation,"তুমি নায়িকা হওয়ার স্বপ্ন দেখো, কিন্তু আয়নায় একবার দেখেছ নিজেকে?",Loading...
Derogation,তোদের মত মেয়েদের কারণে ছেলেদের চোখের নজর নষ্ট হয় -,Loading...
Non Misogynistic,মেয়েদের সমান মর্যাদা ও সুযোগ নিশ্চিত করা একটি সুষম ও ন্যায্য সমাজের শর্ত।,Loading...
Stereotype,মেয়েরা ছোট কথায় বড় আঘাত পায়,Loading...
Non Misogynistic,মেয়েটা নিজের যত্ন নিতে জানেন,Loading...
Non Misogynistic,আপুর কণ্ঠে রবীন্দ্রসঙ্গীত মনে শান্তি আনে,Loading...
Derogation,এই চাকমা কিভাবে বাংলাদেশের নায়িকা হয় !,Loading...
Sexual Harassment,ওরে দেখতে ভালো না লাগলেও শরীর টা কিন্তু সেই জিনিস যেটা ওই মেয়ের মধ্যে আছে,Loading...
Stereotype,প্রেমে পড়লে মেয়েদের যুক্তিজ্ঞান এক রাতেই উবে যায়,Loading...
Non Misogynistic,মহিলা গণিতবিদ সংখ্যা ও সূত্রের জাদুকর,Female mathematician is a magician of numbers and formulas
Sexual Harassment,"এই আপু আসলে ভাড়ায় চলিত মাল, পরকীয়া না",Loading...
Stereotype,মেয়েরা ট্যুরে গেলে পরিবারের ইজ্জত প্রশ্নবিদ্ধ হয়।,Loading...
Sexual Harassment,"জিনিসটা একের মাল, সেই সেক্সি মাল",Loading...
Sexual Harassment,সুন্দরীর ফিগার আসলে টাকা ছাপানোর মেশিন,The beauty's figure is actually a money printing machine
Derogation,তোমার মতো মনোযোগের ভিখারি মেয়ে আমি কম দেখেছি।,Loading...
Non Misogynistic,মেয়েটা নিজের ক্যারিয়ারে এগোনোর সময় কারো অনুমতির অপেক্ষা করেনি।,Loading...
Non Misogynistic,মেয়েটার চোখে গভীরতা আছে,Loading...
Stereotype,বিয়ের পর মেয়েদের সৌন্দর্য বেড়ে যায়,Loading...
Stereotype,মেয়েরা উদ্ধারকর্মী হলে মিশন সফল হওয়া কঠিন,Loading...
Stereotype,মেয়েরা ছেলের সিদ্ধান্তে নাক গলালে সংসারে অশান্তি লাগে এটাই সত্যি,Loading...
Sexual Harassment,শরীর টা দেখানোর জন্য মডেলিং করে,Loading...
Sexual Harassment,"আপা, আপনার ফিগার দেখে কয়জন যে আউট হয়ে গেল",Loading...
Sexual Harassment,"বুড়া মহিলাকে দেখে আমার দাড়িয়ে যাওয়া ৭ ইঞ্চিটা শুয়ে পড়েছে, কি অখাদ্য",Loading...
Sexual Harassment,"মেয়েটি এতটুকু কাপড়ের কী দরকার, বাকিটাও খুলে ফেলো",Loading...
Derogation,মেয়েটার প্রোডাক্টিভিটি শূন্য।,Loading...
Non Misogynistic,মেয়েটার আত্মনির্মাণের প্রক্রিয়া চলছে এবং সে তার পথে দৃঢ়।,Loading...
Stereotype,পাবলিক ট্রান্সপোর্টে একা গেলে মেয়েদের নিজেরই বিপদ ডাকা।,Loading...
Non Misogynistic,মেয়েটার এই কভার সংটা অরিজিনালের চেয়ে কম না,Loading...
Derogation,"এমনেই মোটকা, এর উপর বিয়ের পর যেনো আরো ভুটকি হয়ে গেছে",Loading...
Non Misogynistic,মেয়েটা অন্যকে সাহায্য করতে গিয়ে নিজের কাজ ফেলে রেখেছে,Loading...
Non Misogynistic,আপুটা অনেক পরিশ্রমী।আর পরিশ্রম কখনো বিফলে যায়না,Loading...
Sexual Harassment,"বেটি, আরেকটু খুলে দেখাও না আর সহ্য হচ্ছে না",Loading...
Derogation,এই মেয়েকে নিয়ে সমাজে মুখ দেখানো কঠিন,Loading...
Non Misogynistic,"মেয়েটা একা পাহাড়ে ট্রেকিং করেছে, নিজের শক্তি ও সাহস পরীক্ষা করেছে।",Loading...
Stereotype,"আসলে বউয়ের কাজ মাথা নিচু রেখে কাজ করা, প্রশ্ন না তোলা",Loading...
Stereotype,মেয়েরাই তো অশ্লীলতার জন‍্য দায়ী,Loading...
Non Misogynistic,মেয়েটি প্রতিটা মুহূর্তকে গুরুত্ব দিয়ে কাটায়,Loading...
Non Misogynistic,মেয়েটির সংলাপ লেখার ক্ষমতা প্রশংসনীয়,Loading...
Non Misogynistic,মহিলা কূটনীতিকটি আন্তর্জাতিক মঞ্চে দেশের প্রতিনিধিত্ব করছেন দক্ষতার সাথে।,Loading...
Derogation,"এই মাগী, দাঁত মেঝে আয় আগে",Loading...
Non Misogynistic,বোনটি কথায় কাউকে ছোট করেন না,Loading...
Non Misogynistic,"পরিবার যদি মেয়েকে সমর্থন করে, তাহলে সমাজের কোনো বাধাই তাকে থামাতে পারে না।",Loading...
Stereotype,মেয়েদের বিয়ে না হলে পরিবারের মান থাকে না,Loading...
Sexual Harassment,সুন্দরী শো-তে এসে শরীর বিক্রির বিজ্ঞাপন দিচ্ছে,Loading...
Non Misogynistic,প্রতিটি মেয়ে তার নিজস্ব পথ বেছে নেওয়ার এবং সেই পথে আত্মবিশ্বাসী থাকার ক্ষমতা রাখে।,Loading...
Non Misogynistic,নারীরা শিক্ষায় এগিয়ে থাকলে দেশ এগোয়,Loading...
Stereotype,মেয়েরা মন খারাপ মানেই নাটক,Loading...
Derogation,মেয়েটার জীবনে কোনো পরিকল্পনা নেই।,Loading...
Stereotype,মেয়েদের চাকরির চেয়ে স্বামীর ক্যারিয়ারকে সাপোর্ট করা বেশি গুরুত্বপূর্ণ,Loading...
Non Misogynistic,মেয়েটার হাতের ভর্তা অসাধারণ,Loading...
Non Misogynistic,নারী ব্লগার নিজের অভিজ্ঞতা ভাগ করে অনেককে সাহায্য করেন,Loading...
Derogation,তোর শরীরে এতো কারেন্ট! তাইলে দেশে এতো লোডশেডিং কেন?,Loading...
Non Misogynistic,আজকে ওর সাথে কথা বলে মনটা অনেক হালকা লাগলো,Loading...
Derogation,এই মেয়ে কি পোশাক পরার আগে আয়নায় দেখে না?,Loading...
Stereotype,এদেশে ডিভোর্স মানেই মাইয়ার দোষ।,Loading...
Sexual Harassment,হলুদ শাড়ি পরা মহিলাটার মনে হয় জ্বালা উঠছে,Loading...
Stereotype,"মেয়েরা যত বড় চাকরিই করুক, ঘরে ঢুকলেই রান্নাঘর তাদের জায়গা",Loading...
Sexual Harassment,ম্যাডামের সোনার দরদাম করতে হবে কত নিবা?,Loading...
Non Misogynistic,নারীর প্রতি সম্মান চর্চা পরিবার থেকেই শুরু হওয়া দরকার,Loading...
Stereotype,মেয়েরা অকারণে চিন্তা করে নিজেকে অসুস্থ করে ফেলে,Loading...
Derogation,এই মেয়ে এত বেঁটে যে শিশুর পাশে দাঁড়ালেও পার্থক্য বোঝা যায় না,Loading...
Stereotype,অফিসগামী মেয়েদের দিয়ে জীবনেও বাড়ির কোনো কাজ হবে না,Loading...
Derogation,এই মহিলার চেহারা দেখে মনে হয় ভাস্কর্য বানাতে গিয়ে ভুল করেছে,This woman looks like she made a mistake while sculpting.
Stereotype,মেয়েদের জীবনের সবচেয়ে বড় সাফল্য হলো ভালো সংসার করা,Loading...
Non Misogynistic,আপু কর্মক্ষেত্রে নতুনত্ব ছড়িয়ে দেন,Loading...
Sexual Harassment,"মামণি যত টাকা চাও দিতে রাজি, শুধু একবার আবাসিক হোটেলে যাও আমার সাথে",Loading...
Non Misogynistic,মেয়েদের প্রতি সম্মানজনক আচরণ শিক্ষার শুরু থেকেই শেখানো উচিত।,Loading...
Non Misogynistic,মেয়েটা অপেক্ষা করতে পারে এটা এই যুগে বিরল,Loading...
Derogation,এই মহিলার চোয়াল এত বড় যে কথা বললে মনে হয় জমি কাটছে,Loading...
Non Misogynistic,আপুর প্রজ্ঞা সবাইকে শিক্ষা দেয়,Loading...
Non Misogynistic,"মেয়েটা অবিচারের মুখে দাঁড়িয়ে প্রতিবাদ করেছে, এটাই সাহসের সংজ্ঞা।",Loading...
Sexual Harassment,গোয়া মারা খাইলে বিয়ে লাগে না আপু,Loading...
Sexual Harassment,রাতের মনোরঞ্জন কোম্পানির মডেল এই মেয়ে,Loading...
Non Misogynistic,মেয়েটার সৃষ্টিশীল প্রকাশ সমাজে গুরুত্বপূর্ণ প্রশ্ন উত্থাপন করে।,Loading...
Derogation,এই মহিলাকে কাজ দিয়ে নিজেই বিপদে পড়েছিলাম,Loading...
Non Misogynistic,মেয়েটার ভালো কাজে কখনো প্রচার নেই,Loading...
Non Misogynistic,মা না থাকলে পরিবার সামলানো কত কঠিন বুঝতাম না,Loading...
Sexual Harassment,"তোমাকে ভোগ করতে যে পারবে, সে অনেক যৌন সুখ পাবে",Loading...
Derogation,"মেয়েটার বয়স চল্লিশ পেরিয়ে গেছে এখনও বিয়ে হয়নি, না হওয়ারই কথা যে বিচ্ছিরি দেখতে",Loading...
Stereotype,রাত নয়টার পরে বাইরে থাকা মেয়েদের সাজে না।,Loading...
Non Misogynistic,"ঐ মহিলা ডাক্তার সময় নিয়ে কথা শোনেন, তাড়া দেন না",Loading...
Stereotype,"মেয়েরা কর্মক্ষেত্রে সমস্যা তৈরি করে, হার্মোনি নষ্ট করে",Loading...
Sexual Harassment,এই মডেল রুম ডেটে না এলে তোমার নাম পোস্ট করে দেব,Loading...
Stereotype,একা ক্যাফেতে বসে থাকা মেয়েদের লক্ষণ হচ্ছে ছেলেদের অ্যাটেনশন নেওয়া,Loading...
Derogation,মেয়েটার ডেটা অ্যানালাইসিস দেখলে বোঝা যায় সংখ্যা সম্পর্কে ধারণা নেই।,Loading...
Stereotype,"মানতেই হবে, মেয়েদের উচ্চশিক্ষা শুধুমাত্র নামের",Loading...
Sexual Harassment,এগুলো সেই নারী যারা কাপড় পড়ে ও অর্ধ নগ্ন থাকে। এদের জন্য সবাই লজ্জিত,Loading...
Non Misogynistic,আপু কয়েকটা গাছ দিয়ে পুরো ঘরকে সবুজ করে তুলেছেন,Loading...
Non Misogynistic,মেয়েটা নিজের সিদ্ধান্তে অবিচল থাকে এবং সেটাই তার শক্তি।,Loading...
Sexual Harassment,বৌদির দুধ দেখে তো আমার ই চোখ ঠিক থাকে না,Loading...
Sexual Harassment,মিডিয়ার মেয়েগুলা আসলেই নোংরা। সারাদিন সেক্স আর সেক্স।,Loading...
Stereotype,লাজুক মেয়েদের মিনমিনে শয়তান হিসেবে ধরা হয়,Loading...
Derogation,এই মহিলা অফিসে আসে কিন্তু কী করছে কেউ জানে না।,Loading...
Derogation,এই মেয়েটার সাম্প্রতিক বিষয়ে কোনো ধারণা নেই,Loading...
Stereotype,"সবাই জানে, প্রজেক্টের চাপ এলে কান্নাকাটি করে নিজেকে বাঁচায়।",Loading...
Stereotype,"মেয়েরা ফটোগ্রাফিতে ভালো না, চোখ নেই",Loading...
Non Misogynistic,নারী ক্রীড়া ধারাভাষ্যকার অসাধারণ বিশ্লেষণ দেন,Loading...
Sexual Harassment,বৌদির সাইজ দেখে সবাই বুজে গেছে বৌদি খাওয়াইতে পারে ভালো,Loading...
Non Misogynistic,মেয়েদের জন্য বহুমুখী সুযোগ তৈরি করতে হবে,Loading...
Non Misogynistic,মেয়েটা আইটি সেক্টরে কাজ করছে এবং প্রজেক্টে গুরুত্বপূর্ণ অবদান রাখছে।,Loading...
Derogation,এই বুড়িররাগের বহিঃপ্রকাশ দেখলে মনে হয় শিশু,Loading...
Sexual Harassment,এই মহিলার বুক দেখে চোখ সরাতে পারছি না,Loading...
Derogation,মেয়েটার কারণে এলাকার নাম খারাপ হচ্ছে,Loading...
Non Misogynistic,মেয়েটার সাফল্যের পেছনে কঠোর পরিশ্রম ও অদম্য মনোভাব আছে।,Loading...
Sexual Harassment,সুন্দরীর শরীর দুই বাচ্চার মা হয়েও কড়া আছে,Loading...
Non Misogynistic,এমন বউ পাওয়া ভাগ্যের বেপার,Loading...
Derogation,মেয়েটা একটু প্রতিকূলতায় পড়লেই অন্যের দোষ দেয়।,Loading...
Derogation,এই মেয়ে কালো হওয়ার জন্য লুকিয়ে থাকে,Loading...
Stereotype,ডিভোর্স বেশিরভাগ মেয়েরাই দেয় কারণ তাদের ডিভোর্স দিতে বাধ্য করা হয়,Loading...
Non Misogynistic,নারী দৌড়বিদ মাঠে সাহসিকতার পরিচয় দিয়েছেন,Loading...
Non Misogynistic,মেয়েটির ফুচকা বানানোর কৌশল চমৎকার,Loading...
Non Misogynistic,মেয়েটা কারো মতামতের জন্য অপেক্ষা না করেই শুরু করে দিয়েছে,Loading...
Sexual Harassment,শরীরের ৫০% দেখালে তো গরীব থাকবেই ১০০% দেখালেই পুরো ধনী হবা,Loading...
Sexual Harassment,মেয়েটাকে এত ছেলের সাথে লাগালে প্রেগনেন্ট হবে সহজেই,Loading...
Derogation,এই বেডির ক্লাসে কেউ মনোযোগ দিয়ে শোনে না।,Loading...
Sexual Harassment,এই মেয়ে তোমারে মোট কতবার লাগাইছে একটু বলবে?,Loading...
Non Misogynistic,মেয়েটার নেতৃত্বে টিমটা একটি কঠিন চ্যালেঞ্জ সফলভাবে অতিক্রম করেছে।,Loading...
Stereotype,মেয়েরা ভারোত্তোলনে অংশ নিলে দেখতে বেমানান লাগে,Loading...
Derogation,এমন বেহায়া মা যেন কোন সন্তানের না হয়,Loading...
Derogation,তুই একটা আবাল নায়িকা,Loading...
Non Misogynistic,"মেয়েটার মানসিক শক্তি পরিস্থিতি থেকে আসে না, চরিত্র থেকে আসে।",Loading...
Stereotype,মেয়ে মানুষ একদমই ছোট ছোট ঘটনা ফুলিয়ে-ফাঁপিয়ে ক্রাইসিস বানিয়ে ফেলে।,Loading...
Derogation,এই মেয়ের লোভ দেখে মনে হয় টাকাই একমাত্র ধর্ম,Loading...
Derogation,এই মেয়ের পোজ দেওয়ার স্টাইল দেখলে হাসি চাপা রাখা কঠিন,Loading...
Derogation,মেয়েটার সংসার সামলানোর যোগ্যতা নেই বলেই স্বামী পালিয়েছে।,Loading...
Derogation,মেয়েটাকে দেখলেমনে হয় মৌলিক পরিচয় গড়ে উঠেনি,Loading...
Derogation,নাটক বাজ বুডি মহিলা একটা,Loading...
Stereotype,সত্যি বলতে ইএমআই-লোনের হিসাব মেয়েদের মাথায় ঢোকে না।,Loading...
Sexual Harassment,যৌনপেশায় জড়িত নারী সম্মানের যোগ্য নয়,Loading...
Stereotype,"অভিজ্ঞতা বলে, ফেসবুকে রিল বানানো মেয়েদের চরিত্র সম্পর্কে নতুন করে বলার কিছু নেই।",Experience shows that there is nothing new to say about the characters of girls who make reels on Facebook.
Non Misogynistic,পরিবারে মেয়েদের সমান মর্যাদা দেওয়া ভবিষ্যৎ প্রজন্মের জন্য একটি শিক্ষা।,Loading...
Non Misogynistic,প্রতিটি মেয়ে তার নিজের সম্ভাবনা সীমাহীন বলে বিশ্বাস করতে পারে।,Loading...
Non Misogynistic,আপু রক্তের প্রয়োজন হলে রাতেই দৌড়েছিলেন,Loading...
Non Misogynistic,"মেয়েটা যা বলেছে, আমার মনে হয় কথাটা ঠিকই বলেছে",Loading...
Non Misogynistic,নারীর সম্মান সমাজের পরিচয়,Loading...
Derogation,মেয়েটার বাড়ি বস্তিতে কিন্তু শহুরে ভাব দেখায়।,Loading...
Derogation,এই মহিলাকে দিয়ে কোনো কাজ করানো মানে সময় নষ্ট করা,Loading...
Sexual Harassment,একদিন রাত কাটালে তো পদ পেয়ে যাবা,Loading...
Non Misogynistic,নারীর ক্রীড়া সাফল্য গুরুত্ব দিয়ে দেখতে হবে,Loading...
Non Misogynistic,মেয়েটি দলগত আলোচনায় গঠনমূলক অবদান রাখেন,Loading...
Derogation,এই মহিলার নিজের সুবিধার জন্য যেকোনো কিছু করার ক্ষমতা আছে।,Loading...
Derogation,"এই মহিলা হাসে না, বরং আমন্ত্রণ দেয়",Loading...
Sexual Harassment,"তার নাচকে পারফরম্যান্স নয়, ইচ্ছাকৃত প্রলোভন হিসেবে দেখানো হচ্ছে।",Loading...
Derogation,এই মেয়ে কাউকে বিশ্বাস করে বারবার বিপদে পড়ে,Loading...
Non Misogynistic,বয়স বাড়লে নারীদের কাজের সুযোগ কমে যায়,Loading...
Derogation,এ মেয়েকে দেখলে মনে হয় সংসার মানে কী জানে না অথচ ২ বৎসর সংসার করছে,Loading...
Derogation,মেয়েটার সাহস শূন্য অথচ দাবি করে সে সাহসী,Loading...
Stereotype,মেয়েরা চাকরি করলে বাচ্চারা মায়ের ভালোবাসা পায় না,Loading...
Sexual Harassment,কাপর খুলে বিকিনি পরে দেখালে বলা যেত কত কেজি ওজন কমাইছে,Loading...
Sexual Harassment,আপু খাট কাঁপাতে কতো নিবা?,Loading...
Stereotype,"বলে রাখি, মেয়েরা ম্যানেজার হলে টিমের নিচের লোকেরা স্বস্তি পায় না।",Loading...
Stereotype,মেয়েরা বিয়ের আগে বেশি স্বাধীন থাকলে সংসারে মিলিয়ে যায় না,Loading...
Stereotype,মেয়েরা সংকটের সময় ঠান্ডা মাথায় কাজ করতে পারে না,Loading...
Derogation,এই মহিলার কথা শুনে বিশ্বাস করলে পরে পস্তাতে হয়।,Loading...
Stereotype,মেয়েরা অনুভূতি নিয়ন্ত্রণ না করতে পারায় পেশাদারিত্ব কমে,Loading...
Derogation,"যত ওজনই কমাও না কেনো, বুড়ি তো বুড়ি থাকবে",Loading...
Non Misogynistic,"মেয়েটা নিজের জীবনের গল্প নিজেই লিখছে, অন্য কেউ নয়।",Loading...
Sexual Harassment,"আপু আপনার কাপড় টা আরেকটু উপরে তুলেন, ভালো করে দেখি না সব",Loading...
Stereotype,মেয়েদের মুখ বন্ধ রাখার মধ্যেই পরিবারের সম্মান — এই কথাটা কখনোই পুরোনো হবে না।,Loading...
Stereotype,গৃহস্থালির কাজে অংশ না নিলে মেয়েরা ভালো নয় বলে ধরা হয়।,Loading...
Non Misogynistic,দিদির পরিকল্পনায় চমকপ্রদ ভাবনা থাকে,Loading...
Derogation,মেয়েটার দাঁতের অবস্থা দেখে মনে হয় কোনোদিন ব্রাশ করেনি।,Loading...
Non Misogynistic,নানীর কথা শুনলে শৈশব ফিরে আসে,Loading...
Stereotype,রান্নাবান্নায় হাত না পাকালে শ্বশুরবাড়ি গিয়ে অপদস্থ হতে হয়।,Loading...
Stereotype,"মেয়েরা অ্যাবস্ট্রাক্ট চিন্তায় দুর্বল, কংক্রিট বিষয়ে একটু ভালো",Loading...
Non Misogynistic,দিদি অন্যের অধিকার রক্ষায়ও সরব,Loading...
Derogation,"আপু দাঁত গুলো এবার নিচু করেন, উপরের দাঁত গুলো দেখতে বাজে লাগে",Loading...
Derogation,মেয়েটার পারফরম্যান্স দেখলে প্রশ্ন আসে কীভাবে চাকরি পেয়েছে,Loading...
Non Misogynistic,মেয়েদের কোডিং শেখার আগ্রহ দেখে শিক্ষকরা অনুপ্রাণিত বোধ করছেন।,Loading...
Stereotype,মেয়েমানুষেরা প্রায়শই মুড সুইং এত বেশি যে ঘড়ির কাঁটাও হার মেনে যায়।,Loading...
Sexual Harassment,"দুই বাচ্চার মা হয়েও এমন ফিগার, উফ একদম ঠাসা",Loading...
Non Misogynistic,"মেয়েটার সামাজিক সংগঠনে নতুন সদস্যরা যোগ দিচ্ছে, আন্দোলন বড় হচ্ছে।",Loading...
Non Misogynistic,মহিলা ক্রীড়াবিদটি শারীরিক প্রতিবন্ধকতা পেরিয়ে পদক জিতেছেন।,Loading...
Non Misogynistic,এই প্রতিষ্ঠানে নারী কর্মীদের অংশগ্রহণ বৃদ্ধি পেয়েছে,Loading...
Non Misogynistic,মহিলা সংগঠকটি তার সম্প্রদায়ে শিক্ষা ও স্বাস্থ্য নিশ্চিতে অসামান্য ভূমিকা রাখছেন।,Loading...
Stereotype,মেয়েরা সিগার বা হুক্কা খেলে সমাজের মুখে কালি দেয়,Loading...
Derogation,মেয়েটার কথায় বোঝা যায় স্কুলের গণ্ডি পার হয়নি,Loading...
Stereotype,"দেখো, শিক্ষিত মেয়েদের গর্ব করার মতো অর্জন তাদের নিজের না, পরিবারের।",Loading...
Non Misogynistic,মেয়েটার সচেতনতা প্রচার ফলপ্রসূ,Loading...
Non Misogynistic,শিক্ষায় মেয়েদের পিছিয়ে রাখা মানে পুরো দেশকে পিছিয়ে রাখা।,Loading...
Stereotype,সুন্দরী মেয়ে গুলার একটু চরিত্র খারাপ,Loading...
Derogation,মেয়েটাকে সবাই একটা প্রোডাক্ট হিসেবে দেখে,Loading...
Sexual Harassment,পাচার মাংস বুড়া দাদীর দের মত ঝুলে গেছে,Loading...
Sexual Harassment,"আপু ওগুলো প্রেমের প্রস্তাব নয়, লাগানোর প্রস্তাব",Loading...
Non Misogynistic,মেয়েটা কারো প্রশংসার জন্য অপেক্ষা করে না,Loading...
Non Misogynistic,মেয়েটির রক্তদান সচেতনতার নজির স্থাপন করেছে,Loading...
Stereotype,প্রেম একটা ডিগ্রী মেয়েদের কাছে,Loading...
Non Misogynistic,"মেয়েটা যখন কথা বলে, মানুষ মনোযোগ দিয়ে শোনে কারণ তার কথায় সার আছে।",Loading...
Stereotype,আজকালকার মেয়েগুলো নির্লজ্জ,Loading...
Sexual Harassment,"মামুনি, ওড়না ছাড়াই এসেছ যখন, বাকিটাও খুলে ফেলো না হলে কেউ দেখবে না",Loading...
Sexual Harassment,"ম্যাডামকে হোটেলে নিয়ে যেতে চাই, গাড়ি কেনার টাকা দিতে রাজি আছি",Loading...
Non Misogynistic,মেয়েদের বিরুদ্ধে সহিংসতা একটি সামাজিক সমস্যা যা সবাই মিলে সমাধান করতে হবে।,Loading...
Non Misogynistic,মেয়েটার শৃঙ্খলা যেকোনো পরিবেশে দৃষ্টান্ত স্থাপন করে,Loading...
Derogation,এইসব নটি থানায় গেলে তদন্ত না করে কেস নেয় কেন? ফালতু মহিলা,Loading...
Stereotype,"যতই অস্বীকার করুক, বড় সিদ্ধান্ত আবেগ দিয়ে নেয় বলেই পরে আফসোস করে।",Loading...
Derogation,মেয়েটাকে চুল রঙ করার পরে আরো খারাপ দেখাচ্ছে,Loading...
Stereotype,মেয়েরা ছেলে বন্ধু রাখলে সমাজ বাঁকা চোখে দেখে।,Loading...
Non Misogynistic,লিঙ্গসমতা নিশ্চিত করা মানবাধিকারের মৌলিক দাবি।,Loading...
Stereotype,"আসলে ছেলেরা চাপ সামলায়, মেয়েরা ভেঙে পড়ে।",Loading...
Sexual Harassment,"এই মেয়েটা একটা নষ্টা, কাপড়-চোপড় খুলে রাখে যেন পাবলিক সব দেখতে পায়",Loading...
Non Misogynistic,নারী রোয়ার নৌকা চালানোর শিল্পী,Loading...
Sexual Harassment,"মেয়েটার অবস্থা দেখে মনে হচ্ছে নিলামে উঠানো হইছে ওরে, এখন সবাই সাইজ দেখে দাম বলবে",Loading...
Stereotype,মেয়েরা নিজের ইচ্ছামতো বিয়ে করলে সংসার সুখের হয় না,Loading...
Non Misogynistic,মেয়েটা যেভাবে নিজেকে ব্যাখ্যা করলো তার জন্য সৎ সাহস দরকার,Loading...
Derogation,এই মেয়েটা বিয়ে বিয়ে করে কাঁদে অথচ নিজে বিয়ের যোগ্যতাই অর্জন করেনি,Loading...
Stereotype,মেয়েরা মুড সুইং হলে কাছের মানুষ কষ্ট পায়,Loading...
Derogation,মেয়েটার শিক্ষকতা দেখলে মনে হয় ছাত্ররা বাড়িতে নিজেরাই পড়ে ভালো করবে।,Loading...
Sexual Harassment,"এই মডেলের মতো একটা মেয়ে যদি বউ হতো, ডেইলি খাট ভাঙতাম",Loading...
Non Misogynistic,একজন মায়ের অবদান পরিবারের সীমা ছাড়িয়ে সমাজেও প্রসারিত।,Loading...
Non Misogynistic,মেয়েদের নিরাপত্তা নিশ্চিত না হলে তাদের পূর্ণ সম্ভাবনা কখনো প্রকাশিত হবে না।,Loading...
Non Misogynistic,মহিলা ব্যবসায়ী তার সাহস এবং বুদ্ধি দিয়ে প্রতিষ্ঠান গড়ে তুলেছেন,Loading...
Stereotype,মেয়েদের বেশি বন্ধু থাকা মানেই চরিত্রহীন,Loading...
Non Misogynistic,কর্মক্ষেত্রে মেয়েদের সমান সুযোগ মানে সমাজের সামগ্রিক উৎপাদনশীলতা বাড়া।,Loading...
Non Misogynistic,দিদির এই ট্রাভেল গাইডটা সেভ করে রাখলাম,Loading...
Derogation,এই মহিলার মানসিক স্থিতিশীলতা নেই,Loading...
Stereotype,নারী পুলিশ মামলা সামলালে অপরাধীরা তাড়াতাড়ি জবিন পেয়ে যায়,Loading...
Sexual Harassment,উপদেষ্টার বউ হওয়ার পর থেকে আপার ব্লাউজের কাপড় একটু একটু করে কমছে,Loading...
Non Misogynistic,আপুর শাড়ি পরার ধরনে ঐতিহ্যের ছাপ,Loading...
Non Misogynistic,নারী কাবাডি খেলোয়াড়রা দলগত খেলার আদর্শ,Loading...
Stereotype,মেয়েরা সুন্দর না হলে কেউ গুরুত্ব দেয় না,Loading...
Non Misogynistic,প্রতিটি বিদ্যালয়ে মেয়েদের জন্য নিরাপদ ও অনুকূল পরিবেশ তৈরি করা দরকার।,Loading...
Stereotype,মেয়েদের রান্না না জানলে বিয়ে হবে না,Loading...
Sexual Harassment,"এই মেয়ের কাছে যে দুইটা মাল আছে, ঐ দুইটা বেইচা মার্কেট করবো",Loading...
Non Misogynistic,নারী পরিবেশবিদ প্রকৃতি রক্ষায় কাজ করেন,Loading...
Derogation,মেয়েটার অলসতা দেখলে মনে হয় শক্তি নষ্ট করা জীবন।,Loading...
Non Misogynistic,এই আপুর কাছ থেকে একটা জিনিস শিখেছি কাউকে ছোট না করে কথা বলা যায়,Loading...
Derogation,এই মহিলার গায়ের রঙ এত ফ্যাকাশে যে রাতে আলো ছাড়াই দেখা যাবে।,Loading...
Non Misogynistic,আপুর সমকালীন নাচ সৃষ্টিশীল,Loading...
Derogation,এই মহিলার অঙ্গভঙ্গি দেখলে মনে হয় মঞ্চে অভিনয় করছে,Loading...
Non Misogynistic,মেয়েটা নেতৃত্বের পাশাপাশি দলের প্রতিটি সদস্যের বিকাশেও মনোযোগ দেয়।,Loading...
Derogation,মেয়েটার দুই মুখো স্বভাব এলাকার সবাই জানে,Loading...
Derogation,আরে এই মেয়েরে দেখলে মনে হয় অন্যের জীবন কপি করে বেঁচে আছে,Loading...
Derogation,তোর মতো অদক্ষ কর্মী রাখলে অফিসের ক্ষতি হয়।,Loading...
Non Misogynistic,নারী হাই-জাম্পার নিজেদের সীমা অতিক্রম করেন,Loading...
Stereotype,"শিক্ষক যখন নারী হয়, ক্লাসে ছেলে স্টুডেন্টের সংখ্যা বেশি হয়",Loading...
Derogation,মেইয়েটার জন্য দাঁতের কোনো মেকাপ থাকলে ভালো হতো,Loading...
Non Misogynistic,বোনটির ক্যালিগ্রাফি অসাধারণ,Loading...
Stereotype,"প্রেমে পড়লে যুক্তিজ্ঞান এক রাতেই উবে যায়, স্বীকার করুক বা না করুক।",Loading...
Non Misogynistic,আপু আপনি কোন ইউনিভার্সিটিতে পড়েন জানতে পারি?,Loading...
Non Misogynistic,মেয়েটার মানবসেবার অঙ্গীকার অটুট,Loading...
Stereotype,ছোটখাটো ব্যাপার নিয়েও মেয়েরা অনেকক্ষণ মন খারাপ করে থাকে,Loading...
Non Misogynistic,মেয়েটার কত্থক নাচের ভঙ্গিমা মুগ্ধ করে,Loading...
Non Misogynistic,আপুটির কথাগুলো অনেক যুক্তিসংগত লাগলো,Loading...
Stereotype,"সত্যি বলতে বিয়ের কথা উঠলে আজকালকার মেয়েরা বেশি দরকষাকষি করে, এটা মানতেই হবে।",Loading...
Stereotype,মেয়েরা বেশি মেকআপ করলে বোঝা যায় কার দৃষ্টি আকর্ষণ করতে চাইছে,Loading...
Sexual Harassment,মামুনি অনুষ্ঠান শেষে প্রেগনেন্ট হয়ে যেতে পারে,Loading...
Non Misogynistic,"মেয়েটা মা হওয়াকে দুর্বলতা নয়, বরং একটি অতিরিক্ত শক্তি হিসেবে দেখে।",Loading...
Sexual Harassment,নটিপাড়ায় নাম দিয়ে আবার মোটা চিকন খুঁজো মামনি,Loading...
Derogation,এই মেয়ে সমস্যা থেকে শিক্ষা না নিয়ে বারবার একই ভুল করে,Loading...
Derogation,মেয়েটার দিনটা কোথায় যায় কেউ জানে না।,Loading...
Derogation,এই নটির পারিবারিক শিক্ষার অভাব আছে,Loading...
Sexual Harassment,খরিদ্দার খুজতে নেমে পরেছে আমার খাটের রানী,Loading...
Non Misogynistic,"মেয়েটার আত্মবিশ্বাস তার কথাবার্তায়, কাজকর্মে এবং মনোভাবে স্পষ্ট।",Loading...
Non Misogynistic,"মেয়েটার পরিবার তার সিদ্ধান্তকে সম্মান করে, এটাই সেরা উপহার।",Loading...
Non Misogynistic,মেয়েদের বিরুদ্ধে বৈষম্য প্রতিরোধে ছেলে ও পুরুষদেরও সক্রিয় ভূমিকা রাখতে হবে।,Loading...
Stereotype,মেয়েরা সাইবার সিকিউরিটিতে কাজ করলে ছেলেরা গুরুত্ব দেয় না,Loading...
Sexual Harassment,এই সুন্দরীকে এত ছেলের সাথে লাগালে প্রেগনেন্ট হবে সহজেই,Loading...
Stereotype,মেয়েরা ট্রেন চালাতে পারলেও যাত্রীরা আতঙ্কিত থাকে,Loading...
Sexual Harassment,তোমার সাথে এক কোলবালিশএর নিচে ঘুমাতে চাই আর তোমাকে আদর করতে,Loading...
Non Misogynistic,মেয়েটা সংকটের সময়ে তার অভ্যন্তরীণ শক্তি থেকে সাহস নেয়।,Loading...
Non Misogynistic,বোনটি পথশিশুদের পাশে দাঁড়িয়েছেন,Loading...
Derogation,মেয়েটার চরিত্র দেখলে মনে হয় পানিতে কিছু আঁকা।,Loading...
Derogation,মেয়েটার চালাকি দেখলে মনে হয় জন্মের সাথে এসেছে,Loading...
Sexual Harassment,দিদির দুই বাচ্চা হয়েও দুধ এখনো বাচ্চাদের মতো,Loading...
Non Misogynistic,মেয়েটির শব্দচয়ন চমৎকার,Loading...
Sexual Harassment,হোটেল বুক করো আপু গাড়ি কিনার টাকাও হয়ে যাবে,Loading...
Stereotype,মেয়েরা নেতৃত্বে দুর্বল হয়,Loading...
Derogation,মেয়েটার কারণে গ্রুপের কাজ পিছিয়ে যায়,Loading...
Sexual Harassment,"মেয়েটার কোমর দেখে মনে হচ্ছে, দে লারা চিনি ছাড়া",Loading...
Derogation,মেয়েটার মতো অলস কর্মী আগে দেখিনি।,Loading...
Derogation,তোর মতো মেয়ে সেলিব্রিটি হওয়ার স্বপ্ন দেখা বন্ধ করো।,Loading...
Derogation,ওরে বাজারে নিয়ে বিক্রি করলে সর্বোচ্চ ১৫০ টাকা দাম হবে,Loading...
Stereotype,মেয়ে মানুষ বেশি কথা বলে বলেই দলীয় বৈঠক নষ্ট হয়,Loading...
Stereotype,"দেখো, লজিকাল প্রশ্নে মেয়েরা পথ হারিয়ে অপ্রাসঙ্গিক উত্তর দেয়, তা না হলে সমাজ চলে কীভাবে?",Loading...
Stereotype,"মেয়ে তো - তাই বুঝে না, পরিবারের ভার কাঁধে থাকলে কেমন লাগে",Loading...
Derogation,মেয়েটার গলার আওয়াজ শুনলে মনে হয় কাক ডাকছে।,Loading...
Non Misogynistic,মেয়েদের মানসিক স্বাস্থ্যের জন্য প্রয়োজনীয় সহায়তা দেওয়া সমাজের দায়।,Loading...
Sexual Harassment,এই বুস্কির রেট কতো? এক শর্ট দিলে এইডস রোগ হবে নাকি ?,What is the rate of this buski? Will one short exposure cause AIDS?
Non Misogynistic,মেয়েটার মূল্যবোধ ও নীতিগুলো তাকে জীবনের পথে সঠিক দিক দেখায়।,Loading...
Derogation,এই বেডি রান্না করতে পারে না কিন্তু সংসার করার ভাব দেখায়।,Loading...
Derogation,এই মহিলার অসৎ পথে এগোনো দেখলে মনে হয় শেষটা ভালো হবে না,Loading...
Stereotype,মেয়েরা বিয়ে না করলে জীবন পূর্ণ হয় না,Loading...
Stereotype,"অভিজ্ঞতা বলে, মেয়েদের হাঁটার ভঙ্গি যত সংযত, আত্মীয়দের চোখে দাম তত বেশি, এটা মানতেই হবে।",Loading...
Non Misogynistic,মেয়েরা বিজ্ঞান বিভাগে পড়লে ভবিষ্যতে গবেষণায় নারী প্রতিনিধিত্ব বাড়বে।,Loading...
Non Misogynistic,নারী অপেরা গায়িকার কণ্ঠ অসাধারণ ক্ষমতার পরিচয় দেয়,Loading...
Stereotype,"মেয়েরা রান্নাঘরে সুখ পায়, বাইরে পায় শুধু ঝামেলা",Loading...
Sexual Harassment,"এই নায়িকা ডান্সে নাচ না, সেক্সুয়াল সিডিউস করছে",Loading...
Non Misogynistic,মেয়েটা প্রতিকূলতা পেরিয়ে যা হতে চেয়েছিল তাই হয়েছে।,Loading...
Non Misogynistic,তুমি অনেক মেধাবী,Loading...
Derogation,দেহ দেখিয়ে ঈমানদার পুরুষের আশা,Loading...
Sexual Harassment,আপনার ফিগার দেখি পুরা মেশিন,Loading...
Stereotype,মেয়েরা নিজে কিছু করতে পারে না খালি মুখে বড় বড় কথা,Loading...
Non Misogynistic,মেয়েদের সচেতনতা বাড়ালে সমাজ এগোবে,Loading...
Stereotype,মেয়েদের মুখের লোম লজ্জার,Loading...
Stereotype,মেয়েরা স্টার্টআপ করলে প্রথম বছরেই বন্ধ হয়,Loading...
Derogation,আপু তুমি এত দামি কাপড় পর কিন্তু মানানসই হয় না তোমার গায়ে।,Loading...
Stereotype,"মেয়ের দায়িত্ব, তার ঘরের বাচ্চার দায়িত্ব কিছুই সে নিতে পারে না",Loading...
Non Misogynistic,আপু পরিবারের কঠিন সময়ে নেতৃত্ব দিয়েছেন,Loading...
Non Misogynistic,বোনটি কাউকে না জিজ্ঞেস করেই অনেক কিছু শিখে নেয়,Loading...
Stereotype,"মেয়েদের বিজ্ঞানের মাথা নেই, এটা প্রমাণিত",It is proven that girls are not good at science.
Stereotype,"যতই অস্বীকার করুক, শাড়ির বদলে জিন্স পরা মেয়েদের সংস্কৃতি বোঝা কষ্ট",Loading...
Derogation,মেয়েটার পরিচ্ছন্নতার কোনো বোধ নেই।,Loading...
Derogation,এই বেডির চুলের স্টাইল দেখলে মনে হয় উল্লুক,Loading...
Sexual Harassment,মেয়েটিকে দেখলেই রেপ করতে মন চায় এত লোভনীয়,Loading...
Sexual Harassment,এটা কি নাচ না কি দুধ নাড়ানোর প্রতিযোগিতা?,Loading...
Stereotype,মেয়েরা বেশি কথা বললে সংসারে শান্তি থাকে না,Loading...
Sexual Harassment,মামুনিকে নিয়ে কোনো অন্ধকার জায়গাই গেলে ভালো হতো খেয়ে দিতে পারতাম,Loading...
Non Misogynistic,মেয়েটার সক্রিয় মনোভাব তাকে সুযোগ তৈরি করতে সাহায্য করে।,Loading...
Non Misogynistic,মেয়েটার পোশাকে রুচির পরিচয় মেলে,Loading...
Derogation,মেয়েটার সিভিতে যা লেখা আছে আর বাস্তবে যা পারে সম্পূর্ণ আলাদা।,Loading...
Non Misogynistic,নারী নেতৃত্ব সমাজে নতুন দিগন্ত খুলে দেয়,Loading...
Non Misogynistic,নারীদের সামাজিক সুরক্ষা শক্তিশালী করতে হবে,Loading...
Non Misogynistic,মেয়েরা কাউকে পছন্দ করলে সেটা আচরণে বুঝিয়ে দে,Loading...
Derogation,"এই মেয়ে, গলায় কিসের দাগ? লাভবাইট নাকি?",Loading...
Non Misogynistic,"মহিলা প্রকৌশলীটি সেতু নির্মাণে নেতৃত্ব দিচ্ছেন, দলের সবাই তাঁকে মানে।",Loading...
Sexual Harassment,বৌদির সোনা চেটে চেটে খেতে চাই সারারাত,Loading...
Derogation,মেয়েটাকে দেখে মনে হয় চুলায় পুড়ে বের হয়েছে,Loading...
Stereotype,"সত্যি বলতে মেয়েদের জন্য বিয়ের প্রস্তাব এলে না করতে নেই, এটাই বুদ্ধিমানের কাজ।",Loading...
Sexual Harassment,বেটি জ্বালা মেটাতে পতিতালয়ে চলে যাও তাড়াতাড়ি,Loading...
Non Misogynistic,বোনটির শিশু সাহিত্যে কল্পনার জগৎ ফুটে ওঠে,Loading...
Non Misogynistic,মেয়েটার সাহসিকতা সংকটে প্রতিফলিত হয়,Loading...
Stereotype,আসলে এখনকার মেয়েরা অধিকাংশ সময় ছোট ছোট ঘটনা ফুলিয়ে-ফাঁপিয়ে ক্রাইসিস বানিয়ে ফেলে — এটাই বাস্তব।,Loading...
Non Misogynistic,মেয়েটির ভিডিওটার উপস্থাপনা অনেক ভালো ছিল,Loading...
Non Misogynistic,আপু পেশাদার বৈঠকে দক্ষতার সাথে অংশ নেন,Loading...
Derogation,মেয়েটাকে দেখলে মনে হয় ৬০ কিন্তু ৪০ বলে বেড়াই,Loading...
Non Misogynistic,"মেয়েটা একা সিদ্ধান্ত নেয়, তারপর কার্যকর করে—এটাই তার স্বভাব।",Loading...
Stereotype,মাইয়া মানুষ দেখলে ছেলেদের হুশ থাকে না,Loading...
Stereotype,মেয়ে ভালো রাঁধতে না পারলে শ্বশুরবাড়িতে কদর থাকে না,Loading...
Non Misogynistic,আপু পরিবারে নারী নেতৃত্বের আদর্শ,Loading...
Stereotype,"সবাই জানে, মেয়েদের পিএইচডি ডিগ্রি মূলত নামকেওয়াস্তে।",Loading...
Stereotype,মেয়েদের মতামত সংসারে গুরুত্ব কম পাওয়া উচিত,Loading...
Sexual Harassment,মেয়েটি পল্লীতে গেলে আরো ভালো কাস্টমার পাবে,Loading...
Sexual Harassment,বুড়িকে ডগি স্টাইলে করতে পারলে মজা লাগত,Loading...
Non Misogynistic,মেয়েটার অভ্যন্তরীণ শক্তি তাকে প্রতিটি বাধা অতিক্রম করতে সাহায্য করে।,Loading...
Sexual Harassment,"এই নায়িকার মিসাইল এর বিজ্ঞাপন দিচ্ছ, রেট কী?",Loading...
Stereotype,রাগ-জেদ-অভিমান — এই ত্রিকোণেই মেয়েদের জীবন আবর্তিত — এটাই সত্য।,Loading...
Derogation,মেয়েটার রাজনীতি করার ক্ষমতা আছে কিন্তু কাজ করার নেই।,Loading...
Derogation,এই মেয়েকে ব্যাখ্যা করলেও আরো গোলমেলে হয়ে যায়,Loading...
Derogation,মেয়েটার বাহ্যিক সংযম আর আসল স্বভাব দুটো আলাদা,Loading...
Stereotype,"যুগ যুগ ধরে দেখে আসছি, অবিবাহিত মেয়েরা স্বভাবগতভাবেই খোলামেলা পোশাক মানেই খোলামেলা মনমানসিকতা ",Loading...
Derogation,মেয়েটার চুল আঁচড়ানোর পরেও এলোমেলো থাকে।,Loading...
Non Misogynistic,"মেয়েটা নিজে রোজগার করে, নিজের মাথায় ছাদ রেখেছে।",Loading...
Non Misogynistic,একজন নারীর আত্মনির্ভরতা সমাজকে এগিয়ে নিয়ে যায়,Loading...
Non Misogynistic,মেয়েটার এই উপস্থাপনার ধরনটা এতো অসাধারন,Loading...
Non Misogynistic,উনার পাশে সবার এগিয়ে আসা উচিত,Loading...
Non Misogynistic,মেয়েটা সবার কথা শোনে কিন্তু চাপে পড়ে সিদ্ধান্ত নেয় না,Loading...
Non Misogynistic,মেয়েটা অনেক পরিশ্রমী মনে হলো,Loading...
Stereotype,এখনকার মেয়েরা ফ্যাশনের নামে শরীর কম ঢাকে,Loading...
Non Misogynistic,মেয়েটার ছবি আঁকার দক্ষতা প্রশংসনীয়,Loading...
Stereotype,"বলে রাখি, নেইলপলিশ-আইলাইনারে বেশি মন দিলে মেয়েদের মাথা খালি হয়।",Loading...
Non Misogynistic,আপু একটানা কঠিন প্রকল্প সামলেছেন,Loading...
Non Misogynistic,আপু তুমি যে জায়গায় গিয়েছিলে সেটা আমার লিস্টে ও ছিলো,Loading...
Stereotype,"সবাই জানে, একা ভ্রমণ করতে চাওয়া মেয়েদের পরিবার সম্পর্কে বোঝাপড়া কম, স্বীকার করুক বা না করুক।",Loading...
Stereotype,মেয়েদের ফিনান্সিয়াল বুদ্ধি খুবই কম,Loading...
Sexual Harassment,"এই মডেল দেহ ব্যবসা চালিয়ে যাও, ভালোই আয় হবে",Loading...
Sexual Harassment,আপু নিয়মিত হোটেলে গেলে অনেক দুর যাইতে বেশি সময় লাগবে না,Loading...
Stereotype,মেয়েরা ক্যাফেতে আড্ডা দিলে সমাজের চোখে নিচু হয়।,Loading...
Stereotype,হরমোনের তালে মেয়েদের পুরো সিদ্ধান্ত প্রক্রিয়া দুলতে থাকে,Loading...
Derogation,এই মহিলার বিকাশ থেমে গেছে,Loading...
Non Misogynistic,ওর আচরণ খুবই ভদ্র এবং সহজ,Loading...
Non Misogynistic,মেয়েটার সাফল্যের গল্প অন্যদের জন্য একটি পথনির্দেশ।,Loading...
Stereotype,সত্যি বলতে প্রকৃতিগতভাবে ছেলেরা মেয়েদের থেকে এগিয়ে।,Loading...
Non Misogynistic,মেয়েটার ক্যামেরায় দাঁড়ানোর ভঙ্গি আত্মবিশ্বাসী,Loading...
Stereotype,মেয়েদের চেহারাই তাদের সবচেয়ে বড় সম্পদ,Loading...
Non Misogynistic,মহিলা ডিজাইনারটির সৃষ্টিশীল কাজ আন্তর্জাতিক বাজারে স্থান পেয়েছে।,Loading...
Stereotype,টাকার ব্যাপারে মেয়েদের সিদ্ধান্ত নিতে পারে না তাদের স্বামীকে বলা উচিত,Loading...
Sexual Harassment,কার সহযোগিতায় গোসল করলা? মজা পাইছো তো,Loading...
Derogation,এই মহিলার কারণে পার্টি বোরিং হয়ে যায়।,Loading...
Stereotype,পুরুষের হাত থাকলেই শুধুমাত্র মেয়েরা রাজনীতিতে সফল হয়,Loading...
Non Misogynistic,মেয়েটার একটা কথা এখনো মাথায় গেঁথে আছে।,Loading...
Stereotype,যেসব মেয়েরা শশুড় বাড়ির নিয়ম মানে না তাদের মাথায় গোলমাল আছে,Loading...
Stereotype,মেয়েমানুষ মুখে যত বড় বড় কথা বলে কাজের বেলায় অষ্টরম্ভা,Loading...
Stereotype,"আসলে মেধাবী মেয়ে দেখলে সবাই অবাক হয়, এটাই বাস্তব।",Loading...
Non Misogynistic,এই নারীরাই আগামীতে সংরক্ষিত আসনের এমপি,Loading...
Derogation,মেয়েটার জামার সাইজ দেখলে বোঝা যায় অন্যের কাপড় পরে এসেছে,Loading...
Derogation,এই মেয়েকে দেখলে মনে হয় চুপ থাকতে পারে না,Loading...
Non Misogynistic,আপুর আঁকাগুলো অসাধারণ হয়েছে।,Loading...
Stereotype,মেয়েরা নাসায় গেলেও মূল মিশনের দায়িত্ব পায় না,"Even when women go to NASA, they don't get the responsibility of the main mission."
Stereotype,"সংসার মেয়েদের সবচেয়ে বড় প্রতিষ্ঠান, ওখানে মনোযোগ দেওয়া উচিত",Loading...
Non Misogynistic,মেয়েটির ব্যাংকিং জ্ঞান কাজে লাগে,Loading...
Non Misogynistic,মেয়েটা সন্তান লালন-পালনের পাশাপাশি নিজের পেশায় সমান দক্ষতা দেখাচ্ছে।,Loading...
Sexual Harassment,"এই মহিলার পাছাটা এত বড় বড়, টিপে দিতে ইচ্ছা করছে",Loading...
Stereotype,"বউ ঘরে থাকলে পরিবার সুখী থাকে, বাইরে গেলে সংসার টলমল করে",Loading...
Derogation,এই মেয়ের তো চরিত্র ভালো না।,Loading...
Non Misogynistic,একজন মা তার মেয়েকে শিক্ষিত করে সমাজে একটি ইতিবাচক পরিবর্তন আনছেন।,Loading...
Non Misogynistic,প্রতিটি মেয়ে সমান মজুরি পাওয়ার অধিকার রাখে।,Loading...
Non Misogynistic,মেয়েটা একজন মা হিসেবে তার সন্তানকে সমতার মূল্যবোধ শেখাচ্ছে।,Loading...
Non Misogynistic,প্রতিটি মেয়ের ডিজিটাল নিরাপত্তা নিশ্চিত করা আধুনিক রাষ্ট্রের দায়িত্ব।,Loading...
Stereotype,"সবাই জানে, গ্রামের মেয়েরা প্রায়শই ছাত্রী হল মানেই অশান্তির কারখানা (যদিও অনেকেই মানতে চাইবে না)।",Loading...
Non Misogynistic,"একটি ন্যায্য সমাজ মেয়ে বা ছেলে নয়, মানুষের গুণাবলীর ভিত্তিতে বিচার করে।",Loading...
Non Misogynistic,দিদির অর্থ ব্যবস্থাপনা দক্ষতা চমৎকার,Loading...
Non Misogynistic,দিদির হার মানার প্রবণতা নেই,Loading...
Sexual Harassment,নিশ্চিত মেয়েটা একটা প্রস্টিটিউট,Loading...
Non Misogynistic,মেয়েদের আত্মরক্ষার প্রশিক্ষণ প্রয়োজন,Loading...
Non Misogynistic,মেয়েটি প্রকৃত অর্থে স্বাভাবিকভাবে সুন্দর,Loading...
Non Misogynistic,মহিলা উপাচার্যটির নেতৃত্বে বিশ্ববিদ্যালয়টি নতুন মাত্রায় পৌঁছেছে।,Loading...
Non Misogynistic,দিদি সংসারের প্রতিটি কোণে নজর রাখেন,Loading...
Stereotype,মেয়েরা বেশি বন্ধুত্বপূর্ণ হলে ভুল সংকেত পাঠায়,Loading...
Non Misogynistic,মেয়েটা সবচেয়ে কঠিন কাজটা নিজে থেকে নিয়ে নিলো সংসারিক হবে,Loading...
Non Misogynistic,দিদির পেশাদারিত্ব দলের সবাইকে অনুপ্রাণিত করে,Loading...
Stereotype,রান্না করা মেয়েদের গুরুত্বপূর্ণ কয়েকটা দায়িত্বের মধ্যে একটা,Loading...
Non Misogynistic,মেয়েটা অন্যের মতামতের জন্য অপেক্ষা না করে নিজেই পথ বেছে নেয়।,Loading...
Sexual Harassment,বেটিকে চেরির মতো মিষ্টি লাগবে চুষলে,Loading...
Non Misogynistic,মেয়েটি বিধবা মায়ের পাশে শক্তি হয়ে আছেন,Loading...
Sexual Harassment,এত রাতে কার ডাকে সাড়া দিলেন আপা,Loading...
Sexual Harassment,"এই সুন্দরী তো একজন যৌনকর্মী, পাড়ার সবাই জানে",Loading...
Non Misogynistic,মেয়েটার অদম্য মনোভাব তাকে অন্যদের কাছে অনুপ্রেরণার উৎস করেছে।,Loading...
Derogation,"তোর আব্বা মামলা খেয়ে জেলে ছিলেন, এটা সবাই জানে।",Loading...
Non Misogynistic,বোনটাকে সাহায্য কর,Loading...
Stereotype,মেয়েরা বয়স বাড়লে নিজেই অকেজো মনে করে,Loading...
Derogation,এই মেয়েটার দৃষ্টিভঙ্গি অনেক সীমিত,Loading...
Sexual Harassment,বিয়ের ফুল ফুটে নাই নিচের টা ফুটে গেছে,Loading...
Non Misogynistic,"মেয়ে জাত হলো মা জাত, এদেরকে সম্মান করা উচিত",Loading...
Sexual Harassment,ইস ম্যাডামকে যদি লাগাতে পারতাম মজা লাগত,Loading...
Derogation,এই মেয়েকে সহজ কাজ দিলেও গুলিয়ে ফেলে,Loading...
Non Misogynistic,মেয়েটার মানসিক শক্তি তাকে সামাজিক চাপের মুখেও নিজেকে ধরে রাখতে সাহায্য করে।,Loading...
Non Misogynistic,নারী উদ্যোক্তা শূন্য থেকে শুরু করে দাঁড় করিয়েছেন প্রতিষ্ঠান,Loading...
Derogation,এই মেয়েটা সবকিছুতেই অন্যের উপর নির্ভর করে,Loading...
Stereotype,"অভিজ্ঞতা বলে, মেয়েদের পোশাক ঠিকঠাক না হলে যেকোনো অঘটনের দায় নিজের — এটাই বাস্তব।",Loading...
Stereotype,মেয়েরা একটু বেশিই ইনসিকিউর থাকে,Loading...
Non Misogynistic,অনেক সুন্দর ভিডিও আপু,Loading...
Derogation,মেয়েটা ইনফ্লুয়েন্সার সাজছে কিন্তু কারো উপর কোনো প্রভাব নেই,Loading...
Derogation,এই মহিলা অন্যদের বিপদে আনন্দ পায়।,Loading...
Derogation,এই মেয়েটা বিশ্বাসের যোগ্য না,Loading...
Stereotype,এখনকার মেয়েদের বাইরে গিয়ে কাজ করতে চাওয়া মানেই সংসারের প্রতি দায়িত্বে অবহেলা,Loading...
Non Misogynistic,মায়ের হাতের রান্নায় ভালোবাসার স্বাদ থাকে,Mother's cooking has the taste of love.
Stereotype,নারী ফটোগ্রাফারকে বিয়ে-অনুষ্ঠানের কাজেই মানাই অন্য কাজ করতে যায় কেনো?,Loading...
Non Misogynistic,মেয়েদের জন্য সুসজ্জিত গণপরিবহন প্রয়োজন,Loading...
Derogation,মেয়েটার গালে এত বলিরেখা যে মানচিত্রের মতো দেখায়,Loading...
Sexual Harassment,দেখে মনে হচ্ছে যৌন পল্লী থেকে পালিয়ে আসছে,Loading...
Derogation,মেয়েটা মঞ্চে উঠলেই নিজেকে তারকা মনে করে।,Loading...
Non Misogynistic,মহিলা নকশাকারটির ডিজাইনগুলো বাজারে ব্যাপক সাড়া ফেলেছে।,Loading...
Derogation,মেয়েটার এমন নাচ দেখলে মনে হয় আমি আগের যুগের বাদশাহ,Loading...
Non Misogynistic,মেয়েটার বাবা তাকে যেকোনো পেশা বেছে নেওয়ার স্বাধীনতা দিয়েছেন।,Loading...
Derogation,"বিরক্তিকর মহিলা, পুরুষ মানুষ দেখলেই মাথা ঠিক থাকে না",Loading...
Non Misogynistic,মেয়েটার প্রতিটি পদক্ষেপ তাকে তার লক্ষ্যের দিকে এগিয়ে নিয়ে যাচ্ছে।,Loading...
Stereotype,মেয়েরা সম্পর্কে বেশি প্যাঁচ লাগায়,Loading...
Non Misogynistic,মেয়েটি জীবনের প্রতিটি চ্যালেঞ্জ হাসিমুখে গ্রহণ করে,Loading...
Stereotype,"মহিলা প্রকৌশলীকে সাইটে নামিয়ে কাজ করানো ঝুঁকির, এটা মানতেই হবে।",Loading...
Stereotype,মেয়েরা প্রতিবাদ করলে সমাজে তাদের ঠাঁই থাকে না।,Loading...
Non Misogynistic,মেয়েটার এই ছবিটা দেখে মনে হলো ক্যামেরা কথা বলছে,Loading...
Sexual Harassment,ভাবি তোমার বুকের গভীর গুহায় একটু জায়গা দাও,Loading...
Derogation,বুড়ির হাঁটার স্টাইল দেখলে বুঝা যায় কত বয়স হয়ে গেছে,Loading...
Stereotype,মেয়েরা উচ্চপদে থাকলে পুরুষ সহকর্মীদের সমস্যা হয়,Loading...
Non Misogynistic,মেয়েটার হাতের কাজ ধীর হলেও পারফেক্ট হয়,Loading...
Stereotype,মেয়েরা ডিভোর্স দিলে সমাজে সহজে মেনে নেওয়া হয় না,Loading...
Non Misogynistic,মহিলা উকিলটির যুক্তি শুনে বিপক্ষ দল চুপ হয়ে গেল,Loading...
Non Misogynistic,আপু প্রতিটি দিক বিবেচনা করে সিদ্ধান্ত নেন,Loading...
Stereotype,মেয়েরা কোনো কাজে মাঝপথে হাল ছেড়ে দেয়,Loading...
Non Misogynistic,"কাকিমা যদি আজকে পথটা না বলতো, হারিয়ে যেতাম",Loading...
Non Misogynistic,বোনের সাথে শৈশবের স্মৃতিগুলো অমূল্য,Loading...
Derogation,এই মেয়েটা দেখতে জাস্ট একটা পচা কদু,Loading...
Non Misogynistic,মহিলা শেফের রান্না শিল্পের পর্যায়ে পৌঁছেছে,Loading...
Stereotype,মেয়েরা শ্বশুরবাড়িতে বাপের বাড়ির তুলনা দিলে সংসার টেকে না,Loading...
Stereotype,মেয়েরা শ্বশুরবাড়ির কথা মান্য না করলে সংসার ভাঙাটা সময়ের ব্যাপার — এই কথাটা কখনোই পুরোনো হবে না।,Loading...
Sexual Harassment,এই মডেলকে খালি রুমে পেলে ছাড়ব না,Loading...
Non Misogynistic,মেয়েরা পরিবারে শান্তি বজায় রাখার চেষ্টা করে,Loading...
Derogation,এই মেয়েগুলা কোন চিড়িয়াখানা থেকে ছাড়া পেল!,Loading...
Sexual Harassment,এই মেয়ের মতো খাওয়া মাল আর কতদিন চলবে,Loading...
Derogation,এই মেয়ের সাথে আলোচনা করা মানে সময় নষ্ট,Loading...
Sexual Harassment,লাগাইতে লাগাইতে সব চ্যাপ্টা কইরা ফালাইছে,Loading...
Non Misogynistic,মেয়েটা বাসে দাঁড়িয়ে ছিল সিট পেলে বয়স্ক লোককে দিয়ে দিল,Loading...
Sexual Harassment,"উপস্থাপিকার মিসাইল খেলার মাঠের মতো, দেখে আর মজা পাই না",Loading...
Non Misogynistic,একজন মেয়ে না চাইলে তাকে কোনো কিছুতে জোর করা উচিত নয়,Loading...
Derogation,তুমি যতই ডায়েট করো না কেন এই শরীর নিয়ে কিছু হবে না।,Loading...
Stereotype,বিয়ে না করলে মেয়েদের জীবন অসম্পূর্ণ,Loading...
Sexual Harassment,আপুটার মতো একটা মেয়ে পাইলে ডেইলি খাট ভাঙতাম,Loading...
Derogation,এই মহিলা ফর্সা হওয়ার চেষ্টায় হাস্যকর হয়ে গেছে,Loading...
Stereotype,শ্বশুরবাড়িতে গিয়ে নিজের মতামত চালানো বউয়ের লক্ষণ ভালো না।,Loading...
Non Misogynistic,নারী জ্যাভলিন থ্রোয়ার মাঠে গর্বের মুহূর্ত আনেন,Loading...
Non Misogynistic,বাংগালী মেয়েদের লাল শাড়ীতে অতি সুন্দর লাগে,Loading...
Sexual Harassment,তোর পাজামা কে খুলল?,Loading...
Stereotype,আধুনিক মেয়েদের উচিত শ্বশুরবাড়ির নিয়ম অক্ষরে অক্ষরে মেনে চলা — এটাই সত্য।,Loading...
Derogation,এই মহিলার লজ্জা সরম বলতে কিছুই নেই,Loading...
Stereotype,নারী চিকিৎসকের ওপর সিরিয়াস কেস ছাড়া যায় না।,Loading...
Non Misogynistic,মেয়েদের নিরাপত্তা নিশ্চিত করা সমাজের দায়,Loading...
Non Misogynistic,আপু অসুস্থ পশুর সেবা করেন,Loading...
Stereotype,"মেয়েদের রাগ-হাসি-কান্না কোনোটাই সময় মেনে চলে না, যদিও অনেকেই মানতে চাইবে না।",Loading...
Non Misogynistic,"মেয়েটার জ্ঞান, দক্ষতা ও মানবিক গুণের মিশ্রণ তাকে অপ্রতিদ্বন্দ্বী করেছে।",Loading...
Non Misogynistic,মেয়েদের শারীরিক ও মানসিক স্বাস্থ্য সমান গুরুত্বপূর্ণ,Loading...
Non Misogynistic,প্রতিটি মেয়ের নিজের ব্যক্তিত্ব ও পরিচয় গড়ে তোলার সুযোগ থাকা দরকার।,Loading...
Derogation,মেয়েটা সেলফি তুলে পোস্ট করো কিন্তু কেউ লাইক দেয় না।,Loading...
Derogation,এই বেডির জীবনে কোনো আনন্দ নেই আর অন্যকেও থাকতে দেয় না।,Loading...
Stereotype,প্রযুক্তিগত আলোচনা নাকি বেশিরভাগ মেয়ের বোধগম্য হয় না।,Loading...
Derogation,এই মহিলার পোশাকের রঙ চোখে লাগে,Loading...
Stereotype,শহরের মেয়েদের মুখ ফুটে চাহিদা জানানো লজ্জার বিষয়।,Loading...
Non Misogynistic,"মেয়েটা নিজের পেশাদার নেটওয়ার্ক তৈরিতে সচেষ্ট, ভবিষ্যতের জন্য প্রস্তুতি নিচ্ছে।",Loading...
Non Misogynistic,মেয়েটার অভ্যাস ইতিবাচক জীবনের ভিত্তি,Loading...
Stereotype,মেয়েরা শরীরের গড়ন নিয়ে বেশি মাথা ঘামায়,Loading...
Non Misogynistic,মেয়েটা প্রতিটি কাজে নিজের স্বাক্ষর রাখে।,Loading...
Stereotype,মেয়েরা সময় থাকতে বুঝে না,Loading...
Derogation,এত বিরক্ত লাগে মেয়েটাকে,Loading...
Derogation,এই মেয়েটার অতিরিক্ত আত্মবিশ্বাস বিপজ্জনক,Loading...
Stereotype,"যতই অস্বীকার করুক, শহরের মেয়েরা প্রায়শই রান্নাঘরের বাইরে গিয়ে রাজনীতি বোঝার চেষ্টা না করাই ভালো — এই কথাটা কখনোই পুরোনো হবে না।",Loading...
Derogation,পাগল বেডির মতো লাগতেছে ওরে,Loading...
Non Misogynistic,নারী জীববিজ্ঞানী প্রকৃতির প্রতিটি প্রাণকে গুরুত্ব দেন,Loading...
Derogation,এই বেডি সারাক্ষণ অভিযোগ করে কিন্তু সমাধান করে না।,Loading...
Non Misogynistic,বোনটির পেশাগত পরিচয় তাঁকে অনুপ্রাণিত করে,Loading...
Stereotype,নারী টাকার কাছে দিনরাত বিক্রি হয় এটাই বাস্তব। টাকার কাছে পুরুষ কখনো বিক্রি হয়না।,Loading...
Stereotype,মেয়েরা বেকুবই হয় নতুন কিছু না । হা হা হা,Loading...
Sexual Harassment,ম্যাডাম কে কেউ কিনে নিলে রক্ষিতা পাবে,Loading...
Derogation,প্রথমে তো কাজের বেটি মনে করেছিলাম।,Loading...
Non Misogynistic,আপু মানসিক স্বাস্থ্যের গুরুত্ব বোঝেন,Loading...
Non Misogynistic,দিদি তোমার ভিডিও দেখে আমি কখনো হতাশ হইনি,Loading...
Non Misogynistic,নারী নেতৃত্বকে সুযোগ দিলে সামাজিক সমস্যাগুলো ভিন্ন দৃষ্টিকোণ থেকে সমাধান পায়।,Loading...
Non Misogynistic,মেয়েটার আত্মনিয়ন্ত্রণ চমৎকার,Loading...
Derogation,এটা ঢোল না তোমার পেট?,Loading...
Non Misogynistic,নারীর সমতা নিশ্চিত না হলে সমাজ অর্ধেক শক্তি নিয়ে চলে।,Loading...
Stereotype, শিক্ষিত মেয়েরা শালীন পোশাক ছাড়া সম্মান আশা করাটাই বোকামি।,Loading...
Stereotype,আসলে বড় পদে বসা মেয়েরা চাপে পড়ে কান্না জুড়ে দেয়।,Loading...
Non Misogynistic,মহিলা ক্রীড়াবিদটি প্রতিকূলতা পেরিয়ে স্বর্ণপদক জিতেছেন।,Loading...
Stereotype,"মেয়েদের দিয়ে প্রযুক্তি খাত চলবে না, এরা বোঝেই না",Loading...
Non Misogynistic,নারী ভূগোলবিদ পৃথিবীকে গভীরভাবে বোঝেন,Loading...
Sexual Harassment,এই আপুর ডাব দুটো কত টাকায় বিক্রি করবে?,Loading...
Stereotype,ঘর সাজানো-গোছানোতেই মেয়েদের আসল মেধা প্রকাশ পায়।,Loading...
Derogation,এই বেডির কমিউনিকেশন স্কিল দেখলে ট্রেনিং দেওয়া দরকার।,Loading...
Non Misogynistic,মেয়েটির ভয়েস ওভার দারুণ পেশাদার,Loading...
Stereotype,"সবাই জানে, পুরুষের কাঁধে দায়িত্বের ভার সবসময়, মেয়েরা ভাগ করে নেয় না।",Loading...
Stereotype,"মেয়েদের আবার কীসের একা বাইরে যাওয়া, পরিবার আছে কী জন্য?",Loading...
Derogation,মেয়েটার এই তথাকথিত ধার্মিকতা দেখলে বমি আসে,Loading...
Derogation,এই মহিলার চিন্তাভাবনা সংকীর্ণ,Loading...
Non Misogynistic,মেয়েটার বাবা তার মতামতকে সবসময় পরিবারের সিদ্ধান্তে যোগ করেন।,Loading...
Non Misogynistic,একটা মেয়ে কিন্তু শালীন পোষাকেই বেশি সুন্দর,Loading...
Stereotype,"যুগ যুগ ধরে দেখে আসছি, ট্রেনে স্লিপার কোচে মেয়েদের একা টিকিট কাটা ঝুঁকিপূর্ণ।",Loading...
Non Misogynistic,মেয়েটার যোগাযোগ দক্ষতা তাকে সবার সাথে কার্যকরভাবে কাজ করতে সাহায্য করে।,Loading...
Non Misogynistic,পরিবারে সমতার মূল্যবোধ থাকলে মেয়েরা স্বাভাবিকভাবেই আত্মবিশ্বাসী হয়।,Loading...
Stereotype,মেয়েদের ফুটবল খেলা দেখতে যাওয়া হাস্যকর,Loading...
Stereotype,"আসলে স্বাধীনচেতা মেয়েরা শেষে পরিবার ছাড়া পড়ে থাকে, তা না হলে সমাজ চলে কীভাবে?","In fact, independent-minded girls end up without families, otherwise how would society function?"
Derogation,মেয়েটা নিজেকে বস ভাবে কিন্তু আসলে কোনো যোগ্যতা নেই।,Loading...
Non Misogynistic,মেয়েদের স্বাধীনভাবে বাঁচার অধিকার কোনো শর্তের উপর নির্ভরশীল নয়।,Loading...
Non Misogynistic,"আপু তুমি যখন কাঁদছিলে ভিডিওতে, আমার চোখও ভিজে গেছে",Loading...
Non Misogynistic,দিদির চশমার ফ্রেম তার ব্যক্তিত্বের সাথে মানানসই,Loading...
Stereotype,পরিবারের সবার পাতে খাবার তুলে দেওয়াই মেয়েদের সুখ হওয়া উচিত,Loading...
Stereotype,"নিজের পেশা বেছে নেওয়া মেয়েরা পরিবারের শাসন ভাঙে, স্বীকার করুক বা না করুক।",Loading...
Sexual Harassment,কচি মাল খাইয়া শান্তি নাই বাতি মাল খাওয়া লাগবে,Loading...
Stereotype,মেয়েরা গুরুত্বপূর্ণ সিদ্ধান্ত নিতে পারে না,Loading...
Non Misogynistic,মেয়েটির পরিচ্ছন্নতাবোধ সমাজে দরকারি,Loading...
Non Misogynistic,মেয়েটি দুর্যোগে আক্রান্তদের সাহায্য করছেন,Loading...
Non Misogynistic,নারী নেতৃত্বে প্রতিষ্ঠান পরিচালিত হলে কাজের পরিবেশ প্রায়ই আরও অন্তর্ভুক্তিমূলক হয়।,Loading...
Stereotype,মেয়েদের বিয়ের একটা বয়স থাকে এটা মানতেই হবে,Loading...
Derogation,এই মেয়ের আদর্শের নাম নেই বলে মনে হয়,Loading...
Sexual Harassment,মামণির দুধ বুড়ির মতো ঝুলে গেছে টাও কাকে দেখাচ্ছ?,Loading...
Non Misogynistic,মেয়েটা যা করে মনে থেকে করে অর্ধেক মনে না,Loading...
Non Misogynistic,মেয়েটার ছবি তোলার স্টাইলটা একদম ভিন্ন।,Loading...
Non Misogynistic,আপু বিতর্কে বিজয়ী হয়েছেন বহুবার,Loading...
Stereotype,"সবাই জানে, বাজার সদাই ভুলে যায়, তাই গিন্নি হিসেবে অচল।",Loading...
Derogation,এই মহিলার কাছ থেকে দূরে থাকাই ভালো,Loading...
Sexual Harassment,"তোমাকে ঘুরতে নিয়ে যেতে চাই, আমি টাকা দিবো আর তোমার আমাকে দিতে হবে",Loading...
Non Misogynistic,"মেয়েটা সংকটের সময় শান্তভাবে দলকে নেতৃত্ব দিয়েছিল, সবাই অবাক।",Loading...
Non Misogynistic,"আমার নেত্রী যখন মঞ্চে বক্তৃতা দেন, সবাই তখন চুপচাপ শোনে।",Loading...
Non Misogynistic,দিদি বইপড়াকে মানসিক ভরসা মনে করেন,Loading...
Non Misogynistic,দিদির মুখে এক অপূর্ব শান্তি,Loading...
Non Misogynistic,আপুর হাঁটার ছন্দে রুচির পরিচয় মেলে,Loading...
Sexual Harassment,এই সুন্দরী মাত্র ২৫ বছরেই যৌবনের জ্বালা মিটিয়েছে,Loading...
Non Misogynistic,মেয়েরা চাইলে অনেক কিছু অর্জন করতে পারে,Loading...
Non Misogynistic,মেয়েটা পেশাদার দক্ষতা ও মানবিক গুণাবলীর সমন্বয়ে অনন্য হয়ে উঠেছে।,Loading...
Stereotype,চাকরিজীবী মেয়েদের উচিত মন খারাপের কথা পরিবারে চেপে রাখা।,Loading...
Sexual Harassment,"মেয়েগুলার না আছে ফিগার, না পারে নাচতে",Loading...
Non Misogynistic,মহিলা ডাইভার গভীর জলে নির্ভয়ে যান,Loading...
Stereotype,আসলে মহিলাদের স্বপ্ন সংসারের চৌহদ্দি পেরোলে সর্বনাশের ঝুঁকি ,Loading...
Stereotype,গভীর সমস্যা সমাধানে মেয়েদের ধৈর্য কম — এটাই বাস্তব।,Loading...
Non Misogynistic,মেয়েটার কথার মধ্যে আলাদা একটা আন্তরিকতা আছে,Loading...
Non Misogynistic,আপু এত শুকিয়ে গেছেন কিভাবে?,Loading...
Derogation,মেয়েটার ভিডিও এডিট করার পরেও দেখার মতো না।,Loading...
Sexual Harassment,"আপুটার দুধ এত বড় কীভাবে, কতজন টিপেছে?",Loading...
Stereotype,মেয়েরা ছোট কাপড় পরে বের হলে যেকোনো ঘটনার দায় তাদেরই ,Loading...
Derogation,পেটের লুদি বাইর হই গেছে মাইয়াটার,Loading...
Derogation,মেয়েটা ভবিষ্যৎ জীবনে কিছু করতে পারবে আকাইম্ম,Loading...
Derogation,এই মেয়েটার ভাবসাব দেখলে মনে হয় উঁচু ঘরে বিয়ে দিতে পারলে বাঁচে,Loading...
Non Misogynistic,শাড়ি তে নারী এবং নারীর সৌন্দর্য শাড়ি তে নিহিত,Loading...
Derogation,আপুর ভাবনার জগৎ খুব একটা বিস্তৃত নয়।,Loading...
Non Misogynistic,মহিলা দলনেতাটির কৌশলে দলটি প্রতিযোগিতায় এগিয়ে গেছে।,Loading...
Derogation,নাচ দেখেই আন্দাজ করতে পারছি মেয়েগুলার ভিতরে অনেক জ্বালা আছে,Loading...
Derogation,এই মেয়ের চেহারার যত্ন নেওয়া দেখলে মনে হয় গুরুত্বই দেয় না,Loading...
Non Misogynistic,মহিলা সামাজিক উন্নয়নকারীটির কাজের মাধ্যমে অনেক পরিবার স্বনির্ভর হয়েছে।,Loading...
Derogation,এই মহিলা ম্যানেজার হয়েছে কীভাবে বোঝার উপায় নেই।,Loading...
Sexual Harassment,আপনি কিসের মডেল খালা? রাতের মডেল নাকি,Loading...
Sexual Harassment,এই মেয়ে কে একবার কাছে পাইলে মজা বুজাই দিতাম,Loading...
Non Misogynistic,আপু ছোট সঞ্চয় থেকে বড় কাজ করেন,Loading...
Non Misogynistic,মহিলা পোল ভল্টার আকাশছোঁয়ার সাহস দেখান,Loading...
Stereotype,মেয়েরা পুলিশে গেলে অপরাধী ধরতে পারে না,Loading...
Stereotype,মেয়েরা প্রফেশনাল রেসিং ড্রাইভার হলে দর্শক নেবে না,Loading...
Stereotype,মেয়েরা নিজের ওজন নিয়ে সবসময় চিন্তিত থাকে,Loading...
Stereotype,সব জায়গায় সুন্দরী মেয়েদের বেশি চাহিদা থাকে,Loading...
Stereotype,মেয়ে মানুষের রং পাল্টানো দেখলে গিরগিটিও মনে হয় লজ্জা পাবে!,Loading...
Non Misogynistic,"চাচি সকাল থেকে রাত যেভাবে সংসারের কাজ করে, প্রশংসার যোগ্য",Loading...
Non Misogynistic,"আগে অন্যের কথা শোনে, তারপর নিজেরটা বলে",Loading...
Derogation,চুতমারানিরে দেখতে একবারে ফাটাকেষ্টের মত লাগে,Loading...
Stereotype,"যত পড়ুক, শেষে রান্নাঘরেই ফিরে আসতে হয় ।",Loading...
Non Misogynistic,মেয়েটার অ্যাথলেটিক প্রশিক্ষণের প্রতি নিষ্ঠা দেখলে অনুপ্রেরণা মেলে।,Loading...
Stereotype,মেয়েরা স্কুবা ডাইভিংয়ে সাহস কম,Loading...
Stereotype,কম পড়াশোনা করা মেয়েই বউ হিসেবে নিরাপদ পছন্দ।,Loading...
Derogation,মদের বোতল দিনে কয়টা শেষ কর?,Loading...
Non Misogynistic,মেয়েটার লেখা রচনাটা প্রতিযোগিতায় প্রথম স্থান পেয়েছে।,Loading...
Non Misogynistic,মেয়েটা একটাও অজুহাত না দিয়ে কাজটা শেষ করে দিল,Loading...
Non Misogynistic,মেয়েদের বিরুদ্ধে সহিংসতা সামাজিক ব্যাধি যা সবাই মিলে প্রতিরোধ করতে হবে।,Loading...
Derogation,এই মহিলা ব্যর্থ হলে সবসময় অন্যকে দায়ী করে।,Loading...
Non Misogynistic,প্রতিটি মেয়ের নিজের পেশা বেছে নেওয়ার অধিকার সম্পূর্ণরূপে তার নিজের।,Loading...
Stereotype,শুধুমাত্র চেহারার জন্যই মেয়েদের এত দাম,Loading...
Stereotype,"নেতৃত্বের ভার মেয়েদের কাঁধে রাখলে পুরো দল ভেঙে যায়, তা না হলে সমাজ চলে কীভাবে?",Loading...
Stereotype,মতামত দেওয়া মেয়েদের ঘরের ভেতরেই দাবিয়ে রাখা দরকার।মেয়েদের আবার কীসের কথা এত,Loading...
Non Misogynistic,"মেয়েরা স্বনির্ভর হলে পরিবারের উপর চাপ কমে, সবাই লাভবান হয়।",Loading...
Non Misogynistic,আপুর আচরণে ভণিতা নেই,Loading...
Non Misogynistic,মেয়েটার সাহিত্য বিষয়ক জ্ঞান চমৎকার,Loading...
Non Misogynistic,মেয়েটির গল্প বলার ক্ষমতা অসাধারণ,Loading...
Stereotype,মেয়েরা দলগত কাজে একে অপরের সাথে বনিবনা করে না,Loading...
Non Misogynistic,মেয়েটি প্রতিটি দলের সদস্যকে গুরুত্ব দেন,Loading...
Non Misogynistic,প্রাথমিক থেকে বিশ্ববিদ্যালয় পর্যন্ত মেয়েদের ঝরে পড়ার হার কমানো দরকার।,Loading...
Derogation,"আন্টি আগে পেটের ভুঁড়ি কমান, তারপর ক্যামেরার সামনে আসেন",Loading...
Non Misogynistic,মহিলা আবহাওয়াবিদ প্রকৃতির ভাষা বুঝতে সাহায্য করেন,Loading...
Derogation,"দুই টাকার মাইয়া না, দশ টাকার ভাব দেখায়",Loading...
Non Misogynistic,মহিলা সামাজিক উদ্যোক্তাটি দুস্থ শিশুদের শিক্ষা নিশ্চিতে কাজ করছেন।,The female social entrepreneur is working to ensure the education of underprivileged children.
Stereotype,"মেধাবৃত্তি পেলেও মেয়েদের কাজে দেয় না, বিয়েতে দেয়।",Loading...
Stereotype,মঞ্চে বক্তৃতা দিতে হলে আগে মেয়ের কণ্ঠ সুন্দর হওয়া লাগে,Loading...
Non Misogynistic,মেয়েটা নিজের আয় দিয়ে পরিবারকে সহায়তা করছে এবং নিজেও সঞ্চয় করছে।,Loading...
Derogation,এই মহিলার শরীরে মেদ জমে গেছে ব্যায়াম করার চিন্তা নেই,Loading...
Non Misogynistic,আপু প্রতিদিন কিছু সময় নিজের জন্য রাখেন,Loading...
Derogation,মেয়েটাকে দেখলে মনে হয় বিবর্তন থেমে আছে,Loading...
Non Misogynistic,আজ কাল বোরখা পরা নারী রাও সেফ না,Loading...
Non Misogynistic,মেয়েটা নিজের ভুল বুঝতে পারলে সেটা ঠিক করার চেষ্টা করে,Loading...
Stereotype,ঘরের চৌকাঠ পেরোলেই মেয়েরা দিশেহারা হয়ে পড়ে,Loading...
Stereotype,মেয়েরা অভিযোগ করলে সেটা অতি সংবেদনশীল,Loading...
Derogation,"ঐ মেয়ের জামা পরার ধরন দেখলে চোখ সরিয়ে নিতে ইচ্ছা করে, মনে হয় সবাইকে শরীর দেখিয়ে বেড়াচ্ছে",Loading...
Non Misogynistic,মেয়েটা স্পষ্ট ভাষায় কথা বলেন,Loading...
Stereotype,"লাইব্রেরিতে বসে থাকা মেয়েদের আসল ফোকাস বইয়ে না, স্বীকার করুক বা না করুক।",Loading...
Stereotype,"মেয়েরা পরের বেলায় নীতিবাক্য শোনায়, নিজের বেলায় বেমালুম ভুলে যায়।",Loading...
Sexual Harassment,"বুড়ি আসলে একটা খেলনার মতো মাল, এর বেশি কিছু না",Loading...
Non Misogynistic,ভাবির আন্তরিকতা পুরো পরিবারকে এক করে রেখেছে,Loading...
Non Misogynistic,মেয়েদের শিক্ষা নিশ্চিত হলে পরবর্তী প্রজন্ম আরও শক্তিশালী হবে।,Loading...
Derogation,মেয়েটার নিজেকে প্রফেশনাল দাবি করে কিন্তু কাজে বোঝা যায় না।,Loading...
Non Misogynistic,বোনটি রাগের মুহূর্তেও কঠিন কথা বলেন না,Loading...
Non Misogynistic,নারী সৈনিকেরা দেশের গৌরব,Loading...
Non Misogynistic,"মেয়েটার নেতিবাচক অভিজ্ঞতাগুলো তাকে ভেঙে ফেলেনি, বরং শক্তিশালী করেছে।",Loading...
Non Misogynistic,মেয়েটার শিল্পকর্ম সমাজের গুরুত্বপূর্ণ প্রশ্নগুলো উত্থাপন করে।,Loading...
Derogation,মেয়েটার আত্মসমালোচনার ক্ষমতা নেই।,Loading...
Derogation,"মেয়েটার পরিবারের কোনো সম্মান নেই, তাই মেয়েও এমন হয়েছে।",Loading...
Derogation,"এই মেয়ের জীবনে কোনো লক্ষ্য নেই, শুধু ভাসতে থাকে",Loading...
Sexual Harassment,"আরও একটু খুলেই দেখান, মনের জালা মিটত",Loading...
Non Misogynistic,ছেলে নাকি মেয়ে সেটা না দেখে সবাই কে কাজ দিয়ে বিচার করা উচিত,Loading...
Derogation,এই মহিলাটার জন্য ঘরের পরিবেশ নষ্ট হয়,Loading...
Non Misogynistic,আপুর আবেগ প্রকাশ পরিমিত,Loading...
Non Misogynistic,মহিলা মঞ্চ পরিচালক নাটককে নতুন মাত্রা দিয়েছেন,Loading...
Non Misogynistic,আপনার এই অভ্যাসটা আমার মায়ের কথা মনে করিয়ে দিল,Loading...
Stereotype,"বলে রাখি, এখনকার মেয়েরা বরাবরই সংসার গোছানো ছাড়া আর কিছু ঠিকভাবে পারে না।",Loading...
Sexual Harassment,শাড়ী খুলে দেখাও,Loading...
Non Misogynistic,বোনটির হাতের ফুল গাছ সবচেয়ে সুন্দর হয়ে ওঠে,Loading...
Non Misogynistic,দিদির ফটোগ্রাফিতে আবেগ ধরা পড়ে,Loading...
Derogation,তুই অন্যের ক্ষতি করে নিজে এগিয়ে যেতে চাস।,Loading...
Stereotype,"বলে রাখি, টাকা হাতে পেলে মেয়েদের শপিং ছাড়া কিছু মনে থাকে না।",Loading...
Stereotype,বড় ঘরের মেয়ে মানে কাজকর্ম জানে না,Loading...
Stereotype,মেয়েদের পরিচয় স্বামীর নাম দিয়ে আসে,Loading...
Non Misogynistic,নারী টেলিভিশন উপস্থাপিকা দর্শকদের সাথে সংযোগ গড়ে তোলেন,Loading...
Sexual Harassment,তোমারে আমার নানার কাছে পাঠাইলে বুঝতা কেমনে কি করে।,Loading...
Derogation,লুচ্চা ছেড়ি বেশি কথা কয়,Loading...
Derogation,এই মহিলার সাথে সংসার করা মানে কষ্টের জীবন কাটানো।,Loading...
Stereotype,নিজের নামে বাড়ি লিখিয়ে নেওয়া মেয়েরা স্বামীকে ছোট করে।,Loading...
Non Misogynistic,মহিলা উন্নয়ন সংস্থার পরিচালকটি প্রান্তিক জনগোষ্ঠীর জীবন বদলাচ্ছেন।,Loading...
Derogation,এই মেয়েকে চেনা মানে নিজের সুনাম হারানো,Loading...
Stereotype,"বলে রাখি, উচ্চশিক্ষিত মেয়েরা স্বামীকে নিচু চোখে দেখে — এই কথাটা কখনোই পুরোনো হবে না।",Loading...
Derogation,মেয়েটার পটেনশিয়াল আছে কিন্তু কাজে লাগায় না।,Loading...
Derogation,"মেয়েটার বন্ধুত্ব লাভের জন্য, মানুষের জন্য না",Loading...
Non Misogynistic,প্রতিটি মেয়ে নিজের পরিচয় ও সত্তার বিষয়ে গর্বিত হতে পারে।,Loading...
Derogation,এই মহিলার বাসায় যাওয়া মানে অস্বস্তিতে পড়া,Loading...
Sexual Harassment,ওই যে কালা সুতাটা না পরলে আরো ভালো হইতো,Loading...
Non Misogynistic,বোনটির ইলাস্ট্রেশন গল্প বলে,Loading...
Stereotype,মেয়েদের মতামত সংসারে চললে পুরুষের মান থাকে না,Loading...
Non Misogynistic,মহিলা ফ্যাশন ডিজাইনার অনন্য সংস্কৃতি তুলে ধরেছেন,Loading...
Stereotype,মেয়েদের মাথায় ব্যবসায়িক পরিকল্পনা আসে না,Loading...
Non Misogynistic,মেয়েদের সাইবার হয়রানি থেকে রক্ষা করা আইন ও সমাজের দায়িত্ব।,Loading...
Derogation,এই মেয়েটার কাজের মান দেখলে হতাশ হতে হয়,Loading...
Non Misogynistic,বোনটির আবিষ্কারমূলক চিন্তা প্রশংসনীয়,Loading...
Non Misogynistic,মহিলা সামাজিক কর্মীটি বৃদ্ধাশ্রমে নিয়মিত যান এবং বয়স্কদের সঙ্গ দেন।,Loading...
Derogation,আপা মনে হয় সারাদিন গঞ্জিকা সেবনে ব্যস্ত থাকে,Loading...
Sexual Harassment,ওনাকে ধইরা নিয়ে বইড়া দিছে,Loading...
Derogation,এই মেয়েকে দেখলে মনে হয় সামান্য বিষয়েও ভেঙে পড়ে,Loading...
Non Misogynistic,বোনটির আয়োজন প্রতিটি অনুষ্ঠানে নজর কাড়ে,Loading...
Non Misogynistic,মেয়েদের প্রতি যেকোনো অসম্মান প্রতিরোধ করা উচিত,Loading...
Non Misogynistic,আজকে ম্যাম অনেক সুন্দরভাবে পুরো বিষয়টা বুঝিয়েছে,Loading...
Stereotype,মহিলা সার্জনের ছুরি ধরা হাতের ওপর ভরসা করা কঠিন,Loading...
Derogation,এসব নষ্ট সারাদিন গর্ত বেইচা খায়,Loading...
Non Misogynistic,মেয়েটার অভিনয় চরিত্রকে জীবন্ত করে,Loading...
Derogation,মেয়েটার দৃষ্টিভঙ্গি সবসময় নেগেটিভ।,Loading...
Non Misogynistic,মেয়েটার ল্যান্ডস্কেপ চিত্র শান্তি আনে,Loading...
Non Misogynistic,মেয়েটি কখনো কথায় কাউকে কষ্ট দেন না,Loading...
Stereotype,"দেখো, যেকোনো বড় সংকটে মেয়েরা চাপ নিতে পারে না, তা না হলে সমাজ চলে কীভাবে?",Loading...
Stereotype,আসলে বিদেশে একা ট্যুর করা মেয়েদের পরিবার দুশ্চিন্তায় থাকে স্বাভাবিকভাবেই।,Loading...
Non Misogynistic,মেয়েটার বিজ্ঞান বিষয়ক প্রকল্প পুরস্কৃত হয়েছে,Loading...
Stereotype,মেয়েরা বেশি খেলে মোটা হয়,Loading...
Non Misogynistic,আপুর সাথে কাজ করতে সত্যিই ভালো লাগে,Loading...
Derogation,"গায়িকা নিজে একটা পাগল, কি আর গান গাইবে",Loading...
Derogation,"মেয়েটার ডিগ্রি দেখানো যতটা সহজ, কাজ করানো ততটাই কঠিন",Loading...
Non Misogynistic,"এই মেয়ে, তোমার কাজল করা ওই চোখের প্রেমে পড়েছি আমি",Loading...
Derogation,এই মেয়ের গলা ছেড়ে গান গাইতে শুনলে কানে তালা দেওয়া লাগে।,Loading...
Sexual Harassment,আপুটিকে খেলনার মতো কোলে বসিয়ে খেলতে চাই,Loading...
Derogation,এই মহিলার নিজের সম্পর্কে মূল্যায়ন ভুল,Loading...
Derogation,এই বেডির কোনো নীতিনিষ্ঠা নেই।,Loading...
Non Misogynistic,মেয়েটা আর্থিকভাবে নিজের পায়ে দাঁড়িয়ে পরিবারের মুখে হাসি ফুটিয়েছে।,Loading...
Derogation,এই বেডি এত অজ্ঞ যে নিজের দেশের রাজধানীও জানে না।,Loading...
Non Misogynistic,মহিলা স্থানীয় নেত্রীটি সম্প্রদায়ের সমস্যা সমাধানে সরাসরি মাঠে নামেন।,Loading...
Stereotype,"মেয়েরা বড় স্কেলে চিন্তা করতে পারে না, ছোট ছোট বিষয় নিয়ে পড়ে থাকে",Loading...
Non Misogynistic,মহিলা পশু চিকিৎসকটি প্রত্যন্ত এলাকার পশুপালকদের পাশে দাঁড়াচ্ছেন।,Loading...
Non Misogynistic,মেয়েটা রাগ হলে কথা বলে না বরং কাজ করে,Loading...
Non Misogynistic,দিদি একটানা বাদ্যযন্ত্র বাজাতে পারেন অসাধারণ,Loading...
Derogation,এই মেয়ের কথা বিশ্বাস না করলেই ভালো,Loading...
Derogation,"সতী নারীর ভাত নাই, বেশ্যার গলায় সোনার হার",Loading...
Derogation,তুমি যা বলো তার অর্ধেকও সত্যি না।,Loading...
Non Misogynistic,"মেয়েটা সময়মতো সব কাজ শেষ করার চেষ্টা করে, সে অন্তত সময় নষ্ট করে না",Loading...
Derogation,এই বেডির রান্নাঘর দেখলে মনে হয় গ্রীষ্মকালীন ঝড় হয়েছে।,Loading...
Stereotype,"দেখুন, মেয়েদের জন্য সাহিত্য-শিল্পকলা পড়াই যথেষ্ট, বিজ্ঞান নয়।",Loading...
Non Misogynistic,"মেয়েটা নিজের ইচ্ছায় পড়াশোনা করেছে, ক্যারিয়ার বেছেছে, জীবন গড়েছে।",Loading...
Sexual Harassment,বিয়ার আগে দিয়ে বেড়ালে আর বিয়ে করতে হবে কেনো,Loading...
Derogation,এই বেডি নিজেকে সৎ দাবি করে কিন্তু সবকিছুতেই ফাঁকি দেয়।,Loading...
Sexual Harassment,"বৌদি ক্যামেরা যত নিচে নামাচ্ছে, কাপড় তত উপরে উঠছে",Loading...
Non Misogynistic,তোমাকে পরীর মতো লাগছে,Loading...
Derogation,তুমি যেভাবে অন্যদের সাথে ব্যবহার করো তা দেখে গা ঘিনঘিন করে।,Loading...
Non Misogynistic,মহিলা সিইওটির কৌশলগত সিদ্ধান্তে প্রতিষ্ঠানটি নতুন উচ্চতায় পৌঁছেছে।,Loading...
Non Misogynistic,মেয়েদের পুনঃনিযুক্তির সুযোগ বাড়ানো প্রয়োজন,Loading...
Non Misogynistic,দিদির পরামর্শ ছাড়া কোনো বড় সিদ্ধান্ত নিতে চাই না,Loading...
Derogation,"এর মেয়েটা এত ব্যভিচারী, এর মা না জানি কত খারাপ | বেশ্যার পেট থেকে কোনোদিন ভালো কিছু বের হয় না",Loading...
Non Misogynistic,মেয়েটার ছোট বোন তাকে দেখে নিজের ক্যারিয়ারের স্বপ্ন বুনছে।,Loading...
Derogation,মেয়েটার দাবি আর সক্ষমতার মধ্যে বিশাল ফাঁক,Loading...
Non Misogynistic,মহিলা নৃত্যশিল্পীটির পরিবেশনায় দর্শকরা ঘণ্টার পর ঘণ্টা মনোযোগ ধরে রাখেন।,Loading...
Non Misogynistic,মহিলা লং-জাম্পার গতি ও কৌশলের সমন্বয় ঘটান,Loading...
Non Misogynistic,দিদির গিটার বাজানো অসাধারণ,Didi's guitar playing is amazing.
Non Misogynistic,মেয়েটার লেখার ভাষা ও ভাব পাঠকদের গভীরভাবে স্পর্শ করে।,Loading...
Sexual Harassment,এই মডেল এত কচি বয়সে ডাব এত বড় কীভাবে?,Loading...
Non Misogynistic,মহিলা স্পেস বিজ্ঞানী মহাকাশ গবেষণায় নাম রেখেছেন,Loading...
Derogation,এই মহিলার আত্মম্ভরিতা দেখলে বিরক্ত লাগে,Loading...
Sexual Harassment,এই ডিজেকে এত ছেলের সাথে লাগালে প্রেগনেন্ট হবে সহজেই,Loading...
Stereotype,গ্রামের মেয়েরা একদমই ছেলেদের সমান কাজ করার দাবি একদম অযৌক্তিক — এটাই সত্য।,Loading...
Stereotype,"দেখো, উচ্চপদে মেয়ে বসলে অফিসে শৃঙ্খলা ভেঙে যায়, এটা মানতেই হবে।",Loading...
Sexual Harassment,ফুলশয্যায় কে খাট ভাঙবে জানতে চান? এই মালটাকে দেখলে বুজা যায়,Loading...
Stereotype,মেয়েদের সবাই শুধু ফিগার দিয়ে মূল্যায়ন করে,Loading...
Non Misogynistic,মেয়েটার উদ্যোগ অর্থনৈতিক স্বাধীনতা এনেছে অনেকের জীবনে,Loading...
Non Misogynistic,"মেয়েদের সমান সুযোগ পাওয়ার অধিকার কোনো সুবিধা নয়, এটা ন্যায্যতার প্রশ্ন।",Loading...
Derogation,এই মেয়েকে চেনা মানুষেরা জানে আসলে কতটা খারাপ,Loading...
Derogation,"মেয়েটা বাইরে ভালো সেজে থাকে, ভেতরে সম্পূর্ণ আলাদা।",Loading...
Derogation,মেয়েটাকে দেখলে মনে হয় বই কখনো হাতে নেয়নি,Loading...
Stereotype,"একা কোর্টে মামলা লড়তে গেলে মেয়েদের কেউ সাহায্য করে না, উল্টো চাপের মুখে পড়তে হয়",Loading...
Non Misogynistic,মহিলা সমাজ সচেতনতামূলক কর্মীটির কাজে সমাজে ইতিবাচক মনোভাবের বিস্তার ঘটছে।,Loading...
Non Misogynistic,বোনটির হারমোনিয়ামে সুর অসাধারণ,Loading...
Derogation,এই মহিলার কথায় নিজস্ব কোনো চিন্তা নেই,Loading...
Sexual Harassment,তোমার মতো পঁচা মাল মানুষ খায়না,Loading...
Non Misogynistic,মেয়েটার নাচের পারফরম্যান্স দর্শকদের মুগ্ধ করেছে।,Loading...
Stereotype,"যেই মেয়েদের পোশাকে শালীনতা নেই, তাদের পরিবারে সংস্কারের অভাব।",Loading...
Stereotype,"মেয়ে মানুষের জায়গা রান্নাঘরে, এটা যুগ যুগ ধরে চলে আসছে",Loading...
Derogation,এই বেডির দৃঢ়তার অভাব সবসময়ই দেখা যায়।,Loading...
Non Misogynistic,মহিলা স্বাস্থ্য কর্মকর্তাটি মহামারী মোকাবিলায় অগ্রণী ভূমিকা নিয়েছিলেন।,Loading...
Derogation,মেয়েটার ওজন দেখলে মনে হয় সিকি শতাব্দী ধরে রান্নাঘরে আছে।,Loading...
Sexual Harassment,এই মাগির কোমর দেখে মনে হয় চিনি ছাড়া রসগোল্লা,Loading...
Non Misogynistic,মহিলা মনোবিজ্ঞানীটি হাজার হাজার মানুষকে মানসিক সহায়তা দিয়েছেন।,Loading...
Non Misogynistic,আপু তুমি যখন হাসো পুরো পরিবেশটা বদলে যায়,Loading...
Stereotype,মেয়েরা সামান্য মাথাব্যথায় কাজ বন্ধ করে দেয়,Loading...
Non Misogynistic,মহিলা বিভাগীয় কমিশনার দুর্যোগ ব্যবস্থাপনায় দক্ষতার সাথে নেতৃত্ব দিয়েছেন।,Loading...
Non Misogynistic,তার মুখ দেখলে বোঝা যায় না সে আসলে কষ্টে আছে নাকি সুখে আছে।,Loading...
Non Misogynistic,মেয়েটি নিজের লক্ষ্যের প্রতি অবিচল,Loading...
Sexual Harassment,"টার্গেট করছে এই মেয়েকে, এটাকে ধরে খেয়েই ছাড়বে",Loading...
Stereotype,সত্যি বলতে মেয়েদের বাইরে গিয়ে কাজ করতে চাওয়া মানেই সংসারের প্রতি দায়িত্বে অবহেলা।,Loading...
Stereotype,"মেয়েরা ক্যারিয়ারে বেশি দূর যেতে পারে না, পরিবারের দায়িত্বে আটকে যায়",Loading...
Non Misogynistic,মেয়েদের আর্থিক স্বাধীনতা তাদের জীবনের প্রতিটি সিদ্ধান্তকে শক্তিশালী করে।,Loading...
Stereotype,মেয়েরা কর্পোরেটে এসে পরিবেশ নষ্ট করে,Loading...
Non Misogynistic,আপু তুমি যে সমস্যার কথা বললে সেটা আমারও হয়,Loading...
Non Misogynistic,মেয়েটার স্বামী বলেছেন তোমার ক্যারিয়ার সমান গুরুত্বপূর্ণ।,Loading...
Stereotype,"মেয়েরা হচ্ছে ঋতুর মত, যখন চায় জাত চেঞ্জ করে",Loading...
Derogation,কুত্তার মত পিছে পিছে ঘোরবে এমন ছেলে লাগবে ওর,She needs a boy who will run around like a dog.
Stereotype,"মেয়েরা কোডিং করতে পারে না মূলত, মাঝে মাঝে যারা করে তারা ব্যতিক্রম",Loading...
Stereotype,দেখুন মেয়েরা যত ছোট ঘটনা হোক না কেনো তত বড় গল্প বানিয়ে ছড়িয়ে দেয়।,Loading...
Non Misogynistic,মেয়েটির ব্যালে নাচ অপূর্ব,Loading...
Sexual Harassment,দুই টা লিচুর ওজন কত হতে পারে?,Loading...
Non Misogynistic,মেয়েটার বাদ্যযন্ত্রে দক্ষতা প্রশংসনীয়,Loading...
Non Misogynistic,মেয়েটি কখনো হাল ছাড়ে না,Loading...
Non Misogynistic,মেয়েটির আতিথেয়তা অতিথিদের মুগ্ধ করে,Loading...
Sexual Harassment,"আপার অভিজ্ঞতা আছে অনেক, ব্যবহার করছে আপনাকে অনেক জন জ্বালা মিটানোর জন্য",Loading...
Sexual Harassment,পাবলিকে তোদের আর খায় না,Loading...
Derogation,এই বেডি নিজের সম্পর্কে যা ভাবে বাস্তবতা সম্পূর্ণ আলাদা।,Loading...
Derogation,মা মেয়ে দুজনকে দেখলেই গায়ে জ্বর উঠে যায়,Loading...
Non Misogynistic,"বোন, তুমি যেভাবে ভাবো সেভাবে কিন্তু সবাই ভাবে না, তুমি অন্য কিসিমের মানুষ",Loading...
Non Misogynistic,একজন মায়ের অনুপ্রেরণা সন্তানের সফলতার মূল,Loading...
Stereotype,মেয়েরা পোশাক পরিধানে বেশি সময় নষ্ট করে,Loading...
Non Misogynistic,মেয়েটার আত্মনির্ভরশীলতা তাকে সংকটেও স্থির রাখে।,Loading...
Non Misogynistic,মেয়েদের প্রতি হিংস্রতা যেকোনো রূপেই গ্রহণযোগ্য নয়,Loading...
Sexual Harassment,তুমি তো ফুটা ভাড়া দেয়া তরণী,Loading...
Derogation,এই মেয়েগুলাই হলো সমাজ নষ্টকারী,Loading...
Non Misogynistic,"আপু, তোমার পডকাস্ট এই নিয়ে ২ বার শুনলাম, ভালো ছিল",Loading...
Non Misogynistic,মেয়েটার সংগঠন ক্ষমতা ও দূরদর্শিতা তাকে নেতৃত্বের উপযুক্ত করেছে।,Loading...
Sexual Harassment,আজ কালকার নাইকা রা পা চেটে চেটে উপরে উঠছে,Loading...
Non Misogynistic,"মেয়েরা চুপ থাকলে বলে লাজুক, আর কথা বললে বেশি মুখর",Loading...
Stereotype,এখনকার মেয়েরা অশ্লীল পোশাক পরে সাধারন মানুষ কে দেখায়,Loading...
Sexual Harassment,মেয়েটার ফিগার যা বানিয়েছে পিছনে আর তাকাইতে হবে না এমনি সামনে আগায় যাবে,The girl's figure will move forward without looking back.
Non Misogynistic,আপু সংসারে শৃঙ্খলা ধরে রাখেন,Loading...
Stereotype,"সবাই জানে, পদার্থবিজ্ঞানে মেয়েদের মাথা কম চলে— এটাই বাস্তব।",Loading...
Non Misogynistic,বোনটির কথাবার্তায় কোনো ভেজাল নেই,Loading...
Non Misogynistic,মহিলা ক্যামেরাপারসন তথ্যচিত্রকে শক্তিশালী করেছেন,Loading...
Stereotype,অফিসে মেয়েরা বেশি দ্রুত প্রমোশন পায়,Loading...
Non Misogynistic,আপুর জ্ঞান অনেক গভীর,Loading...
Non Misogynistic,মেয়েদের নিজের জীবনের সিদ্ধান্ত নেওয়ার অধিকার অবশ্যই থাকা উচিত,Loading...
Non Misogynistic,মেয়েটার সামাজিক উদ্যোগ দেখে তরুণ প্রজন্ম অনুপ্রাণিত হচ্ছে।,Loading...
Sexual Harassment,এত দেখানোর পরও ভিউ এত কম কেন আপু!,"Why are there so few views even after showing so much, sister?"
Non Misogynistic,পদার্থবিজ্ঞান বিভাগে মেয়েটার স্কোর সবার মধ্যে সর্বোচ্চ ছিল।,Loading...
Stereotype,"সবাই জানে, শাড়ির বদলে জিন্স পরা মেয়েরা ভালো হয় না— এটাই সত্য।",Loading...
Derogation,তুই ফকিরের মেয়ে হয়ে এত ভাব দেখাস কীভাবে?,Loading...
Non Misogynistic,"মেয়েটা শুধু পথ দেখায় না, নিজেও সবার আগে পথ হাঁটে।",Loading...
Derogation,এই মহিলার প্রফেশনাল আচরণ দেখলে লজ্জা লাগে,Loading...
Stereotype,"দেখো, মেয়েদের কারণে অনেক ভালো সংসারে আজ ভাঙন (যদিও অনেকেই মানতে চাইবে না)।",Loading...
Derogation,"হায়রে সর্বনাশী মাইয়া, মানুষটাকে শেষ করতে একবারও ভাবলিনা",Loading...
Derogation,ফাজিল একটা মহিলা,Loading...
Derogation,সে একটা বারো ভাতারি,Loading...
Non Misogynistic,"মেয়েটা অন্যায়ের বিরুদ্ধে চুপ না থেকে সোচ্চার হয়েছে, এটাই দরকার।",Loading...
Derogation,এই মেয়ে চ্যালেঞ্জ নিতে ভয় পায়,Loading...
Derogation,মেয়েটাকে দায়িত্ব দিলে হতাশ হতে হবে নিশ্চিত,Loading...
Stereotype,"নারীজাত সচরাচর রান্নাঘরে যত স্বাচ্ছন্দ্য, বাইরের জগতে ততটা মানিয়ে নিতে পারে না।",Loading...
Non Misogynistic,দিদির রসগোল্লা বানানোর কৌশল অসাধারণ,Loading...
Sexual Harassment,উপস্থাপিকা শরীর না দেখালে কেউ চিনত না,Loading...
Stereotype,শাশুড়ির সাথে মিলিয়ে চলতে না পারলে মেয়েটারই দোষ,Loading...
Sexual Harassment,এই ডিজের ভাইরাল হওয়ার একমাত্র উপায় কাপড় কম পরা,Loading...
Stereotype,তিরিশের কোঠায় গেলে আর ভালো প্রস্তাব আসে না,Loading...
Derogation,এই মেয়ে নিজের গণ্ডির বাইরে কিছু চিন্তাই করে না,Loading...
Sexual Harassment,"এই মহিলার রেট আছে ৯০ টাকা, আমার কাছে আসো সব দিবো",Loading...
Derogation,এই মহিলার বিবাহিত জীবন ব্যর্থ হয়েছে কারণ পরিষ্কার,Loading...
Non Misogynistic,মেয়েটার লেখার মান প্রফেশনাল মানের,Loading...
Stereotype,আধুনিক মেয়েদের স্বাধীনতা সবসময়ই একটি সামাজিক ঝুঁকি।,Loading...
Non Misogynistic,মেয়েটার আত্মবিশ্বাস দেখে শক্তি পাই,Loading...
Non Misogynistic,মেয়েটার নেতৃত্বে সামাজিক উদ্যোগটি স্থানীয় পর্যায়ে বড় পরিবর্তন আনছে।,Loading...
Derogation,এই বেডির চুল পড়ে যাচ্ছে কিন্তু পরোয়া নেই।,Loading...
Non Misogynistic,নারী ফুটবলাররা বিশ্বমঞ্চে দেশকে গর্বিত করছেন,Loading...
Stereotype,মেয়েরা কান্নাকাটি করে সব কিছু পাওয়ার চেষ্টা করে,Loading...
Non Misogynistic,"মেয়েটা নিজের শর্তে জীবন যাপন করে, এটাই তার সাফল্যের রহস্য।",Loading...
Non Misogynistic,আপু একা বিদেশে গিয়ে নিজের ক্যারিয়ার গড়েছেন,Loading...
Non Misogynistic,"লিঙ্গ বৈষম্যমুক্ত সমাজ গড়া শুধু নারীর লড়াই নয়, মানবতার লড়াই।","Building a society free from gender discrimination is not just a women's fight, but a fight for humanity."
Stereotype,মেয়েদের পড়ালেখা শেষমেশ স্বামীর বাড়ির বুদ্ধি কমায় — এটাই বাস্তব।,Loading...
Sexual Harassment,এই মহিলা ভোগে সুখ পাইয়নি কিন্তু দেখাতে সুখ পাচ্ছে,Loading...
Stereotype,মেয়েরা টাকার হিসাব রাখতে গেলে গুলিয়ে ফেলে,Loading...
Non Misogynistic,মেয়েটার মানসিক শক্তি ও আত্মবিশ্বাস তাকে সবচেয়ে কঠিন পথেও এগিয়ে নিয়ে যায়।,Loading...
Non Misogynistic,আপু পরিবারের খরচ ভালোভাবে সামলান,Loading...
Non Misogynistic,দিদির ছোট উদ্যোগ আজ বড় প্রতিষ্ঠান,Loading...
Stereotype,মেয়েরা যুক্তিতর্কে দাঁড়াতে গেলে ঘুরে ফিরে আবেগে চলে যায়।,Loading...
Stereotype,মেয়েজাত সচরাচর শালীন পোশাক ছাড়া সম্মান আশা করাটাই বোকামি।,Loading...
Stereotype,"কয়েকজন মেয়ে মিলে যদি গল্প শুরু করে, ওই গল্প আর শেষ হয় না",Loading...
Sexual Harassment,পরকীয়ার মধ্যে তুমি এক নাম্বার এ আছো আপু,Loading...
Stereotype,মেয়েদের একটা বয়সের মধ্যে বিয়ে না হলে বাড়ির বোঝা হয়ে পড়ে,Loading...
Derogation,এই মেয়ের সাথে রিলেশন করার রুচি হয় কিভাবে,Loading...
Non Misogynistic,মেয়েটি জীবনের ঝড়েও থামেননি,Loading...
Stereotype,সত্যি বলতে তরুণী মেয়েদের উচিত ঘরে নরম গলায় কথা বলা ,Loading...
Derogation,এই মহিলার পরিচয়ের ঠিক নেই,Loading...
Derogation,মেয়েটার নাটক দেখলে অস্কার দেওয়া উচিত।,Loading...
Derogation,এই বেডির কষ্টের কাহিনি শুনলে মনে হয় নাটক করছে।,Loading...
Non Misogynistic,মহিলা উদ্যোক্তা শূন্য থেকে শুরু করেছিলেন,Loading...
Sexual Harassment,যে কোনো কিছুর বিনিময়ে যদি ঠোঁটে একটা কিস করতে পারতাম,Loading...
Sexual Harassment,চামড়ার ব্যবসা ও আবাসিক হোটেলের পুরুষদের বিছানা গরম করে এই বেটি,Loading...
Stereotype,সুন্দরী মেয়েরা কালো ছেলে পায়,Loading...
Stereotype,মেয়েরা বিয়ের পর সন্তান না হলে তাদের কমতি আছে,Loading...
Derogation,"এই মহিলার সার্টিফিকেট দেখে ভেবেছিলাম কিছু পারে, কিন্তু ভুল প্রমাণিত।",Loading...
Stereotype,অনলাইন সেলের নোটিফিকেশন মেয়েদের সব সিদ্ধান্ত নষ্ট করে দেয়।,Loading...
Non Misogynistic,মেয়েটা প্রতিটি কাজে নতুন উচ্চতায় পৌঁছানোর চেষ্টা করে।,Loading...
Stereotype,বিয়ে না হওয়া পর্যন্ত মেয়েদের পরিচয়ে কোনো ভর থাকে না।,Loading...
Stereotype,মেয়েরা সাধারণত বুদ্ধিহীন—এটা নতুন কিছু নয়,Loading...
Non Misogynistic,নানির শাসনে আদর মেশানো থাকে,Loading...
Stereotype,মেয়েরা যেকোনো কাজে বেশি বেশি ভুল করে,Loading...
Non Misogynistic,মেয়েটি আবেগকে নিয়ন্ত্রণে রাখতে দক্ষ,Loading...
Non Misogynistic,মেয়েদের অধিকার রক্ষা সকলের দায়িত্ব,Loading...
Non Misogynistic,মেয়েটার অভ্যন্তরীণ শান্তি ও আত্মবিশ্বাস তাকে সমাজের চাপ থেকে মুক্ত রাখে।,The girl's inner peace and confidence keep her free from the pressures of society.
Non Misogynistic,নারী সফটওয়্যার ইঞ্জিনিয়ার জটিল সমস্যা সহজে সমাধান করেন,Loading...
Non Misogynistic,মহিলা উকিলরা তাদের দায়িত্ব সব সময় নিষ্ঠার সাথে পালন করে,Loading...
Stereotype,মেয়েদের শখ একটা বাড়তি খরচ,Loading...
Derogation,এই বেডির কথার গতি এত দ্রুত যে কেউ ধরতে পারে না।,Loading...
Stereotype,মেয়েরা বিতর্কে কখনো শেষ পর্যন্ত থাকতে পারে না,Loading...
Sexual Harassment,"মেয়েটা চামড়ার ব্যবসা করলেই চলে, ইনকাম আর ইনকাম",Loading...
Stereotype,মেয়েরা কষ্টের কথা বলতে বলতে আরো কষ্ট তৈরি করে,Loading...
Non Misogynistic,মেয়েটার জ্ঞানপিপাসা তাকে সারাজীবন সক্রিয় ও প্রাসঙ্গিক রাখবে।,Loading...
Derogation,মেয়েটার গায়ের রঙের সাথে তার পোশাক মেলে না।,Loading...
Non Misogynistic,ও নতুন পরিবেশেও মেয়েরা দ্রুত মানিয়ে নিতে পারে,Loading...
Sexual Harassment,বেটি এত কচি বয়সে বুক এত বড় কীভাবে?,Loading...
Non Misogynistic,মেয়েটার নাচের মুভমেন্ট দেখে থামানো যাচ্ছিল না ভিডিও,Loading...
Stereotype,যৌথ পরিবার ভেঙে পড়ার পেছনে বউদের বড় ভূমিকা।,Loading...
Sexual Harassment,"ব্লাউজ এর ডিজাইন পিছন দিয়ে না কেটে সামনে দিয়ে দিতেন, দেখতে আরও কড়া লাগত",Loading...
Stereotype,মেয়েরা একা শহরে থাকলে পরিবারের সম্মানহানি হয়,Loading...
Stereotype,"মেয়েদের পেটে কোনো কথা গোপন থাকে না, একসময় গিয়ে বলে ফেলে",Loading...
Stereotype,প্রতিবেশীর সংবাদ সংগ্রহে মেয়েরা সাংবাদিকদেরও হার মানায়।,Loading...
Derogation,মেয়েটার কোনো সিদ্ধান্তই স্থায়ী না।,Loading...
Derogation,মেয়েটার কথার ধরন দেখলে মনে হয় নিজেকে প্রধানমন্ত্রী মনে করে।,Loading...
Non Misogynistic,গল্পের প্রতিটি চরিত্র ভালোভাবে ফুটিয়ে তুলেছেন মহিলা লেখকটি।,Loading...
Stereotype,হায়রে টাকা !এই টাকার জন্য মেয়েরা আজকে বাবার বয়সী বেটা বিয়ে করে,Loading...
Stereotype,"যতই অস্বীকার করুক, অজানা শহরে একা পৌঁছানো মেয়েদের জন্য চাপের।",Loading...
Non Misogynistic,"অশিক্ষিত মেয়েদের কাছে নিজের ইজ্জত অনেক দামি, যা সহজে বিয়ে ছাড়া কোনো পুরুষ নষ্ট করতে পারে না",Loading...
Non Misogynistic,"লিঙ্গ বৈষম্য দূর করা একটি প্রজন্মব্যাপী লড়াই, কিন্তু অপরিহার্য।",Loading...
Non Misogynistic,মহিলা উন্নয়ন সংগঠনের সদস্যরা মিলে একটি পিছিয়ে পড়া এলাকাকে পরিবর্তন করছেন।,Loading...
Non Misogynistic,দিদি প্রতিদিনের কাজেও নতুনত্ব আনেন,Loading...
Stereotype,"মেয়েরা আবার কীসের বিচারক, রায় দিতে গিয়ে নিজেই কাঁদবে।",Loading...
Sexual Harassment,এই নায়িকার মতো ৩০০ টাকার মাল কে ২ লাখে কে কিনবে?,Loading...
Derogation,এই মহিলা এত সহজ বিষয়ও বুঝতে পারে না,This woman can't even understand such a simple thing.
Stereotype,"মেয়েরা যুক্তি দিয়ে কথা বলতে পারে না, সব সময় আবেগ টেনে আনে",Loading...
Non Misogynistic,মেয়েদের নিরাপদ পরিবেশে কাজ করার অধিকার অলঙ্ঘনীয়।,Loading...
Stereotype,মেয়েমানুষের বাইরে গিয়ে কাজ করতে চাওয়া মানেই সংসারের প্রতি দায়িত্বে অবহেলা।,Loading...
Sexual Harassment,তোমার ডাবগুলো অনেক সুন্দর,Loading...
Sexual Harassment,আস্তে আস্তে ফিগারের চারপাশ চিকনা হয়ে যাচ্ছে,Loading...
Non Misogynistic,নারী খনিজ বিশেষজ্ঞ ভূগর্ভস্থ সম্পদ অনুসন্ধানে দক্ষ,Loading...
Derogation,মেয়েটার এই প্রতারণা একদিন ধরা পড়বে।,This girl's deception will be caught one day.
Derogation,এই মহিলার পোশাক দেখে মনে হয় আজব দেশ থেকে এসেছে,Loading...
Derogation,মেয়েটার ভাব দেখলে মনে হয় সে-ই পৃথিবীর সেরা।,Loading...
Non Misogynistic,নারী আর্চারের নিখুঁত নিশানা গর্বের বিষয়,Loading...
Stereotype,রাজনীতির আলোচনায় মেয়ে থাকলে তার সাথে কথা না বলাই ভালো,Loading...
Derogation,"তুমি গান গাও, কিন্তু শুনলে কানে ব্যথা হয়।",Loading...
Non Misogynistic,বোন বড় হলেও ছোট ভাইয়ের কাছে সর্বদা পরম,Loading...
Non Misogynistic,লাজুক মেয়ে দেখলেই বোঝা যায়।,Loading...
Sexual Harassment,এই মহিলার লিচু টিপতে পারলে স্বর্গ পেতাম,Loading...
Derogation,"তুমি গুরুত্বপূর্ণ সিদ্ধান্ত নিতে পারো না, সবসময় দ্বিধায় থাকো।",Loading...
Non Misogynistic,মেয়েটা কারো নির্দেশের অপেক্ষা না করে নিজেই উদ্যোগ নেয়।,Loading...
Non Misogynistic,মেয়েটার ধৈর্য অনুপ্রেরণাদায়ক,Loading...
Non Misogynistic,এই মেয়েটাকে মূল্যায়ন করে এর কথার উপরে বিচার করা হোক,Loading...
Non Misogynistic,মেয়েটা স্বশিক্ষায় কম্পিউটার বিজ্ঞান শিখে প্রতিযোগিতায় পুরস্কার পেয়েছে।,Loading...
Non Misogynistic,নারী ট্রেকার দুর্গম পথ পাড়ি দিয়েছেন,Loading...
Derogation,আপা উড়না বার বার না খুলে ফেলে দিলেই তো হয়,Loading...
Sexual Harassment,"মডেলিং তো করে না, ছেলেদের দুধ দেখায়",Loading...
Non Misogynistic,মেয়েরা বড় হলে সুরক্ষা দরকার,Loading...
Derogation,এই শালীর জ্বালায় ফেসবুকে ঢুকতে পারিনা,Loading...
Non Misogynistic,মেয়েটি অপরাধীকে আদালতে দাঁড় করিয়েছেন,Loading...
Sexual Harassment,মেয়েটির কথা শুনে দাঁড়িয়ে গেসে,Loading...
Non Misogynistic,মেয়েটা কর্মক্ষেত্রে সংকটের সময় সবচেয়ে স্থির থাকে এবং সমাধান খোঁজে।,Loading...
Non Misogynistic,দিদি প্রতিটা বিষয় নিজে গবেষণা করে শেখে,Loading...
Non Misogynistic,মেয়েটার প্রশ্ন করার অভ্যাসটা শিক্ষকদের কাছে তাকে বিশেষ করে তুলেছে।,Loading...
Stereotype,"যতই অস্বীকার করুক, প্রফেশনাল সেটিংয়ে মেয়েদের সিদ্ধান্ত প্রায়ই আবেগে দূষিত।",Loading...
Non Misogynistic,দিদি অসহায় মানুষের পাশে দাঁড়ান,Loading...
Stereotype,"মেয়েদের বেশি স্বাধীনতা দিলে সংস্কৃতি ভেঙে পড়ে, এটা মানতেই হবে।",Loading...
Non Misogynistic,মহিলা যোগ প্রশিক্ষক শারীরিক ও মানসিক ভারসাম্য শেখান,Loading...
Non Misogynistic,মেয়েটার ব্যক্তিগত বিকাশের যাত্রা অনুপ্রেরণাদায়ক।,Loading...
Derogation,মেয়েটার ফুটবল খেলা দেখে মনে হয় মাঠে ঘুরতে এসেছে।,Loading...
Sexual Harassment,মহিলার কোমরের গঠন নাড়াতে নাড়াতে পাগল করে দিচ্ছে,Loading...
Non Misogynistic,একজন মায়ের পরামর্শ ও অভিজ্ঞতা পরিবারের মূল্যবান সম্পদ।,Loading...
Sexual Harassment,তোর মতো ৩০০ টাকার মাল কোন পাগল ২ লাখ টাকা দিয়ে কিনে!,Loading...
Non Misogynistic,মেয়েটার সামগ্রিক বিকাশ তাকে একজন পরিপূর্ণ ও শক্তিশালী মানুষ করে তুলছে।,Loading...
Derogation,তুমি যা বললে সেটা শুনে মনে হলো পাঁচ বছরের বাচ্চা কথা বলছে।,Loading...
Sexual Harassment,আপুটির জামা দিনে দিনে ছোট হয়ে যাচ্ছে মানুষকে দেখানোর জন্য মনে হয়,Loading...
Non Misogynistic,"মেয়েটা একা বিদেশ গিয়ে ক্যারিয়ার গড়েছে, আত্মনির্ভরশীলতার উদাহরণ।",Loading...
Stereotype,মেয়ে হয়ে বাচ্চা হওয়ার পর চাকরি করা মানে স্বার্থপরতা,Loading...
Sexual Harassment,"এই আপু, ওড়না ছাড়াই এসেছ যখন, জামা টাও খুলে ফেলো না হলে কেউ দেখবে না",Loading...
Derogation,এই মেয়ে ভিডিও করার সময় খুলে দেয়,Loading...
Non Misogynistic,এই মহিলা অফিসারকে দেখে গর্ব লাগছে সত্যিই,I feel really proud to see this female officer.
Non Misogynistic,মেয়েদের স্বাধীনতা নিশ্চিত করা পরিবারের দায়িত্ব ও সমাজের কর্তব্য।,Loading...
Sexual Harassment,এই ডিজের দুধগুলো দুটো ভাড়ায় চালিত রিকশার মতো,Loading...
Derogation,এই মেয়ে এত রোগা যে হাত ধরলে ভেঙে যাবে মনে হয়,Loading...
Sexual Harassment,মামণি জামাটা কখন ফেটে বের হয় সেই অপেক্ষায় আছি,Loading...
Derogation,মেয়েটা নিজের ডিভোর্সি ট্যাগ লুকিয়ে নতুন কাউকে ফাঁদ দেওয়ার চেষ্টা,Loading...
Stereotype,মেয়ে মানুষের কিসের এত দেমাগ,Loading...
Stereotype,মেয়েদের মুখ বন্ধ রাখার মধ্যেই পরিবারের সম্মান।,Loading...
Non Misogynistic,এই মেয়ের গান আমি সারাদিন শুনসি,Loading...
Stereotype,"দেখুন, কোনো রহস্য মেয়েদের কানে এক সেকেন্ডও স্থির থাকে না।",Loading...
Stereotype,মেয়েরা আইনজীবী হলে কোর্টে গলার জোর থাকে না,Loading...
Stereotype,সংসারে পুরুষের মতামতের বিরোধিতা না করাই নারীদের কর্তব্য—এমন বিশ্বাস প্রচলিত।,Loading...
Stereotype,প্রজেক্ট ডিউতে মেয়েদের জন্য টিম বেশি কাজ করে।,The team does more work for girls in Project Due.
Stereotype,মেয়েরা ঘর ছেড়ে বেরোলে পরিবারের ক্ষতি হয়,Loading...
Stereotype,মেয়েরা কাউকে খুশি দেখলে পেছনে সমালোচনা করে,Loading...
Derogation,মেয়েটার সাথে কথা বলা মানে শুধু শুনে যাওয়া,Loading...
Non Misogynistic,"মেয়েটা ছোট ছোট বিষয়ও খেয়াল করে, যেটা কাজে লাগে",Loading...
Non Misogynistic,"মেয়েটার মা তাকে বলেছেন শুধু নিজের জন্য নয়, পরিবর্তনের জন্যও পড়তে।",Loading...
Non Misogynistic,মেয়েটার কাজের প্রতি নিষ্ঠা দেখে বোঝা যায় সে কতটা দায়িত্বশীল।,Loading...
Non Misogynistic,মেয়েটা নেতৃত্বের পদে থেকে অন্যদের পেশাগত বিকাশেও সহায়তা করে।,Loading...
Non Misogynistic,মেয়েটার আত্মবিশ্বাসী ভঙ্গি সবার নজর কাড়ে,The girl's confident attitude catches everyone's attention.
Sexual Harassment,"আপনি ১৮+ ক্লিপটা ছেড়ে দেব, তখন বুঝবে",Loading...
Non Misogynistic,মেয়েটার বিশ্লেষণী মন প্রশংসার যোগ্য,Loading...
Derogation,মেয়েটার সততার মুখোশ পরে থাকার ক্ষমতা দেখে অবাক হই।,Loading...
Sexual Harassment,"লজ্জায় বলতে পারি না, মেয়েটা যদি আমার গোপন রক্ষিতা হতো তাহলে তার সাথে নষ্টামি করতাম",Loading...
Sexual Harassment,এই নায়িকা শো করতে গিয়ে কতজনের সাথে শুয়ে এসেছে হিসাব নাই,Loading...
Derogation,মেয়েটা যখন কথা দেয় পরে মনে থাকে না,Loading...
Non Misogynistic,মেয়েটা একা মাঠে নেমে সমস্যার সমাধান করতে পারে।,Loading...
Stereotype,"মানতেই হবে, নেতৃত্বের পদ ছেলেদের জন্যই বানানো, মেয়েদের না ",Loading...
Non Misogynistic,মহিলা সাংবাদিক বিপদের মুখেও সত্য তুলে ধরেন,Loading...
Non Misogynistic,মেয়েটার শ্বশুরবাড়ি তাকে চাকরি করার জন্য সবসময় উৎসাহিত করে।,Loading...
Sexual Harassment,মেয়েটির নাভির ভাজ টা চেটে খেতে চাই,Loading...
Non Misogynistic,মহিলা শট পুট খেলোয়াড় শক্তির সাথে নিখুঁত নিশানা মিলান,Loading...
Derogation,মেয়েটার উপস্থিতি পরিবেশ ভারী করে।,Loading...
Non Misogynistic,মেয়েটির বক্তব্য সংক্ষিপ্ত এবং কার্যকর,Loading...
Stereotype,নিজের সিদ্ধান্তে চলা মেয়েরা শেষে একা হয়ে যায় ,Loading...
Non Misogynistic,ভিডিও দেখলে মনে হয় সময়টা ভালো কাজে লাগালাম,Loading...
Stereotype,মেয়েরা কষ্ট পেলে সেটা মুখে না বলে ভেতরে পুষে রাখে,Loading...
Sexual Harassment,"তোমার সাথে লিভ টুগেদার করি, মজা পাবে",Loading...
Non Misogynistic,তাই এত সুন্দর কিভাবে তুমি,Loading...
Non Misogynistic,এই মেয়েটি নতুন মানুষদের সাথেও খুব স্বাভাবিকভাবে কথা বলতে পারে,Loading...
Non Misogynistic,মেয়েটা ছোট কাজকে ছোট মনে করে না,Loading...
Stereotype,প্রকৌশল পড়া মেয়েরা সাইটে গেলে ছেলেদের কাজ ব্যাহত হয় — এই কথাটা কখনোই পুরোনো হবে না।,Loading...
Stereotype,"যতই অস্বীকার করুক, নিজেদের ভেতরে মেয়েরা একে অপরকেই বেশি ছোট করে — এটাই বাস্তব।",Loading...
Stereotype,মেয়েরা ফিগার দেখানোর জন্য এভাবে শাড়ি পরে,Loading...
Derogation,মেয়েটা সবসময় অন্যের দৃষ্টি আকর্ষণ করতে চায়।,Loading...
Derogation,মেয়েটা নিজেকে খুব প্রতিভাবান মনে করে কিন্তু বাস্তবতা সম্পূর্ণ আলাদা।,Loading...
Stereotype,ঘরের বাচ্চার খেয়াল তো ঘরের গিন্নিই রাখবে,Loading...
Stereotype,"মেয়েরা নিজের দায়িত্ব ঠিকভাবে নিতে পারে না, তারা অন্যেরটা কিভাবে নে",Loading...
Stereotype,মেয়েরা ফিল্ড এক্সপেরিয়েন্স নিতে ভয় পায়,Loading...
Derogation,এই মেয়ের অলসতা দেখলে মনে হয় শুয়ে থাকাই পেশা,Loading...
Derogation,তোর মতো লাজুক মেয়ে পার্টিতে কীভাবে যাও?,Loading...
Non Misogynistic,মেয়েদের কণ্ঠস্বরকে সমান গুরুত্ব দেওয়া গণতান্ত্রিক সমাজের শর্ত।,Giving equal importance to the voice of women is a condition of a democratic society.
Stereotype,"সত্যি বলতে ঘর সংসারের বাইরে চিন্তা করা মেয়েদের শোভা পায় না, এটা মানতেই হবে।",Loading...
Derogation,এ মেয়ে কে দেখতে পুরা কার্টুনের মত লাগে,Loading...
Non Misogynistic,"মহিলা ডাক্তার যেভাবে বোঝালেন, পুরো জিনিসটা এখন বুঝতে পারলাম",Loading...
Stereotype,মেয়েদের জন্য বিয়ে একটা নিরাপত্তার ব্যবস্থা,Loading...
Non Misogynistic,দিদির হৃদয় অনেক উদার,Loading...
Stereotype,"চাকরিজীবী মেয়েদের হাসি যত নিয়ন্ত্রিত, পরিবার তত গর্বিত।",Loading...
Non Misogynistic,বোনটি প্রতিটি বিষয়কে গবেষণার দৃষ্টিতে দেখে,Loading...
Derogation,এই মেয়েটা অন্যকে দোষ দিয়ে নিজে বাঁচার চেষ্টা করে,Loading...
Non Misogynistic,মহিলা সাঁতারু দারুণ গতি ও দক্ষতা প্রদর্শন করেছেন,Loading...
Sexual Harassment,"উপস্থাপিকা দেহ ব্যবসা চালিয়ে যাও, ভালোই আয় হবে",Loading...
Non Misogynistic,মেয়েটা সমাজের পরিবর্তনে বিশ্বাসী এবং সেই বিশ্বাস নিয়ে কাজ করছে।,Loading...
Stereotype,"মেয়েদের চেহারা দেখেই মানুষ বিচার করে, এটা মেনে নেওয়াই ভালো",Loading...
Derogation,আরেকটা নটি পয়দা হইছে সমাজে,Loading...
Stereotype,মেয়েরা টেকনিক্যাল ডকুমেন্ট লিখতে পারে না ভালোভাবে,Loading...
Non Misogynistic,আপনিতো সবসময়ই নতুন রূপেই থাকেন,Loading...
Stereotype,রাগ হলে মেয়েরা যেকোনো জিনিস ভাঙতে দ্বিধা করে না,Loading...
Non Misogynistic,মেয়েটার মঞ্চ অভিনয় দারুণ,Loading...
Non Misogynistic,আপুর মনের জোর সত্যিই অসাধারণ,Loading...
Stereotype,একই কথা দশজনের কাছে দশ রকম করে বলা মেয়েদের বৈশিষ্ট্য।,Loading...
Non Misogynistic,মেয়েটা নিজের আর্থিক পরিকল্পনা নিজেই করে এবং সেটা সফলভাবে বাস্তবায়ন করে।,Loading...
Sexual Harassment,"এই নায়িকার কাস্টমার কমে গেছে, নতুন কাস্টমার ধরার ধান্দা",Loading...
Stereotype,মেয়েদের অ্যাকাউন্টস বিভাগে দিলে ভুল বেশি হয়,Loading...
Derogation,এই মেয়েটার দাঁড়ানোর ভঙ্গি দেখলে বুঝি গ্রামের পথে বড় হয়েছে,Loading...
Derogation,পায়ের রঙ এর সাথে মুখের কালারের মিল নাই। মেকআপ সুন্দরী,Loading...
Derogation,বেডি দুইটারে মনে হচ্ছে মাদকাসক্ত,Loading...
Stereotype,"যুগ যুগ ধরে দেখে আসছি, মেয়েরা আবার কীসের সম্পত্তি, স্বামীর নামে থাকলেই তো হয়।",Loading...
Sexual Harassment,"পাছা বেশি উঁচা না, আরো উঁচা করতে হবে",Loading...
Non Misogynistic,মেয়েটা কারো জন্য নিজেকে বদলায় না,Loading...
Non Misogynistic,মেয়ে ফোন না ধরা মানে সে ব্যস্ত আছে বিরক্ত না,Loading...
Sexual Harassment,পাহাড়ি কন্যার তো পাহাড় নাই,Loading...
Non Misogynistic,মেয়েটা কর্মক্ষেত্রে নতুন পদ্ধতি প্রয়োগ করে উৎপাদনশীলতা বাড়িয়েছে।,Loading...
Derogation,এই মেয়েটার হেয়ারস্টাইলের কারনে এত বাজে লাগতেছে,Loading...
Non Misogynistic,হাসি টা অনেক সুন্দর,Loading...
Non Misogynistic,বিজ্ঞান মেলায় মেয়েটার প্রজেক্টটা বিচারকদের সবচেয়ে বেশি মনোযোগ পেয়েছে।,The girl's project received the most attention from the judges at the science fair.
Non Misogynistic,আপুটি নিজে না খেয়ে আগে সবাইকে খাইয়ে পরে নিজে খান।,Loading...
Sexual Harassment,এই মেয়েকে ধরে গণচোদন দেওয়া উচিত,Loading...
Derogation,এই মহিলার মাথায় একবার কিছু ঢুকলে বের করা কঠিন,"Once something gets into this woman's head, it's hard to get it out."
Stereotype,মেয়েরা বিয়ের পর মায়ের বাড়ির চিন্তা বাদ দিলেই সংসার সুখী হয়,Loading...
Sexual Harassment,চামড়ার ব্যবসা বাদ দিয়ে এখনো ভিউ ব্যবসা,Loading...
Stereotype,সন্ধ্যার পর একা বাইরে থাকা মেয়েরা নিজেই নিজের সমস্যা ডেকে আনে,Loading...
Non Misogynistic,প্রতিটি মেয়ে যেকোনো সময় যেকোনো জায়গায় নিরাপদ থাকার অধিকার রাখে।,Loading...
Non Misogynistic,এই মেয়েটি ওকপটে সব সময় সত্যি কথা বলে,Loading...
Stereotype,আসলে আজকালকার মেয়েদের বাইরে গিয়ে কাজ করতে চাওয়া মানেই সংসারের প্রতি দায়িত্বে অবহেলা।,Loading...
Non Misogynistic,একটা মেয়ের পড়াশোনার পাশাপাশি এত কিছু সামলানো সহজ না,Loading...
Non Misogynistic,মেয়েটা কথা কম বললেও দরকারি জায়গায় ঠিকই মত দেয়,Loading...
Stereotype,"যুগ যুগ ধরে দেখে আসছি, ফাঁকা রাস্তায় একা হাঁটা মেয়েদের ছোটখাটো বিপদ আমন্ত্রণ।",Loading...
Derogation,মেয়েটার মুখে বলিরেখা দেখলেই বোঝা যায় কতটা পুরনো মাল,Loading...
Non Misogynistic,মেয়েটার কাজে নতুনত্ব ও সৃজনশীলতার ছোঁয়া সবার মধ্যে উৎসাহ তৈরি করে।,Loading...
Non Misogynistic,মেয়েটি বিনামূল্যে কোচিং দিচ্ছেন,Loading...
Sexual Harassment,মেয়েটা স্লিভলেস ব্লাউজ পড়ে আসছে দেখেই ওর শরীর এর প্রতি মানুষের এত আকর্ষণ,Loading...
Derogation,এই মেয়েটার জীবনে কোনো প্রগতি নেই,Loading...
Sexual Harassment,উপস্থাপিকার সোনা চেটে চেটে খেতে চাই সারারাত,Loading...
Non Misogynistic,মেয়েটা নতুন কিছু শিখতে সবসময় আগ্রহী থাকে,Loading...
Stereotype,মেয়েরা লেট ম্যারেজে গেলে সংসার টিকতে চায় না।,Loading...
Non Misogynistic,মেয়েটার সততা ও নিষ্ঠা তাকে সবার কাছে বিশ্বস্ত করে তুলেছে।,Loading...
Derogation,তোর মতো মেয়েকে বিয়ে করলে পুরুষের সর্বনাশ।,Loading...
Non Misogynistic,মহিলা বক্সারের আত্মরক্ষা দক্ষতা দারুণ,Loading...
Sexual Harassment,যে মেয়ে দেহ ব্যবসা করে তার আবার লজ্জা কিসের আচ্ছা যাই হোক তোমার রেট কত,Loading...
Derogation,এই মহিলার ঠোঁটে লিপস্টিক দিলে মনে হয় জোকার সেজেছে।,Loading...
Sexual Harassment,আপু আপনার খোলামেলা ভিডিও দেখতে ভালো লাগবে,Loading...
Non Misogynistic,মেয়েটার কাজ ও জীবনবোধ দেখে বোঝা যায় সে কতটা পরিপূর্ণ মানুষ।,Loading...
Non Misogynistic,দিদির তোলা ছবিতে আলোর ব্যবহারটা একদম আলাদা,Loading...
Non Misogynistic,মেয়েটার শান্ত স্বভাব সবার মনে শান্তি আনে,Loading...
Derogation,মেয়েটার টেনিস দেখে মনে হয় রাকেট দিয়ে মশা মারছে।,The girl's tennis looks like she's hitting mosquitoes with a racket.
Non Misogynistic,"মেয়েটা জানে সে কতটা সক্ষম, তাই সে ছোট সুযোগ থেকে বড় ফলাফল আনে।",Loading...
Non Misogynistic,মেয়েটার নৈতিকতা অনুপ্রেরণাদায়ক,Loading...
Stereotype,"ঘরের কাজে পটু মেয়েরাই আসল মেয়ে, বাকিরা শুধু নামে মেয়ে",Loading...
Non Misogynistic,মেয়েটা কঠিন পরিস্থিতিতে নেতৃত্বের পরীক্ষায় উত্তীর্ণ হয়েছে।,Loading...
Stereotype,"মেয়েরা স্বাস্থ্য ছুটি বেশি নেয়, প্রজেক্ট ডেডলাইন মিস হয়",Loading...
Non Misogynistic,মেয়েটার আত্মবিশ্বাস তার কাজের প্রতিটি দিকে প্রতিফলিত হয়।,Loading...
Non Misogynistic,দিদির ঝোঁক স্বাধীনভাবে কাজ করার দিকে,Loading...
Stereotype,"দেখুন, ম্যাপ পড়তে গিয়ে মেয়েরা প্রতিবার গোলমাল করে ফেলে",Loading...
Stereotype,অনেক মেয়ে আছে যারা তর্ক করার সময় পুরোনো কথা বারবার টেনে আনে,Loading...
Non Misogynistic,মহিলা সাহিত্যিক সমাজের প্রতিটি স্তরকে স্পর্শ করেন,Loading...
Non Misogynistic,মেয়েটার প্রতিটি দিনের পরিশ্রম তাকে স্বপ্নের কাছে নিয়ে যাচ্ছে।,Loading...
Sexual Harassment,এই মহিলার ডাব দেখে চোখ সরাতে পারছি না,Loading...
Stereotype,মেয়েদের দিয়ে জটিল প্রযুক্তিগত সমস্যা সমাধান সম্ভব না,It is not possible to solve complex technical problems with girls.
Stereotype,"যতই অস্বীকার করুক, একা মুভি দেখতে যাওয়া মেয়েদের পরিবারের শিক্ষায় ফাঁক থাকে",Loading...
Stereotype,প্রেম করা মেয়েদের চরিত্র নিয়ে প্রশ্ন ওঠে,Loading...
Derogation,মেয়ের বার্থডে প্রোগ্রাম আজকে কিন্তু সাজ দেখে মনে হচ্ছে উনার বাসর রাত,Loading...
Stereotype,সংসারে শৃঙ্খলা না থাকলে দোষ বউ এর ই আর কারো না,"If there is no discipline in the family, it is the wife's fault, no one else's."
Stereotype,ফেসবুকে রিল বানানো মেয়েদের চরিত্র সম্পর্কে নতুন করে বলার কিছু নেই (যদিও অনেকেই মানতে চাইবে না)।,Loading...
Sexual Harassment,আপু তোমার দুইটা ধরে একটু টিপে দেই জ্বালা পোড়া করতেছে মনে হয়,Loading...
Stereotype,সত্যি বলতে শহরের মেয়েদের মত প্রতিষ্ঠার চেষ্টা সবসময় ব্যর্থতায় শেষ হয় — এই কথাটা কখনোই পুরোনো হবে না।,Loading...
Stereotype,মেয়েরা ম্যাকানিক্সের কাজ বুঝলে অবাক লাগে,Loading...
Derogation,"এই মহিলা এত বড় হয়েও কুমারী আছে, নিজেই বুঝুক কারণটা",Loading...
Derogation,এই মহিলার সেলস পিচ দেখে কোনো ক্লায়েন্ট রাজি হয় না।,Loading...
Derogation,এই মহিলার শরীর দেখলে মনে হয় আটা আর ময়দা দিয়ে তৈরি,Loading...
Sexual Harassment,যখন আপনাকে আমি দেখি আপু তখন আমি নিজে হট হয়ে যাই,Loading...
Derogation,ওই মেয়ের চোখ দুটো এত ছোট যে দেখতেই পাই না কোথায় আছে,Loading...
Derogation,মেয়েটার উচ্চতার কারণে ক্রিকেটে বলও দেখতে পায় না।,Loading...
Stereotype,"বলে রাখি, মন্ত্রণালয়ের ফাইল মেয়েদের হাতে দিলে দেরি অবধারিত, এটা মানতেই হবে।",Loading...
Non Misogynistic,বোনটি ডিজিটাল বিভাজন কমাতে কাজ করছেন,Loading...
Non Misogynistic,বোনটির আশাবাদ সংক্রামক,Loading...
Non Misogynistic,আপু জনস্বাস্থ্য সচেতনতা ছড়িয়ে দেন,Loading...
Non Misogynistic,মেয়েটার সামাজিক সেবায় শত শত পরিবার সহায়তা পেয়েছে।,Loading...
Stereotype,"অভিজ্ঞতা বলে, বাইরের রাজ্যে চাকরি করতে যাওয়া মেয়েদের পরিবার চিন্তায় ডুবে — এটাই সত্য।",Loading...
Stereotype,মেয়েদের সরকারি চাকরিতে নেওয়া হলে বাধ্যতামূলক ট্রান্সফার সমস্যা হয়,Loading...
Non Misogynistic,মেয়েটার মিষ্টি দই অসাধারণ,Loading...
Non Misogynistic,মহিলা সমাজসেবিকাটি বিধবাদের জীবিকা নির্বাহে প্রশিক্ষণ দিচ্ছেন।,Loading...
Non Misogynistic,"মেয়েটা এত অল্প বয়সে এত কিছু শিখে ফেলছে, আমি কী করলাম জীবনে!",Loading...
Stereotype,আজকালকার মেয়েদের অভিযোগ করা যেন তাদের জিনে গাঁথা।,Loading...
Derogation,এত শপিং করেন আপু তাহলে আপনার শরীরে কাপড় শর্ট কেন?,Loading...
Sexual Harassment,তোমার অ্যাপেল দুটি খেতে চাই,Loading...
Non Misogynistic,মহিলা ডাক্তার রোগীর সাথে ধৈর্য নিয়ে কথা বলেন,Loading...
Derogation,এই মহিলা টিমে থাকলে সবাই বিরক্ত হয়,Loading...
Stereotype,মেয়েদের সৌন্দর্যই তাদের একমাত্র পরিচয় হওয়া উচিত,Loading...
Stereotype,মেয়েরা ছেলেদের মতো আচরণ করলে নারীত্ব হারায়,Loading...
Non Misogynistic,প্রতিটি মেয়ে তার প্রাপ্য মজুরি ও সুযোগ পাওয়ার অধিকার রাখে।,Loading...
Non Misogynistic,গ্রামীণ মেয়েদের স্বাস্থ্যসেবায় প্রবেশাধিকার নিশ্চিত করা জরুরি।,Loading...
Non Misogynistic,মেয়েটা টাকা কম পেলেও কাজে ফাঁকি দেয় না,Loading...
Stereotype,মেয়েরা নৌবাহিনীতে গেলে সাবমেরিন চালাতে পারবে না,Loading...
Stereotype,শালীনতা না মানলে মেয়েরা সমাজে গ্রহণযোগ্যতা হারায় — এটাই সত্য।,Loading...
Non Misogynistic,প্রতিটি মেয়ে তার নিজের ভেতরে একটি অপরাজেয় শক্তি বহন করে।,Loading...
Non Misogynistic,"মেয়েটা হয়রানির বিরুদ্ধে প্রতিবাদ করেছে, সেটা সাহসের কাজ।",Loading...
Derogation,এই মেয়ের পরামর্শ নেওয়া মানে বিপদ ডেকে আনা,Loading...
Non Misogynistic,মেয়েটার দান গ্রহণকারীর সম্মান রক্ষা করে,Loading...
Non Misogynistic,বোনটির সঞ্চালনায় অনুষ্ঠান প্রাণবন্ত হয়,Loading...
Stereotype,"দেখো, মেয়েরা যত যাই করুক, শেষ পর্যন্ত হাত ধরবে কোনো না কোনো পুরুষেরই",Loading...
Non Misogynistic,বোনটি একাই পরিবার চালাচ্ছেন,Loading...
Non Misogynistic,মেয়েটার আত্মবিশ্বাস তার ক্যারিয়ার ও জীবন দুটোতেই প্রতিফলিত হয়।,Loading...
Stereotype,মেয়ে হয়ে পুরস্কার কীভাবে পায়?,Loading...
Derogation,"এই বেডি কখনো দোষ নিজে নেয় না, সবসময় অন্যের ঘাড়ে দেয়।",Loading...
Stereotype,শিল্পকলায় মেয়েদের ক্যারিয়ার নেই,Loading...
Non Misogynistic,মেয়েটার সমস্যা-সমাধানমুখী মনোভাব তাকে সবার কাছে মূল্যবান করেছে।,Loading...
Non Misogynistic,নারীর শরীর তাঁর নিজের সিদ্ধান্তের বিষয়,Loading...
Non Misogynistic,মেয়েটার নতুন জিনিস শেখার উৎসাহ তাকে সবার চেয়ে এগিয়ে রাখে।,Loading...
Non Misogynistic,"এই আন্টি রান্না করেন আর কথা বলেন, দুইটাই পারফেক্ট হয়",Loading...
Stereotype,"যেদিন থেকে মেয়েরা স্কুটি চালাতে শিখেছে, রাস্তায় বিশৃঙ্খলা বেড়েছে।",Loading...
Derogation,এই মেয়েটার ব্যক্তিত্ব দেখলে মনে হয় গড়নের সমস্যা আছে,Loading...
Stereotype,মেয়ে কলিগরা সব সময় গসিপের কেন্দ্রে।,Loading...
Derogation,মেয়েটার পেট এত বড় যে সামনে থেকে পিছনের মানুষ দেখা যায় না।,Loading...
Sexual Harassment,এই মহিলাকে আমার গোপন রক্ষিতা বানাতে পারলে আর কিছু চাইতাম না,Loading...
Non Misogynistic,মেয়েটার সাহস ও প্রজ্ঞার সমন্বয় তাকে অনন্য করে তুলেছে।,Loading...
Non Misogynistic,মেয়েটা হয়রানির বিরুদ্ধে প্রতিবাদ করে সমাজে একটি গুরুত্বপূর্ণ বার্তা পাঠিয়েছে।,Loading...
Non Misogynistic,প্রতিটি মেয়ে নিজের জন্য যা সঠিক মনে করে সেটাই তার নিজস্ব সত্য।,Loading...
Derogation,এই মহিলার কথা শুনলে মনে হয় ক্লাস ওয়ানের ছাত্রী,Loading...
Derogation,এই মহিলার সময় ব্যবস্থাপনা দেখলে হাসি আসে।,Loading...
Non Misogynistic,মেয়েটার সংসারে বুদ্ধিমত্তার সাথে খরচ করার অভ্যাস ভালো,Loading...
Derogation,এই মহিলার আত্মনির্ভরশীলতা বলে কিছু নেই,Loading...
Stereotype,মেয়ে মানুষ মন খারাপ করে থাকলে বুঝবেন সম্পর্কে ঝামেলা চলতেছে,Loading...
Stereotype,ছোটখাটো হিসাব মেলাতে মেয়েদের লাগে কয়েক ঘণ্টা।,Loading...
Derogation,মেয়েটার স্বভাব এত খারাপ যে কেউ কাছে থাকতে চায় না।,Loading...
Stereotype,"দেখুন, যে মেয়ে পিএইচডি করে, সংসারে তার মন বসে না।",Loading...
Stereotype,কোনো সংসারী মেয়ে দেওয়ালে পিঠ না ঠেকানো পর্যন্ত ডির্ভোস দেয় না,Loading...
Derogation,মেয়েটার এই ভান বেশিদিন চলবে না।,Loading...
Stereotype,মহিলা পাইলটের বিমানে উঠতে ভয় লাগে। যদি মাঝ আকাশে নিচে পইরা যাই!,Loading...
Stereotype,"নিজের আয় নিজে খরচ করতে চাওয়া মেয়েদের সংসার ছোট হয়ে আসে, এটা মানতেই হবে।",Loading...
Derogation,এই মেয়েটার জীবন একটা বিপর্যয়,Loading...
Stereotype,মেয়েরা নিজের লুকের পেছনে বেশি টাকা খরচ করে,Loading...
Derogation,এই মহিলার রান্না খেলে পেটের গ্যারান্টি নেই।,Loading...
Non Misogynistic,মেয়েটি কারও ওপর নির্ভর করে বসে থাকে নি।,Loading...
Stereotype,"মেয়েরা সমালোচনা নিতে পারে না, সব কিছু পার্সোনাল নেয়",Loading...
Non Misogynistic,মেয়েটার সমাজ পরিবর্তনের স্বপ্ন তাকে প্রতিদিন কাজ করতে অনুপ্রাণিত করে।,The girl's dream of changing society inspires her to work every day.
Non Misogynistic,মেয়েটা একা সিদ্ধান্ত নিয়ে ব্যবসা শুরু করেছেন,Loading...
Non Misogynistic,মেয়েটার মনোযোগ ও নিষ্ঠা দেখলে বোঝা যায় সে কতটা দায়িত্বশীল।,Loading...
Stereotype,"পুরুষের রোজগারে যে স্থিতি, মেয়েদের রোজগারে সেই ভর নেই।",Loading...
Non Misogynistic,মেয়েটা চাপের মধ্যে কাজ করতে পারে এবং সেই সময়েও মান বজায় রাখে।,Loading...
Stereotype,"মেয়েদের আবদার করা মানেই ঘরে অশান্তি ডেকে আনা, এটা মানতেই হবে।",Loading...
Stereotype,নারীবাদের নামে মেয়েরা সমাজে ভাঙন ডেকে আনছে।,Loading...
Derogation,"এই মহিলার পড়াশোনা শুধু কাগজে কলমে, বাস্তবে কাজে আসে না।",Loading...
Derogation,তোর মতো মেয়ে দশ বছর পর কোথায় থাকবে ভাবলে কষ্ট লাগে।,Loading...
Non Misogynistic,মেয়েদের প্রতি সমতার আচরণ একটি সুস্থ ও উন্নত সমাজের মূলভিত্তি।,Loading...
Non Misogynistic,আন্টির হাতের রান্না পুরো বাড়ির রান্নার মতো লাগে।,Loading...
Derogation,মেয়েটার ঘরের অবস্থা দেখলে বোঝা যায় কতটা অগোছালো মেয়ে,Loading...
Sexual Harassment,আপনি একজন উচ্চশিক্ষিত প্রস্টিটিউট,Loading...
Sexual Harassment,বুকের অংশটা একটু বেশি দেখা গেলে দেখতে ভালো হতো বলে মন্তব্য করা হচ্ছে।,Loading...
Non Misogynistic,আন্টির রান্নাঘরের ভিডিও দেখলে বাড়ির কথা মনে পড়ে,Loading...
Non Misogynistic,মেয়েটা একবার কথা দিলে সেটা রাখে এটুকু বলতে পারি,Loading...
Non Misogynistic,নারীরা পরিবার ও সমাজে অপরিহার্য ভূমিকা পালন করেন,Loading...
Stereotype,নিজের সন্তানকে না বুঝলে মা হওয়ার যোগ্যতা নেই,Loading...
Derogation,মেয়েটার মানসিক বিকাশ থেমে গেছে বলে মনে হয়,Loading...
Non Misogynistic,মহিলা সামাজিক সেবিকাটি অসংখ্য মানুষের জীবনে পরিবর্তন এনেছেন।,Loading...
Non Misogynistic,বোনটির ভাষা সবার জন্য সমান বিনয়ী,Loading...
Sexual Harassment,৮/৯ ইঞ্চি আইসক্রিম খেতে হলে আমার কাছে চলে আসো আপু খায়াব তোমাকে,Loading...
Non Misogynistic,ক্লাসে সবাই হাসছিল মেয়েটা একা সিরিয়াস ছিল,Loading...
Non Misogynistic,লিঙ্গসমতা নিশ্চিত করা মানবতার পথে এগিয়ে যাওয়া।,Loading...
Sexual Harassment,"উপরে যেমন তেমন, নিচে তো আরও বড়",Loading...
Sexual Harassment,আরেক পতিতা যৌনকর্মী আগমন ঘটেছে,Loading...
Stereotype,মেয়েরা বেশি ড্রামাটিক হওয়ায় কাছের মানুষ ক্লান্ত হয়ে যায়,Loading...
Non Misogynistic,একটা মেয়েকে এত হয়রানি করা ঠিক হয়নি,Loading...
Non Misogynistic,নারী পদার্থবিদ মহাবিশ্বের রহস্য নিয়ে চিন্তা করেন,Loading...
Derogation,এই মেয়েটার কারণে পরিবারের মাথা নিচু,Loading...
Derogation,এই মহিলার মুখটা কার্টুন এর মত লাগে,Loading...
Derogation,এই মহিলার শব্দভাণ্ডার কতটা দরিদ্র সেটা কথায় বোঝা যায়,Loading...
Stereotype,"দেখো, মহিলাদের উচিত স্বামীর মা-বাবাকে নিজের মা-বাবার চেয়েও বেশি যত্ন করা, তা না হলে সমাজ চলে কীভাবে?",Loading...
Non Misogynistic,মেয়েদের সমান সুযোগ দেওয়া মানে সমাজের মোট সম্ভাবনার সম্পূর্ণ ব্যবহার।,Loading...
Stereotype,মেয়েরা কম্পিউটার সমস্যা হলে পুরুষকে ডাকে,Loading...
Derogation,এই মেয়ে ডিভোর্স হওয়ার পরেও এত ভাব দেখায়,Loading...
Non Misogynistic,"মেয়েটা কৃষিবিজ্ঞানে পড়ছে, দেশের খাদ্য নিরাপত্তায় অবদান রাখতে চায়।",Loading...
Derogation,এই মেয়ের ড্রেস সেন্স দেখলে মনে হয় পরামর্শ দরকার,Loading...
Derogation,এই মেয়েটা পরিচিতদের সামনে ভালো সাজে আর একা হলে আসল রূপ দেখায়,Loading...
Non Misogynistic,নারী চলচ্চিত্র পরিচালকের কাজ দারুণ মৌলিকত্ব দেখায়,Loading...
Derogation,এই মেয়েটাকে দেখলে গা পিত্তি জ্বলে উঠে,Loading...
Non Misogynistic,মেয়েদের স্বাস্থ্যশিক্ষা তাদের নিজেদের সুরক্ষায় সক্ষম করে তোলে।,Loading...
Non Misogynistic,মেয়েদের সম্পর্কে সমাজের পুরনো ধারণাগুলো পরিবর্তন করা দরকার।,Loading...
Non Misogynistic,মেয়েদের মতামতকে সমান গুরুত্ব দেওয়া একটি সুষম সমাজের পূর্বশর্ত।,Loading...
Derogation,নষ্ট মেয়ে তোর ভিতরে সমস্যা আছে,Loading...
Non Misogynistic,মহিলা ম্যারাথন দৌড়বিদের অধ্যবসায় অনুপ্রেরণাদায়ক,Loading...
Non Misogynistic,দিদি ছোটদের কাছে অনুপ্রেরণা,Loading...
Stereotype,"অভিজ্ঞতা বলে, নিজের ব্যবসা শুরু করা মেয়েদের পেছনে কোনো ছেলের নাম থাকেই — এটাই সত্য।",Loading...
Non Misogynistic,বোনটির দেওয়া পরামর্শ কার্যকর হয়,Loading...
Sexual Harassment,আপু গায়ে কাপড় না পরলে আরো বেশি ভাইরাল হতে,Loading...
Non Misogynistic,এই আপুর হাসিটা দেখলে আশেপাশের পরিবেশটাই বদলে যায়,Loading...
Stereotype,মেয়েরা পরিসংখ্যান বিষয়ে দুর্বল হয়,Loading...
Sexual Harassment,"এই মেয়ের আপেল এর বিজ্ঞাপন দিচ্ছ, রেট কী?",Loading...
Derogation,মেয়েটার মাথায় এখনো পরিপক্কতা আসেনি এটা কথায় বোঝা যায়,Loading...
Non Misogynistic,মহিলা পর্ষদ সদস্যটি বোর্ড মিটিংয়ে সবচেয়ে তথ্যসমৃদ্ধ প্রশ্নগুলো করেন।,Loading...
Derogation,এই বেডির ক্রিকেট জ্ঞান প্রাথমিক বিদ্যালয়ের ছেলেদের চেয়ে কম।,Loading...
Stereotype,মেয়েরা বেশি স্বনির্ভর হলে পরিবারের সাথে বেয়াদবি করে,Loading...
Stereotype,"যতই অস্বীকার করুক, প্রশাসনিক দক্ষতা মেয়েদের জন্য আসলে শেখানো ব্যাপার, সহজাত না (যদিও অনেকেই মানতে চাইবে না)।",Loading...
Derogation,এই মেয়ের পারিবারিক অবস্থা জানলে এত ভাব দেওয়া বন্ধ হতো,Loading...
Sexual Harassment,"মহিলা লাইভে এত খোলামেলা কেন, পেন্টিটা খুলে রাখলেই পরিষ্কার দেখা যেত",Loading...
Non Misogynistic,নারীর সমান অংশগ্রহণ ছাড়া সমাজের সামগ্রিক উন্নয়ন অসম্পূর্ণ।,Loading...
Non Misogynistic,মেয়েটি ভাইবোনের শিক্ষার দায়িত্ব নিজে কাঁধে নিয়েছেন,Loading...
Non Misogynistic,মেয়েটির ফলের গাছের পরিচর্যা চমৎকার,Loading...
Non Misogynistic,মেয়েটার সমস্যা সমাধানের পদ্ধতি স্বতন্ত্র,Loading...
Stereotype,মেয়েরা কঠিন পরিস্থিতিতে দ্রুত সিদ্ধান্ত নিতে পারে না,Loading...
Non Misogynistic,মেয়েটা নিজের কাজ নিজে ভালোভাবে করতে পারে,Loading...
Non Misogynistic,মেয়েটা অনেক ভদ্রভাবে উত্তর দিয়েছে,Loading...
Derogation,এই মেয়েটার গায়ের রঙ দেখে কেউ আগ্রহ দেখাবে না,Loading...
Stereotype,"যতই অস্বীকার করুক, মেয়েদের চাকরি মানে অফিসের শোভা বাড়ানো, তা না হলে সমাজ চলে কীভাবে?",Loading...
Stereotype,মেয়েরা বেশি হাসিখুশি থাকলে সমাজ সন্দেহের চোখে দেখে,Society looks at girls with suspicion if they are too cheerful.
Non Misogynistic,মহিলা স্বেচ্ছাসেবীটি বন্যার্তদের মাঝে দিনরাত কাজ করেছেন।,Loading...
Non Misogynistic,মেয়েটা নেতৃত্বে থেকে সবসময় পরবর্তী প্রজন্মের জন্য পথ তৈরি করে যায়।,Loading...
Derogation,মেয়েটার এনার্জি দেখলে মনে হয় ব্যাটারি শেষ হয়ে গেছে।,Loading...
Non Misogynistic,দিদি দ্বিগুণ দায়িত্ব ঠাণ্ডা মাথায় পালন করেন,Loading...
Sexual Harassment,"দেখলেই মাথা ঝিনঝিন করে, কখন যেন ধরে প্রেগন্যান্ট বানিয়ে দেই",Loading...
Derogation,মেয়েটার জীবন দেখলে মনে হয় নাটকের চরিত্র।,Loading...
Non Misogynistic,মেয়েটা একটু দেরিতে বোঝে কিন্তু বুঝলে আর ভোলে না,Loading...
Non Misogynistic,নারীদের মাতৃত্বকালীন ছুটি যথাযথ হওয়া উচিত,Loading...
Sexual Harassment,মামণির বুক দেখে মনে হয় বোমা ফেটে যাবে,Loading...
Stereotype,"মেয়েরা গাড়ি আস্তে চালায়, কারণ তারা অনেক ভয় পায়",Loading...
Stereotype,মেয়েদের হতে হবে কুসুম কোমল - তাদের মারামারি করা মানায় না,Loading...
Derogation,এই মেয়ে সমস্যা সমাধান করতে পারে না বরং সমস্যা তৈরি করে,Loading...
Non Misogynistic,মেয়েটার দীর্ঘমেয়াদী চিন্তা তাকে সঠিক সিদ্ধান্ত নিতে সাহায্য করে।,Loading...
Non Misogynistic,"মেয়েটা অন্যায় সহ্য না করে প্রতিবাদ করে, এটাই তার শক্তি।",Loading...
Derogation,মেয়েটার ড্রেস দেখে মনে হচ্ছে অন্ধকারে পরেছে,Loading...
Derogation,এই জোকার মহিলা কি বলে এসব?,Loading...
Stereotype,এখনকার বেশিরভাগ মেয়েরাই ভোর হলো দোর খোলো প্রতিযোগিতাই নেমে গেছে,Loading...
Non Misogynistic,মেয়েটার সাহস অন্য নারীদেরও অনুপ্রাণিত করে,Loading...
Derogation,তোর মতো হিংসুটে মেয়ে কারো উপকার করতে পারে না।,Loading...
Sexual Harassment,"এই মেয়েকে কে কেউ কিনে নিলে শ্রমিক না, রক্ষিতা পাবে",Loading...
Sexual Harassment,"এই মেয়ের জামাই ভালো টিপতে পারে না, তাই ছেলে খুঁজে নিচ্ছে",Loading...
Derogation,মেয়েটার ধার্মিক পোশাক আর আসল জীবনে কোনো মিল নেই,Loading...
Sexual Harassment,"ম্যাডাম এত নাচলে দুধ ফেটে যাবে, সাবধান",Loading...
Derogation,মুখটা পাঠা ছাগলের মতো করে বলার কি আছে ?,Loading...
Derogation,এই মেয়েরে দেখলে মনে হয় চেয়ারের সাথে এঁটে গেছে,This girl looks like she's stuck to a chair.
Sexual Harassment,মেয়েটির দুধগুলো ছাড়া ভিডিওতে কিছুই নড়ছে না,Loading...
Non Misogynistic,মহিলা সফটওয়্যার ডেভেলপারের তৈরি অ্যাপটি লক্ষাধিক মানুষ ব্যবহার করছে।,Loading...
Stereotype,মেয়েরা যদি নাচ গান করে তাহলে তাদের চরিত্র নিয়ে প্রশ্ন ওঠে,Loading...
Derogation,"মেয়েটার জ্ঞান বই থেকে বেরোয়নি, জীবন বোঝে না।",Loading...
Stereotype,"মেয়েরা শ্বাশুড়ির রান্নায় ভুল ধরলে সংসারে আগুন লাগে, এটা মানতেই হবে।",Loading...
Stereotype,মেয়েরা দেশের জন্য ভালো কিছু করতে পারে না,Loading...
Derogation,মেয়েটার বন্ধুত্বে বিশ্বাস নেই,Loading...
Non Misogynistic,মেয়েরাও এখন সব জায়গায় ভালো করছে,Loading...
Non Misogynistic,দিদি যেকোনো বিষয়ে সরাসরি কথা বলেন,Loading...
Derogation,"মেয়েটার হাঁটার ধরন কেমন যেন,পা ফাঁকা করে হাঁটে",Loading...
Non Misogynistic,মেয়েটা পরিবার এবং কর্মজীবনে সমান সফল,Loading...
Stereotype,মেয়েরা চাকরিতে ঢুকলে মাতৃত্বকালীন ছুটির জন্য অফিস ক্ষতিগ্রস্ত হয়,Loading...
Stereotype,মেয়েরা প্রজেক্ট লিড করতে গেলে টিম ভেঙে যায়,Loading...
Derogation,মেয়েটার গান শুনলে মনে হয় কান দুটো বন্ধ রাখলে ভালো হতো।,Loading...
Non Misogynistic,মেয়েদের অর্জনকে যোগ্যতার ভিত্তিতে মূল্যায়ন করা উচিত।,Loading...
Non Misogynistic,দিদি নিয়মিত স্বেচ্ছাসেবার কাজ করেন,Loading...
Non Misogynistic,নারীর প্রতি বৈষম্য থামানো দরকার,Loading...
Non Misogynistic,প্রতিটি মেয়ে তার নিজের মতো করে সুন্দর এবং সেটা স্বীকার করা দরকার।,Loading...
Stereotype,"মানতেই হবে, কঠিন আর্থিক সিদ্ধান্ত নিতে গেলে মেয়েরা পিছিয়ে আসে।",Loading...
Non Misogynistic,মেয়েটার দৃঢ়তা দেখে বোঝা যায় সে সহজে হাল ছাড়ার মানুষ নয়।,Loading...
Non Misogynistic,মেয়েটা বিপদে পড়লে কাউকে দোষ দেয় না,Loading...
Derogation,এই মহিলা আজে বাজে কাজ করে ভাইরাল হতে চায়,Loading...
Derogation,"এই বেডির পাংচুয়ালিটি নেই, সবসময় দেরি করে আসে।",Loading...
Non Misogynistic,নারীর অগ্রগতি জাতির অগ্রগতি,Loading...
Stereotype,রাত করে ফোনে কথা বলা মেয়েরা কিসের জন্য কথা বলে তা বোঝাই যায়,Loading...
Derogation,মেয়েটার নীতি দেখলে মনে হয় পরিস্থিতি অনুযায়ী বদলায়।,Loading...
Derogation,"এই মহিলার কথার শেষ নেই, শুনতে শুনতে পাথর হয়ে যাই",Loading...
Stereotype,মেয়েদের ভারী শিল্পে কাজ করার ক্ষমতা নেই,Loading...
Non Misogynistic,"মেয়েটা তিনটি ভাষায় কথা বলতে পারে, নিজে উদ্যোগ নিয়ে শিখেছে।",Loading...
Stereotype,মেয়েদের আইটি ফার্ম চালানো শোভা পায় না,Loading...
Non Misogynistic,মেয়েটার সংগ্রাম ও সাফল্যের গল্প আগামী প্রজন্মের জন্য অনুপ্রেরণা।,Loading...
Derogation,এই মহিলার পোশাক নির্বাচন সবসময় অনুপযুক্ত,Loading...
Derogation,এই মেয়ের নৈতিকতা বলে কিছু নেই,Loading...
Derogation,মেয়েটার পেটে দুই কেজি চর্বি লেগে আছে,Loading...
Stereotype,মেয়েরা টাকার হিসাব তেমন একটা বুজে না তাদের .উচিত সংসারের আর্থিক সিদ্ধান্ত পুরুষের ওপর ছেড়ে দেওয়া,Loading...
Stereotype,মেয়েরা শার্ট প্যান্ট পরলে দেখতে বিচ্ছিরি লাগে,Loading...
Sexual Harassment,এই বুড়ি পল্লীতে গেলে আরো ভালো কাস্টমার পাবে,Loading...
Non Misogynistic,মেয়ে সন্তান বাবার সবচেয়ে কাছের বন্ধু,Loading...
Stereotype,মেয়েরা মিষ্টি ভাষায় বাঁশ মারে,Loading...
Stereotype,মেয়েরা সামান্য বিষয়েও নাটক করে বড় করে তোলে,Loading...
Non Misogynistic,মহিলা স্থানীয় সরকার প্রতিনিধি এলাকার পানি সমস্যা সমাধান করেছেন।,Loading...
Stereotype,"মানতেই হবে, স্বাধীনচেতা মেয়েরা অসুস্থ হলেও চুলার পাশ থেকে সরা যাবে না, এটাই নিয়ম — এই কথাটা কখনোই পুরোনো হবে না।",Loading...
Stereotype,মেয়েদের দিয়ে ব্যাংকিং সেক্টরে বড় সিদ্ধান্ত হয় না,Loading...
Non Misogynistic,কর্মজীবী মেয়েদের পেশাগত উন্নতির পথে প্রতিষ্ঠানের সহায়তা প্রয়োজন।,Loading...
Non Misogynistic,লিঙ্গ বৈষম্য সমাজের সামগ্রিক উন্নতিকে পিছিয়ে রাখে।,Loading...
Derogation,মেয়েটার পোশাক দেখে মনে হয় বাজারে যাচ্ছে না ক্লাবে।,Loading...
Non Misogynistic,"মেয়েরা পুরুষের প্রতিদ্বন্দ্বী নয়, সমাজ পরিবর্তনের সহযাত্রী।",Loading...
Sexual Harassment,"এই মডেলের সাইজ বুড়ির শুকনো আমের মতো, একদম কড়া","This model is the size of an old woman's dried mango, very hard."
Sexual Harassment,মহিলার শরীর টা চেটে খেতে চাই,Loading...
Non Misogynistic,মেয়েটা গ্রুপ লিডার হিসেবে সবাইকে সঠিক পথে পরিচালিত করেছে।,Loading...
Derogation,এই মেয়ের গর্বের কোনো ভিত্তি নেই,Loading...
Non Misogynistic,আপুর সম্পাদনায় ভাষা ঝকঝকে হয়ে ওঠে,Loading...
Derogation,এই মেয়ের চিন্তার সীমাবদ্ধতা কতটা সেটা কথা বলতে গেলেই বোঝা যায়,Loading...
Derogation,এই মহিলার অতীত দেখলে বোঝা যায় কেন বর পাচ্ছে না,Loading...
Stereotype,মেয়েরা মিটিংয়ে কথা কম বলে কারণ তাদের বলার মতো গভীর কথা থাকে না,Loading...
Non Misogynistic,মেয়েদের প্রজনন স্বাস্থ্য অধিকার একটি মৌলিক মানবাধিকার।,Loading...
Non Misogynistic,দিদির পোশাকে সাদাসিধে সুন্দর্যের রূপ,Loading...
Non Misogynistic,মহিলা মন্ত্রীটি তাঁর দপ্তরের কার্যকারিতা উল্লেখযোগ্যভাবে বাড়িয়েছেন।,Loading...
Non Misogynistic,মেয়েটার আত্মবিশ্বাস এবং স্বাধীনচেতা মনোভাব তাকে অনন্য করে তুলেছে।,Loading...
Non Misogynistic,তোমার এই ছবিটা দেখে মনে হলো সময়টা থেমে আছে,Loading...
Non Misogynistic,বোনটি কষ্টের মধ্যেও কাউকে কষ্ট দেন না,Loading...
Stereotype,"মানতেই হবে, গবেষণায় মেয়েরা মন দিতে পারে না, কারণ ঘরে মন দেওয়ায় তাদের একমাত্র কাজ",Loading...
Non Misogynistic,মহিলা কেন্দ্রীয় ব্যাংক গভর্নরটির নীতিগুলো অর্থনীতিকে স্থিতিশীল রেখেছে।,Loading...
Stereotype,"মেয়েরা হার্ডওয়্যার বোঝে না, সফটওয়্যারও ঠিকমতো বোঝে না",Loading...
Stereotype,মেয়েদের উচিত সংসারের প্রতি সর্বদা নিবেদিত থাকা — এটাই বাস্তব।,Loading...
Sexual Harassment,দিদির মিসাইল ছাড়া ভিডিওতে কিছুই নড়ছে না,Loading...
Derogation,"এই বেডি সারাদিন ফোনে থাকে, বাড়ির কাজ করে না।",Loading...
Sexual Harassment,"রুমে গেলে নিচে হাতায়, আঙুল দিয়ে ঘাটাঘাটি করে, এখন সবার সামনের ভন্ডামি করে",Loading...
Non Misogynistic,প্রতিটি মেয়ে তার নিজস্ব মানসিক যাত্রার মালিক এবং সেই যাত্রাকে সম্মান করা উচিত।,Loading...
Non Misogynistic,মেয়েদের সহায়তা করলে সমাজ আরও এগোবে,Loading...
Non Misogynistic,"মেয়েটার সাফল্যের পথে অনেক বাধা ছিল, কিন্তু সে থামেনি।",Loading...
Stereotype,মেয়েরা চাকরিতে বেশিদিন টিকতে পারে না,Loading...
Sexual Harassment,অন্যের খাট কাপাতে কাপাতে জীবন পার করে দিবে। বিয়ে করবে না শুধু গকগক করবে,Loading...
Derogation,এই মেয়েকে দিয়ে অফিসের ঝাড়ু দেওয়াও ঠিকমতো হবে না,Loading...
Derogation,এই মহিলার মুখের কথা সবার কানে পৌঁছে যায়,Loading...
Non Misogynistic,মহিলা কারাতে চ্যাম্পিয়ন আত্মরক্ষার শিক্ষা ছড়াচ্ছেন,Loading...
Stereotype,"শিক্ষিত মেয়েদের পরিচ্ছন্নতা যত নিখুঁত, সংসারে গ্রহণযোগ্যতা তত বেশি, স্বীকার করুক বা না করুক।",Loading...
Non Misogynistic,দিদির উপস্থিতিতে পরিবার আনন্দে থাকে,Loading...
Non Misogynistic,আপুর কথায় উৎসাহ ভরা,Loading...
Stereotype,মেয়েরা সামরিক নেতৃত্বে যোগ্য নয়,Loading...
Derogation,মেয়েটার নাকের উপর ব্ল্যাকহেড দেখলে মনে হয় যত্ন নেই।,Loading...
Non Misogynistic,নারী বিচারক ন্যায়বিচারের জন্য পরিশ্রম করেন,Loading...
Stereotype,আসলে দিন শেষে মেয়েরাই সংসার সামলাবে এটাই তাদের সবচেয়ে বড় অর্জন।,Loading...
Sexual Harassment,"বৌদির কাস্টমার কমে গেছে, বয়স হয়েছে তো",Loading...
Non Misogynistic,ঐ মহিলা অফিসার ঘটনাটা এত ঠান্ডা মাথায় সামলালেন যে দেখে শিখলাম,Loading...
Non Misogynistic,মেয়েটার সবজি বাগান সবার মন কেড়েছে,Loading...
Non Misogynistic,মহিলা এআই গবেষক ভবিষ্যতের প্রযুক্তি গড়ছেন,Loading...
Sexual Harassment,"এই মহিলা শুধু পেট ও নাভী দেখাতে আসে, ইস যদি আরো কাছ থেকে দেখতে পারতাম",Loading...
Non Misogynistic,মেয়েটা সবসময় সত্য কথা বলেন,Loading...
Non Misogynistic,লাল শাড়ীতে বউ এর মতো লাগে,Loading...
Non Misogynistic,মেয়েদের আর্থিক স্বাধীনতা মানে নিজের ভবিষ্যৎ নিজেই নির্মাণ করার ক্ষমতা।,Loading...
Non Misogynistic,মেয়েটার রান্নাঘর গুছানো এবং পরিষ্কার,Loading...
Non Misogynistic,আপু পরিস্থিতি বদলাতে সময় দেন,Loading...
Derogation,তোর মতো মেয়ে ম্যানেজার পদে থাকলে কোম্পানির ক্ষতি।,Loading...
Non Misogynistic,মহিলা বিচারকটি আইনের ব্যাখ্যায় সূক্ষ্ম দৃষ্টিভঙ্গি দেখিয়েছেন।,Loading...
Non Misogynistic,মেয়েটার মানসিক শক্তি তাকে হতাশার মধ্যেও এগিয়ে যাওয়ার শক্তি দেয়।,Loading...
Stereotype,"আজকালকার মেয়েদের ক্যারিয়ার যত উজ্জ্বল, সংসারে অশান্তি তত ঘন।",Loading...
Non Misogynistic,মেয়েটার অভিযোজন ক্ষমতা তাকে যেকোনো পরিবেশে সফল হতে সাহায্য করে।,Loading...
Non Misogynistic,মেয়েটির ছোটগল্পে চরিত্রগুলো জীবন্ত,Loading...
Stereotype,বাঙালি মেয়েদের লক্ষ্য মূলত একটি বড়লোকের ছেলে কে বিয়ে করা— এটাই সত্য।,Loading...
Derogation,এই মহিলার লাইভ দেখলে মনে হয় কী দেখছি এটা,Loading...
Derogation,"মেয়েটার কাজে মনোযোগ নেই, সারাক্ষণ ফোনে থাকে।",Loading...
Derogation,এই মহিলার গোপন রাখার ক্ষমতা শূন্য,Loading...
Non Misogynistic,"আপু যদিও রেসিপিটাতে আদা বেশি দিয়েছে, তাও খুব টেস্ট হয়েছে",Loading...
Derogation,"মেয়েটার ওড়না পরার ধরন দেখলে মাথা ঘোরে, ডাব গুলো যেভাবে ফুলে থাকে",Loading...
Non Misogynistic,মেয়েটার শব্দ ব্যবহারের কুশলতা প্রশংসনীয়,Loading...
Derogation,উনার থেকে একটা গার্মেন্টস কর্মীকে অনেক সুন্দর লাগে,Loading...
Sexual Harassment,এই ডিজের শরীর দুলানো দেখে সবাই পাগল হয়ে যাচ্ছে,Loading...
Stereotype,মেয়েদের চার্টার্ড অ্যাকাউন্টেন্ট হওয়া শোভা দেয় না,Loading...
Non Misogynistic,মেয়েদের স্বায়ত্তশাসন একটি মৌলিক মানবাধিকার যা সংরক্ষণ করা উচিত।,Loading...
Stereotype,"অফিসগামী মেয়েরা মা হওয়ার পর অফিসে এসে আর সেই ফোকাস থাকে না, যুগ যুগ ধরে এমন হয়ে আসছে।",Loading...
Non Misogynistic,মেয়েটা নিজের শরীর ও স্বাস্থ্য বিষয়ে সচেতন এবং প্রয়োজনীয় সিদ্ধান্ত নেওয়ার সক্ষমতা রাখে।,Loading...
Sexual Harassment,"আপনার লিচু ধরে একটু টিপে দিই, জ্বালা মিটবে",Loading...
Sexual Harassment,"এই মহিলা দেখতে কচি মাল, খেলে আরো মজা",Loading...
Derogation,মহিলাটার চেহারায় বয়সের ছাপ এত বেশি যে কেউ বিশ্বাস করবে না এটা তার বয়স,Loading...
Derogation,এই মেয়েকে দেখলে মনে হয় পুতুলের মতো চালিত হচ্ছে,Loading...
Stereotype,মেয়েরা চিকিৎসাবিজ্ঞানে পড়লেও সার্জারিতে পুরুষদের সমান হয় না,Loading...
Non Misogynistic,আপু ব্যর্থতাকে অভিজ্ঞতা মনে করেন,Loading...
Non Misogynistic,"মেয়েটা যদি কোনো সহিংসতার শিকার হয়, তাহলে দোষ শুধু অপরাধীর।",Loading...
Stereotype,মেয়েরা অনলাইনে নিজের ছবি দিলে সেটার পেছনে উদ্দেশ্য থাকে,Loading...
Non Misogynistic,মেয়েটি জটিল আলোচনায় ভারসাম্য রাখেন,Loading...
Derogation,"এই মেয়েটা ট্রেন্ড ফলো করে , না বোঝেই",Loading...
Stereotype,বড় অংকের লেনদেনে মেয়েদের ভরসা করা যায় না।,Loading...
Non Misogynistic,দিদির পরামর্শ সবসময় কাজে আসে,Loading...
Non Misogynistic,মেয়েটা খুব সহজে মানুষের সাথে মিশে যেতে পারে,Loading...
Sexual Harassment,"নিচেও কি বগলের মত পরিষ্কার নাকি গো আপু , একটু দেখাও তো",Loading...
Sexual Harassment,কথা হইলো তোমার আমার সাথে শুইতে হবে,Loading...
Stereotype,মেয়েরা বন্ধুর সাথে খারাপ আচরণ করে গোপনে,Loading...
Non Misogynistic,আপু শিশুদের শিক্ষা নিয়ে কাজ করেন,Loading...
Derogation,টিকটক মাগিরা মাল খেয়ে আসে।,Loading...
Stereotype,দেহ ব্যবসায়ী মেয়েরা এখন বড় বড় জায়গায় সুযোগ পাচ্ছে,Loading...
Sexual Harassment,আপুটা ব্রা না পরলে ডান্স আরো জমত,Loading...
Stereotype,কোএডুকেশনে পড়া মেয়েদের চরিত্র নিয়ে চিন্তা থাকেই।,Loading...
Stereotype,"যতই অস্বীকার করুক, অফিসের ক্লায়েন্ট ভিজিটে কেবল সাজসজ্জাতেই সময় চলে যায় — এটাই বাস্তব।",Loading...
Non Misogynistic,মেয়েদের নিজের জীবন নিজের মতো করে কাটানো উচিত,Loading...
Non Misogynistic,পরিবারে মেয়েটার মতামত চাওয়া হয় এবং সেটা বিবেচনায় নেওয়া হয়।,Loading...
Derogation,মেয়েটার পাছায় লাথি মেরে ওই প্লাটফর্মে রেখে আসা উচিত,Loading...
Non Misogynistic,বোনটির বচনভঙ্গি ব্যক্তিত্বপূর্ণ,Loading...
Derogation,তোর মতো মেয়ে একা থাকাই স্বাভাবিক।,Loading...
Stereotype,মেয়েদের রাজনৈতিক বিশ্লেষণ করার ক্ষমতা নেই,Loading...
Non Misogynistic,আপুর প্রতিটি অর্জনের পেছনে আছে অধ্যবসায়,Loading...
Non Misogynistic,বোনটির সহানুভূতি স্বার্থহীন,Loading...
Non Misogynistic,মেয়েটার কারুকাজ দেখে বোঝা যায় শিল্পের প্রতি তার ভালোবাসা কতটা গভীর।,Loading...
Non Misogynistic,দিদির প্রতিশ্রুতি কখনো ভাঙে না,Loading...
Sexual Harassment,দিদি যেইভাবে আসছে অনুষ্ঠান শেষে প্রেগনেন্ট হয়ে যেতে পারে,Loading...
Derogation,"এর জন্য স্বামী ছাড়ছে, ক্যামেরার সামনে এই অবস্থা, তাঁর আড়ালে কি?",Loading...
Stereotype,মেয়েরা বেশি কথা বললে মুরব্বিরা বিরক্ত হয় ,Loading...
Non Misogynistic,"পরিবারের প্রতিটি সদস্য মেয়েটার পাশে আছে, এই শক্তিই তাকে এগিয়ে নিয়ে যায়।",Loading...
Sexual Harassment,দিনে তোমার কয়টি ছেলে লাগে,Loading...
Stereotype,মেয়েদের ব্যাঙ্ক স্টেটমেন্ট দেখলেই বোঝা যায় কোথায় ফোকাস,Loading...
Non Misogynistic,মেয়েটা নিজের যোগ্যতায় এই জায়গা তৈরি করেছে,Loading...
Sexual Harassment,"গতকাল রাতের ওই বৃষ্টির ফোটাতে, তোমাকে খুজেছি আমার বেড এ, কেন আসোনি তুমি?",Loading...
Derogation,"কিছুদিন আগে অন্য কাউকে উপদেশ দিয়েছিলো, শাড়ি পড়া নিয়ে,",Loading...
Non Misogynistic,আপু বাধাবিপত্তি জয় করেছেন একার চেষ্টায়,Loading...
Stereotype,এখনকার মেয়েরা স্বাধীনতা পেলে খারাপ হয়ে যায়,Loading...
Derogation,"আপু তোমার ইগো কমাও, নাহলে একা হয়ে যাবে।",Loading...
Sexual Harassment,আপু মনে হয় একসাথে অনেকগুলো ছেলেরটা নিতে পারে,Loading...
Non Misogynistic,"মেয়েটা মা হওয়ার পরও প্রতিদিন নতুন কিছু শিখছে, থামেনি।",Loading...
Derogation,ওর শরীরের অবস্থা দেখে মনে হয় নিজের যত্ন নেওয়া জানে না,Loading...
Non Misogynistic,"মেয়েটার উদ্যোক্তা হওয়ার স্বপ্ন এখন বাস্তব, ব্যবসাটি ভালোভাবে চলছে।",Loading...
Non Misogynistic,মেয়েটি প্রতিটি কথা ভেবে বলেন,Loading...
Stereotype,"ছেলে কাঁদলে মেনে নেওয়া যায় না, মেয়ে কাঁদলে তো রোজকারের ঘটনা — এটাই বাস্তব।",Loading...
Derogation,তোর মতো মোটা মেয়ে ফিটনেস নিয়ে কথা বলে হাসির পাত্র হয়।,Loading...
Non Misogynistic,মেয়েটার নেতৃত্বের ধরন—শ্রবণ ও সহযোগিতার মাধ্যমে—দলকে শক্তিশালী করেছে।,Loading...
Non Misogynistic,"গ্রামের মেয়েটা বৃত্তি পেয়ে শহরে পড়তে এসেছে, স্বপ্ন পূরণের পথে আছে।",Loading...
Non Misogynistic,মেয়েটার সামাজিক অবদান তার সম্প্রদায়ে তাকে শ্রদ্ধার পাত্র করেছে।,Loading...
Sexual Harassment,বুক তো না যেনো খেলার মাঠ,Loading...
Non Misogynistic,দিদি নিজের স্বপ্নকে কখনো হাল ছাড়েননি,Loading...
Derogation,"এগুলা কি কাপড় আপু পরো, মানানসই বলতে একটা শব্দ আছে তো নাকি?",Loading...
Non Misogynistic,মহিলা সাউন্ড ইঞ্জিনিয়ার অডিও কাজে অসাধারণ দক্ষ,Loading...
Non Misogynistic,মেয়েটা নিজের মেধায় কর্পোরেট প্রতিষ্ঠানে উচ্চ পদে পৌঁছেছে।,Loading...
Derogation,মেয়েটার কন্টেন্ট এত বাজে যে কেউ দেখে না।,Loading...
Sexual Harassment,বুড়ি প্রোগ্রাম শেষে প্রেগনেন্ট হয়ে যেতে পারে এতো তেজ এখনও,Loading...
Non Misogynistic,"আপু পরীক্ষায় কেবল মুখস্থ নয়, প্রকৃত বোঝার মাধ্যমে ভালো করেন",Loading...
Stereotype,"দেখো, মা-বাবা ছাড়া কোথাও থাকা মেয়েদের চরিত্রে ফাঁক থাকেই, তা না হলে সমাজ চলে কীভাবে?",Loading...
Stereotype,"সত্যি বলতে যত যাই বলুক, ছেলেদের জায়গা মেয়েরা নিতে পারবে না।",Loading...
Derogation,এই বুড়ি বেডির কোমরের হিসাব রাখা কষ্টকর।,Loading...
Derogation,এই মেয়েটার নিজস্ব কোনো মতামত নেই সব অনুকরণ করে,Loading...
Stereotype,"ছেলেরা বড় ছবি দেখে, আর মেয়েরা ছোট ছোট জিনিসে আটকে থাকে।",Loading...
Sexual Harassment,আরেক জনের খাওয়া মাল আর কতো জনের চাটা মাল,Loading...
Stereotype,"মেয়েরা প্রায়শই অসুস্থ হলেও চুলার পাশ থেকে সরা যাবে না, এটাই নিয়ম।","Even if girls are often sick, they cannot move away from the stove, that is the rule."
Non Misogynistic,"সে অনেক চালাক, সবার মতামত শোনে কিন্তু কাজটা নিজের মতো করেই করে।",Loading...
Derogation,এই মাইয়া তোর হাসি এতো কর্কশ কেন?,Loading...
Derogation,এই মেয়েটা লেখাপড়া করে কী শিখেছে বলা মুশকিল,Loading...
Non Misogynistic,বোনটি প্লাস্টিক ব্যবহার কমানোর প্রচার চালাচ্ছেন,Loading...
Non Misogynistic,মেয়েটা মা হিসেবে তার সন্তানকে শেখাচ্ছে সবাইকে সমান মানুষ মনে করতে।,Loading...
Non Misogynistic,"মেয়েটা অফিসে সবার সাথে সমানভাবে কাজ করে, বৈষম্যকে প্রশ্রয় দেয় না।",Loading...
Stereotype,রাত আটটার পরে বাইরে থাকলে চরিত্র নিয়ে প্রশ্ন উঠবেই,Loading...
Non Misogynistic,মেয়েটার এই রিভিউটা পড়ে সিদ্ধান্ত নিতে সুবিধা হলো,Loading...
Non Misogynistic,আপু সংঘাত সামাল দিতে পারদর্শী,Loading...
Stereotype,টিমে মেয়েদের সংখ্যা বেশি হলে রাজনীতি বেশি হয়।,Loading...
Derogation,মেয়েটার মেকআপ তুললে আসল চেহারা দেখে সবাই পালাবে।,Loading...
Non Misogynistic,মেয়েটি হাসপাতালে বিনামূল্যে রক্ত বিতরণ করেন,Loading...
Stereotype,মেয়েদের স্বামীর অসন্তুষ্টিই তাদের জীবনের সবচেয়ে বড় ব্যর্থতা।,Loading...
Non Misogynistic,মেয়েটার মেধা ও পরিশ্রমের পুরস্কার সে পাচ্ছে এবং পাবে।,Loading...
Non Misogynistic,মেয়েটার উদ্যোগটা ছোট কিন্তু প্রভাবটা অনেক বড়,Loading...
Derogation,এই মেয়ের গায়ের রঙ এত কালো যে রাতে দেখাই যায় না,Loading...
Sexual Harassment,"নর্তকীকে আবাসিক হোটেলে নিয়ে যেতে চাই, একটা আইফোন দিতে রাজি আছি",Loading...
Stereotype,মহিলারা রান্নাঘরের বাইরে গিয়ে রাজনীতি বোঝার চেষ্টা না করাই ভালো,Loading...
Non Misogynistic,দিদি যখন হাসেন পরিবেশ পাল্টে যায়,Loading...
Derogation,এই বয়সে এই অবস্থা নর্তকীর!,Loading...
Non Misogynistic,নারীর সমান অধিকার ও সম্মান একটি মৌলিক মানবিক দাবি।,Loading...
Sexual Harassment,"আপুর ক্যারিয়ার মানে শরীর দেখানো, এটাই সত্য",Loading...
Non Misogynistic,মেয়েটা রেগে গেলেও কথা বলার সময় সীমা বজায় রাখে,Loading...
Non Misogynistic,মেয়েটার কথা বলার ধরন আকর্ষণীয়,Loading...
Derogation,তোর মতো মেয়ে কর্মী থাকলে অফিসের উন্নতি সম্ভব না।,Loading...
Non Misogynistic,নারীর সমান অংশগ্রহণ ছাড়া প্রকৃত গণতন্ত্র সম্পূর্ণ হয় না।,Loading...
Stereotype,"সবাই জানে, দেশের মেয়েরা অধিকাংশ সময় বিএ পাস হতে হতে বিয়ের বয়স পেরিয়ে যায়।",Loading...
Stereotype,"মেয়েরা যে কারণেই পদোন্নতি পাক, যোগ্যতা কারণ হয় না বেশিরভাগ ক্ষেত্রে",Loading...
Non Misogynistic,মেয়েটা বিপদ দেখলে পিছু হটেন না,Loading...
Stereotype,"দেখুন, অধিকাংশ নারী খোলামেলা পোশাক মানেই খোলামেলা মনমানসিকতা।",Loading...
Non Misogynistic,মেয়েটার অদম্য মনোভাব সমাজে একটি শক্তিশালী বার্তা পাঠাচ্ছে।,Loading...
Sexual Harassment,আগে ফিগার ঠিক করেন আপু,Loading...
Derogation,এই মহিলা নিজের সম্পর্কে যা ভাবে বাস্তবে তার ধারেকাছেও নেই,This woman is nowhere near what she thinks she is in reality.
Non Misogynistic,মেয়েটার নেতৃত্বগুণ দেখে সিনিয়ররা তাকে বড় দায়িত্ব দিতে আগ্রহী।,Loading...
Derogation,এই মেয়ে নিজেকে সুন্দর বলে মনে করে অথচ আয়না দেখে না,Loading...
Non Misogynistic,বোনটির হাতের রুটি ফুরিয়েও মনে থাকে,Loading...
Stereotype,মেয়েদের বোঝা বড়ই মুশকিল,Loading...
Stereotype,মেয়েরা ডাক্তার হলেও জটিল অপারেশনে পুরুষ ডাক্তার ডাকতে হয়,Loading...
Stereotype,"যুগ যুগ ধরে দেখে আসছি, বিয়ে না হওয়া পর্যন্ত মেয়েদের পরিচয়ে কোনো ভর থাকে না — এটাই বাস্তব।",Loading...
Derogation,মেয়েটার ধারণাগুলো সবসময় অন্যের কপি,Loading...
Stereotype,"মেয়েদের প্রধান পরিচয় হওয়া উচিত — কারো স্ত্রী, কারো মা",Loading...
Stereotype,"মেয়েদের ভিডিওতে মানুষ কনটেন্ট না, শরীরটাই বেশি খেয়াল করে",Loading...
Sexual Harassment,জামাটা খুলে পড়ে গেলে ভালো হতো,Loading...
Stereotype,মেয়েরা কথা বেশি পেচায়,Loading...
Stereotype,আসলে রাত বিরাতে মেয়েদের বাইরে দেখা গেলে চরিত্রের প্রশ্ন ওঠা স্বাভাবিক।,Loading...
Sexual Harassment,"নর্তকীর প্রাইভেট লিংক হাতে এসে গেছে, আপলোড করে দিব কিন্তু",Loading...
Non Misogynistic,দিদির সততা প্রশংসনীয়,Loading...
Stereotype,মেয়েদের বিয়ের পর বাপের বাড়ির সাথে বেশি যোগাযোগ রাখা মানে সংসারে অশান্তি,Loading...
Derogation,এই মহিলার রাজনৈতিক মতামত দেখলে হাসি পায়,Loading...
Sexual Harassment,শারীরিক মেলামেশা কিভাবে কি হইছে একটু বলো না?,Loading...
Derogation,তুই ২০ টাকার খানকির চেয়েও নষ্ট মেয়ে,Loading...
Derogation,এই মেয়েটার ওজন দেখে পুলসিরাতের কথা মনে পড়ে,Loading...
Derogation,এমন ভং ধরতেছে যেনো এই বেডিই একমাত্র জামাই পাইছে,Loading...
Non Misogynistic,মেয়েটা যে বিষয়ে পড়ছে সেটা নিয়ে তার অনেক আগ্রহ,Loading...
Non Misogynistic,প্রতিটি মেয়ে তার নিজের জীবনের কর্তা—এই সত্যটা স্বীকার করা দরকার।,Loading...
Derogation,এই বুড়ি মুখে এতো মেকআপ নিতে পারে,Loading...
Sexual Harassment,"আহারে কতদিন পর একজন বেডা পাইছে, সুখ দিতে হবে তো",Loading...
Derogation,মহিলাটার রান্নার হাত দেখলে বোঝা যায় সংসার কতটা কষ্টে চলে,Loading...
Non Misogynistic,মেয়েটার দায়িত্ববোধ অনুপ্রেরণাদায়ক,Loading...
Stereotype,"যুগ যুগ ধরে দেখে আসছি, প্রফেশনাল সেটিংয়ে মেয়েদের সিদ্ধান্ত প্রায়ই আবেগে দূষিত।",Loading...
Sexual Harassment,টা এমনেই তো কদবেল ঝুলে গেছে বাকি অর্ধেকটা খুলে ফেলে দিলে ভাইরাল হতে বেশি সময় লাগতো না,Loading...
Non Misogynistic,"মেয়েটা কাজের মাঝে আনন্দ খুঁজে নেয়, এটাই তার এগিয়ে যাওয়ার শক্তি।",Loading...
Non Misogynistic,মেয়েটার অনুপ্রেরণায় অনেকেই এগিয়ে গেছেন,Loading...
Non Misogynistic,মেয়েদের অবদানকে দৃশ্যমান করা সমাজের প্রতি কর্তব্য।,Loading...
Stereotype,মেয়ের বিয়ে সময়মতো না হলে পরিবারকে নানান সমালোচনার মুখে পড়তে হয়—এমন বিশ্বাস আছে।,Loading...
Derogation,এই মেয়ের সাদা চামড়া ছাড়া আছে কী এটার জোরেই ওতদূর যেতে পারছে,Loading...
Stereotype,মেয়েদের থেকে ভালো কিছু আশা করা বোকামি,Loading...
Stereotype,ছোট জামাকাপড় মেয়েদের জন্য একটা লজ্জার বিষয়,Loading...
Derogation,মেয়েটার পরিচয় সংকট আছে,Loading...
Stereotype,"অভিজ্ঞতা বলে, যে মেয়ের ছবি সোশ্যাল মিডিয়ায় বেশি, তার সংসারে কম মন।",Loading...
Stereotype,"যুগ যুগ ধরে দেখে আসছি, নারী বিচারক রায় দিলে আবেগের ছোঁয়া থাকেই, এটা মানতেই হবে।",Loading...
Stereotype,মেয়েরা যদি ছোট পোশাক পরে তাহলে যা ঘটে তা তাদের নিজেদের দায়,Loading...
Derogation,মেয়েটার পদোন্নতি দেখলে বোঝা যায় কীভাবে পেয়েছে,Loading...
Stereotype,"মেয়েরা যদি সবসময় সঠিক হয়, তাহলে ভুল ছেলেকে বিয়ে করে কেন, আবার ভুল ছেলের সাথেই কেনো সময় কাটায়?",Loading...
Sexual Harassment,"মেয়েটা একটা চামড়ার ব্যবসায়ী, পুরাতন খোলস খুলে নতুন চামড়া নিয়ে আসছে",Loading...
Non Misogynistic,মেয়েটার প্রতিটি পদক্ষেপ সুচিন্তিত এবং উদ্দেশ্যমূলক।,Loading...
Derogation,এই মেয়েটার বিশ্লেষণ করার ক্ষমতা নেই,Loading...
Derogation,কেমন বেহায়ার মত হাসে মেয়েটা দেখেছেন?,Loading...
Stereotype,"দেখো, বিয়েই মেয়েদের জীবনের একমাত্র সফলতা।",Loading...
Non Misogynistic,নারী থেরাপিস্ট রোগীকে নতুন জীবন উপহার দিচ্ছেন,Loading...
Non Misogynistic,দিদি নিজের পরিবার ও পেশায় ভারসাম্য রক্ষা করেন,Loading...
Derogation,"এই মেয়ে থামতেই জানে না, কথা বলতে বলতে ঘুমিয়ে পড়বে",Loading...
Non Misogynistic,আন্টি আপনার গার্ডেনের ফুলগুলো দেখে মন জুড়িয়ে গেল,Loading...
Sexual Harassment,দিদি গায়ে কিছু না পরলে আরো বেশি জমত,Loading...
Sexual Harassment,"তুই যদি একদম ল্যাংটা হয়ে দাঁড়াও, ৫০ হাজার দেব",Loading...
Stereotype,বড় সিদ্ধান্ত নেওয়ার সাহস মেয়েদের জিনে নেই,Loading...
Sexual Harassment,"এই মেয়ে, এক রাত কাটাবো, কত টাকা নিবি?",Loading...
Sexual Harassment,উপস্থাপিকার ডাব এর ওজনে এক দিন রেলিং পড়ে যাবে,Loading...
Stereotype,মেয়েদের তো সংসারের খরচ নিয়ে চিন্তা করা লাগে না,Loading...
Stereotype,মেয়েদের সাথে শপিংয়ে যাওয়া মানে নিজের এনার্জির বারোটা বাজানো,Loading...
Derogation,এই বুড়ি বেডির কি বিন্দু পরিমান লজ্জা নাই?,Loading...
Derogation,বুড়া বেডি যুবতী সাজার চেষ্টা করতেছে,Loading...
Stereotype,মেয়েরা সফলতার কৃতিত্ব নিজে নেয় ব্যর্থতায় অন্যকে দোষ দেয়,Loading...
Derogation,এতো সাজলে একটা পেত্নি কেও অনেক সুন্দর লাগবে,Even a bride would look beautiful dressed like this.
Stereotype,বর্তমান সময়ের মেয়েরা বেশি পড়াশোনা করতে গিয়ে পরে বিয়ের জন্য পাত্র পাওয়া যায় না।,Loading...
Derogation,বুইড়া বেডী আবার নেইলপলিশ দিছে,Loading...
Stereotype,মেয়েরা আর্মিতে যোগ দিলে ইউনিটের শক্তি কমে,Loading...
Stereotype,চশমা পরা মেয়েদের বেশি একটা সুন্দর লাগে না,Loading...
Sexual Harassment,পতিতার পোশাকের অবস্থা দেখো,Loading...
Non Misogynistic,মহিলাটি অত্যন্ত মেধাবী এবং পরিশ্রমী,Loading...
Derogation,মেয়েটার নাচ দেখলে মনে হয় মেরুদণ্ড নেই।,"Watching the girl dance, it seems like she has no backbone."
Derogation,মুখটা ঘষলে 3 কেজি মেকাপ উঠবে।,Loading...
Derogation,এতো নীচ চিন্তাভাবনার মেয়ে আমি জীবনে দেখি নাই,Loading...
Non Misogynistic,"মেয়েটা একাদশ শ্রেণিতে পদার্থবিজ্ঞান বেছে নিয়েছে, ভবিষ্যতে ইঞ্জিনিয়ার হতে চায়।",Loading...
Non Misogynistic,মেয়েদের সরলতার মাঝেই আসল আভিজাত্য লুকিয়ে থাকে।,Loading...
Derogation,"মেয়েটার নিজের চরিত্র ঠিক নেই, অন্যের চরিত্র নিয়ে কথা বলে কিভাবে?",Loading...
Sexual Harassment,"মেয়েটি অভিনয়ে না, খাটে অভিনয় ভালো পারে",Loading...
Non Misogynistic,মেয়েটার দার্শনিক চিন্তা অত্যন্ত গভীর,Loading...
Sexual Harassment,এই নায়িকার মতো কচি মাল বিদেশেও চাহিদা আছে,Loading...
Derogation,এর মুখটা হচ্ছে পচা পেপে কাটলে যেমন লাগে তেমন,Loading...
Derogation,এই বেডির কান্নার অভিনয় দেখলে মনে হয় পেঁয়াজ রেখেছে পাশে।,Loading...
Non Misogynistic,নানির স্নেহ ছোটবেলার সবচেয়ে নিরাপদ আশ্রয়,Loading...
Non Misogynistic,"মেয়েদের নিরাপত্তায় পরিবার, সমাজ ও রাষ্ট্র সবার সম্মিলিত দায়িত্ব আছে।",Loading...
Non Misogynistic,নারীদের কাজের মূল্যায়ন স্বচ্ছ হওয়া উচিত,Loading...
Non Misogynistic,মেয়েটার কর্মক্ষমতা ও মনোযোগ তাকে তার ক্ষেত্রে অগ্রণী করেছে।,Loading...
Sexual Harassment,আপু বিছানায় যেতে কত নিচ্ছেন?,Loading...
Stereotype,বাড়ির মেয়ে ছোট পোশাক পরলে পরিবারের সম্মান যায়,Loading...
Sexual Harassment,ভাবি গায়ে কাপড় না পরলে আরো বেশি ভাইরাল হতে,Loading...
Stereotype,"মেয়েরা অন্যের সুখ দেখতে পারে না, ভেতরে হিংসে থাকে",Loading...
Stereotype,"মেয়েদের দিয়ে অফলাইন ব্যবসা হবে না, এদের দিয়ে অনলাইন ব্যবসাই হবে শুধু",Loading...
Stereotype,"মহিলাদের কণ্ঠ যত মিষ্টি, স্বামীর ঘর তত মজবুত।",Loading...
Sexual Harassment,আপুটি এত কচি বয়সে আপেল এত বড় কীভাবে?,Loading...
Sexual Harassment,এই মাগির সাইজ দিন দিন বড় হচ্ছে আর দাম ও বাড়ছে,Loading...
Sexual Harassment,যারা তোমার মধু পান করছে তারাই বুঝে কতো মজা,Loading...
Non Misogynistic,আপুর হাতের সেলাইয়ের কাজ শিল্পের পর্যায়ে,Loading...
Non Misogynistic,"সে কথা কম বলে, কিন্তু যখন বলা শুরু করে কেউ না শুনে থাকতে পারে না।",Loading...
Non Misogynistic,নারীরা সমাজের সকল ক্ষেত্রে নেতৃত্ব দিতে সক্ষম,Loading...
Sexual Harassment,তুমি তো খাট কাপানে অভিনেত্রী,Loading...
Derogation,মেয়েটার বাবা রিকশা চালায় আর সে মডেলের ভাব দেখায়।,Loading...
Stereotype,ঘরের বড় বউ মানে সংসারের তদারকি করার দায়িত্ব তার,Loading...
Derogation,এটা একটা রাস্তার মেয়ে,Loading...
Sexual Harassment,"আপুটা খানকি মাগি, এর ডিমান্ড এত বেশি কিভাবে?",Loading...
Stereotype,একা থাকা মেয়েদের সমাজ কখনোই ভালো চোখে দেখে না ,Loading...
Non Misogynistic,"মেয়েটা সবার মতামতকে সম্মান দিয়ে সিদ্ধান্ত নেয়, তাই সবাই তাকে বিশ্বাস করে।",Loading...
Sexual Harassment,"শুটিং করতে চাই না ৩০ মিনিট এর লিংক চাই, দেও আপু",Loading...
Stereotype,"যুগ যুগ ধরে দেখে আসছি, অল্প বয়সে বিয়ে না দিলে পরে আর কেউ পছন্দ করে না, স্বীকার করুক বা না করুক।",Loading...
Sexual Harassment,আপুকে ৬৯ স্টাইলে করতে পারলে ভালো লাগত,Loading...
Stereotype,মেয়েদের সফলতার পিছনে পুরুষের হাত আছে মেয়েরা একা কিছু করতে পারে না,Loading...
Stereotype,মেয়েরা অ্যাডভেঞ্চার স্পোর্টে গেলে ভয়ে পিছিয়ে আসে,Loading...
Sexual Harassment,এই মডেলের ভোদা নিয়ে ভাবতে ভাবতে স্বপ্নদোষ হয়ে যায়,Loading...
Sexual Harassment,আপুটির পাছা নিয়ে রাতে কল্পনা করি,Loading...
Non Misogynistic,"মহিলা ফুটবলাররা মাঠে যে দক্ষতা দেখাচ্ছেন, তা সত্যিই উজ্জীবনী।",Loading...
Stereotype,মেয়েদের পোশাকেই তাদের মূল চরিত্র ধরা পড়ে — এটাই বাস্তব।,Loading...
Sexual Harassment,এই আপুকে আমার গোপন রক্ষিতা বানাতে পারলে আর কিছু চাইতাম না,Loading...
Non Misogynistic,মেয়েটার সৃজনশীলতা দেখলে বোঝা যায় তার চিন্তার গভীরতা কতটা।,Seeing the girl's creativity shows the depth of her thinking.
Derogation,তোর গলার স্বর শুনলে মনে হয় ব্লেন্ডার চলছে।,Loading...
Derogation,"দেখতে পুরা বুড়িদের মতো লাগে, বুড়ি লুকটা গেলো না আর",Loading...
Non Misogynistic,মেয়েটা নিজের সিদ্ধান্ত নিজেই নিতে পছন্দ করে,Loading...
Sexual Harassment,"আপনার রেট কমে গেছে তাই না, এত খোলামেলা এই জন্যই",Loading...
Sexual Harassment,"এই সুন্দরী, ওড়না যেভাবে নিলেন, না নিলেও পারতেন। আমরাও একটু মজা নিতাম",Loading...
Sexual Harassment,যত বেশি খুলে দেখাবে তত বেশি করে অ্যাওয়ার্ড পাওয়া যাবে,Loading...
Derogation,এই মেয়ের কোনো শিক্ষাগত যোগ্যতা নাই,Loading...
Sexual Harassment,ডার্লিং তুমি কিন্তু অনেক সেক্সি।,Loading...
Stereotype,বিয়ের আগে মেয়েরা বেশি বাছবিচার করলে শেষে কেউ থাকে না,Loading...
Sexual Harassment,কতজনের খাওয়া মাল আর কতদিন চলবে মেডাম?,Loading...
Stereotype,মেয়েদের রূপ দিয়েই মানুষ আগে মূল্যায়ন করে,Loading...
Derogation,তরে দেখলেই বুমি আসে ওয়াক থু থু থু থু থু,Loading...
Sexual Harassment,এই মেয়ের দেহের বাজার এখন রমরমা,Loading...
Sexual Harassment,বৌদির নাচ দেখলে মনে হয় বুক নাড়ানোর প্রতিযোগিতায় নেমেছে,Loading...
Derogation,ওর মতো অদক্ষ মেয়ে দিয়ে ঠিকমতো কাজ করানো সম্ভব না,Loading...
Non Misogynistic,কাকিমার বিরিয়ানি সবার প্রিয়,Loading...
Non Misogynistic,মেয়েটার শেখার আগ্রহ তাকে সবসময় এগিয়ে রাখে।,Loading...
Sexual Harassment,"বুড়ি এতটুকু কাপড়ের কী দরকার, বিকিনি পরে নামলে আরো মজা পেতাম",Loading...
Non Misogynistic,ম্যাম আপনার এই সিদ্ধান্ত একটা সাহসের পরিচয় দিয়েছে,Loading...
Sexual Harassment,এই মেয়ে আর কত বেডার লগে যে শুইবো,Loading...
Non Misogynistic,মেয়েটার সামাজিক দায়বদ্ধতা তাকে একজন দায়িত্বশীল নাগরিক করে তুলেছে।,Loading...
Sexual Harassment,বৌদি আর কত খেলবেন মানুষের সাথে এইবার বিয়েটা করেন,Loading...
Derogation,মহিলার দাঁত এত বড় যে কোদালের মতো লাগে,Loading...
Sexual Harassment,"ভাবি সেক্সি মাল, রাতের জন্য পারফেক্ট ফিট",Loading...
Derogation,এই মেয়ে সংকটে কাঁদে সমাধান করে না,Loading...
Derogation,তোমার মতো বেয়াদব মেয়ে সুন্দরী সাজার চেষ্টা করা হাস্যকর। ,Loading...
Stereotype,অতিথি এলে চা-নাশতা বানানো মেয়েদের জন্মগত দায়িত্ব — এটাই বাস্তব।,Loading...
Stereotype,ঘর একটু গুছানো মানে বুঝতে হবে এখানে কোনো মেয়ে থাকে,Loading...
Sexual Harassment,"পেশা ডিজে,পার্ট টাইম দেহ ব্যবসা",Loading...
Non Misogynistic,এই আপু কারোর ওপর নির্ভর করে বসে থাকে না,Loading...
Derogation,মেয়েটার গলা শুনলে মনে হয় পেতলের বাসনে আঘাত করছে,Loading...
Stereotype,মেয়ে হয়ে মুখের ওপর কথা বলা চরম বেয়াদবি,Loading...
Stereotype,"মেয়েরা ঘর সামলাবে, ছেলেরা বাইরে উপার্জন করবে, এটাই প্রকৃতির নিয়ম",Loading...
Derogation,এই বেডির সামাজিক আচরণ দেখলে মনে হয় এই প্রথম মানুষের মাঝে এসেছে।,Loading...
Sexual Harassment,"মামণি এত নাচলে দুধ ফেটে যাবে, সাবধান",Loading...
Non Misogynistic,দাদীর হাতের আচার আদর মেশানো,Loading...
Sexual Harassment,মামণি নমিনেশন পেতে হলে বাসায় রাত কাটাতে হয়,Loading...
Stereotype,কথা পেচানোয় মেয়েদের জন্মগত অভ্যাস— এটাই সত্য।,Loading...
Non Misogynistic,নারীর স্বপ্নকে গুরুত্বের সাথে গ্রহণ করা উচিত,Loading...
Stereotype,"আসলে তরুণী মেয়েদের অন্তঃপুরই আসল রাজত্ব, বাইরের পৃথিবী ধার করা।",Loading...
Sexual Harassment,এই আপুকে টেনে কাপড় খুলে দিলে কেউ কিছু বলত না,Loading...
Derogation,"এই মেয়ের জীবন একটা খোলা বই, যেখানে সব নোংরা অধ্যায় আছে",Loading...
Non Misogynistic,মেয়েটি কঠিন সিদ্ধান্ত নিতে দ্বিধা করেননি,Loading...
Sexual Harassment,"মামণি ক্যামেরা যত নিচে নামাচ্ছে, কাপড় তত উপরে উঠছে",Loading...
Sexual Harassment,এই মহিলার ঠোঁট দুটো চুষতে মন চায়,Loading...
Sexual Harassment,ম্যাডামের নাভির ভাজ নাড়াতে নাড়াতে ক্যামেরা আউট হয়ে যাচ্ছে,Loading...
Stereotype,মেয়েরা প্রতিযোগিতায় ব্যস্ত হয়ে যায় কার চেয়ে কে বেশি নটিপনা করতে পারে,Loading...
Non Misogynistic,একজন মা ছাড়া পরিবার অপরিপূর্ণ,Loading...
Derogation,মেয়েটার গায়ের রঙ দেখে মনে হয় কয়লার খনিতে কাজ করেছে,Loading...
Derogation,মেয়েটার চরিত্রের মূল্য আছে বলে মনে হয় না।,Loading...
Sexual Harassment,এই মেয়ে শো করতে গিয়ে শুয়ে এসেছে কয়জনের সাথে,How many people has this girl slept with while performing?
Sexual Harassment,"মামুনি আমার সাথে রুম ডেট করো, কেউ জানবে না",Loading...
Derogation,মেয়েটার কপাল এত চওড়া যে সিনেমার পর্দা হিসেবে ব্যবহার করা যাবে।,Loading...
Sexual Harassment,এক পতিতা না যেতেই আরেক পতিতা যৌনকর্মী আগমন ঘটেছে,Loading...
Stereotype,মেয়েরা প্রকাশ্যে মতামত দিলে বাড়ির বড়রা অপমানিত বোধ করে।,Loading...
Derogation,মেয়েটার কুটনামি দেখলে মনে হয় পাড়া কমিটিতে যোগ দেওয়া উচিত,Loading...
Derogation,এই মেয়ে অফিসে থাকলে কাজের চেয়ে সমস্যা বেশি হয়,Loading...
Non Misogynistic,বোনটির রুচিশীল উপস্থিতি প্রশংসা পায়,Loading...
Stereotype,আসলে শহরের মেয়েদের সাফল্য মানেই পেছনে কোনো না কোনো পুরুষের সমর্থন।,Loading...
Non Misogynistic,মা সন্তানকে সঠিক পথের দিশা দেখান,Loading...
Stereotype,মেয়েরা রিলেশনে বেশি আশা ভরসা চায়,Loading...
Non Misogynistic,মেয়েটার সমাজসেবা নিঃস্বার্থ,Loading...
Sexual Harassment,"এই বুড়ি, পেন্টিটা খুলে রাখলেই পরিষ্কার দেখা যেত না হলে কেউ দেখবে না",Loading...
Non Misogynistic,"মহিলা পাইলট বিমান পরিচালনায় যে দক্ষতা দেখাচ্ছেন, তা সত্যিই প্রশংসনীয়।",Loading...
Sexual Harassment,এই মডেল বিকিনি পরে নামলে আরো ভাইরাল হতে,Loading...
Sexual Harassment,এইসব খোলা মেলা পোশাক পরে বাজারে নিজের শরীলের মূল্য বাড়ানোর চেষ্টা,Loading...
Non Misogynistic,আপুটার সাথে কাজ করলে জিনিসগুলো সহজ লাগে,Loading...
Non Misogynistic,এরকম একটা মেয়ে যদি আমার বউ হতো নিজেকে ধন্য মনে করতাম,Loading...
Sexual Harassment,এই মহিলার ভোদা চেটে চেটে খেতে চাই সারারাত,Loading...
Stereotype,মেয়েদের উচিৎ রান্না-বাটনা শিখার উপর গবেষণা করা,Loading...
Sexual Harassment,এই মেয়ের শরীর এত রসালো দেখালেই চুষতে ইচ্ছা করে,Loading...
Sexual Harassment,"এই বুড়ি ,জ্বালা মেটাতে পতিতালয়ে চলে যাও তাড়াতাড়ি",Loading...
Non Misogynistic,মেয়েটির হাসিতে আন্তরিকতা ফুটে ওঠে,Loading...
Sexual Harassment,মেয়েটির বুকের পাহাড় টিপতে পারলে জীবন ধন্য হতো,Loading...
Stereotype,"যতই অস্বীকার করুক, এক মেয়ের কারণে দশ মেয়ের নামে দাগ পড়ে যায়, স্বীকার করুক বা না করুক।",Loading...
Non Misogynistic,মেয়েটার আস্থা ও আত্মবিশ্বাস অনুপ্রেরণাদায়ক,Loading...
Derogation,অচল জিনিসের দাম বেশিদিন থাকে না সেটা এই মেয়ে কে দেখলেই বুঝা যায়,Loading...
Stereotype,মেয়েরা তর্কে হারলে কান্না শুরু করে,Loading...
Non Misogynistic,মেয়েটি ধাপে ধাপে উপরে উঠেছেন,Loading...
Sexual Harassment,একবারে কাপড় খুলে নাচো,Loading...
Non Misogynistic,মেয়েটা ক্লান্ত থাকলেও কাউকে বুঝতে দেয় না,Loading...
Non Misogynistic,বোনটির নেতৃত্বে দল ঐক্যবদ্ধ হয়,Loading...
Non Misogynistic,আপু অনুপ্রেরণাদায়ক মুহূর্ত তৈরি করেন,Loading...
Derogation,"এই মেয়েকে দিয়ে নাটক না হোক, কমেডি হবে",Loading...
Sexual Harassment,তুমি যদি একদম ল্যাংটা হয়ে দেখাও তোমাকে নিয়ে খেলবো,Loading...
Sexual Harassment,এই মডেলকে আমার গোপন রক্ষিতা বানাতে পারলে আর কিছু চাইতাম না,Loading...
Non Misogynistic,মেয়েটার দক্ষতা ও পরিশ্রম তাকে তার স্বপ্নের কাছে প্রতিদিন একটু একটু করে নিয়ে যাচ্ছে।,Loading...
Sexual Harassment,শাড়ি খুলে আসলে আর একটু ভালো লাগতো।,Loading...
Sexual Harassment,"বৌদির ফিগার বুড়ির মতো হয়ে গেছে, এখন কাকে দেখাচ্ছ",Loading...
Sexual Harassment,"বেটিকে নিলামে তুললে কড়া দামে বিক্রি হবে,সাইজ তো সেই",Loading...
Stereotype,"মেয়েরা বড় প্রেজেন্টেশন দিতে ভয় পায়, আত্মবিশ্বাস নেই","Girls are afraid of giving big presentations, lack confidence"
Stereotype,মেয়েরা স্বাধীনভাবে চললে কেউ বিয়ে করতে চায় না,Loading...
Sexual Harassment,"তোর পাহাড় ধরে একটু টিপে দিই, জ্বালা মিটবে",Loading...
Derogation,"এ মেয়ে, এতো সুন্দর সেজেগুজে কি তাহলে ছেলেদের মন ভোলাতে এসেছে!",Loading...
Non Misogynistic,প্রতিটি মেয়ে সমান মানবিক মর্যাদা ও অধিকার পাওয়ার যোগ্য।,Loading...
Sexual Harassment,"এই মাগি নিচের বাল কাটার ভিডিও করো, পয়সা ভালো হবে",Loading...
Stereotype,"সবসময় দেখে আসছি, জটিল ধাঁধা সামনে দিলে মেয়েরা আগ্রহ হারায়।",Loading...
Sexual Harassment,"আমার সাথে লিভ টুগেদার করো, অনেক মজা পাবে",Loading...
Non Misogynistic,বোনটির বিনামূল্যে চিকিৎসা ক্যাম্প অসাধারণ উদ্যোগ,Loading...
Non Misogynistic,মেয়েটার নেতৃত্বগুণ অনুপ্রেরণা যোগায়,Loading...
Sexual Harassment,"ম্যাডামের কাস্টমার কমে গেছে, নাহলে এভাবে শরীর দেখাচ্ছে কেন?",Loading...
Derogation,"যতই মেকাপ লাগাও না কেন, কয়লা ধুলে কি আর ময়লা যায়?",Loading...
Sexual Harassment,"সুন্দরী তো খাওয়া মাল, ৫০ হাজার দিলে রাতের জন্য পাওয়া যাবে",Loading...
Stereotype,গ্রামের মেয়েরা সুযোগের অভাবে নষ্টামি করে না,Loading...
Sexual Harassment,"বেটি আসলে আবাসিকের পাঁচশ টাকার মাল, কারো বউ না",Loading...
Stereotype,"মানতেই হবে, ঘর সাজানো-গোছানোতেই মেয়েদের আসল মেধা প্রকাশ পায়।বাকি সব কাজে মেয়েরা শূন্য",Loading...
Non Misogynistic,মেয়েদের মৌলিক অধিকার রক্ষায় সরকার ও সমাজ দুটোরই ভূমিকা আছে।,Loading...
Stereotype,"দেখো, স্বাধীন মতামত দেওয়া মেয়েদের ঘরের ভেতরেই দাবিয়ে রাখা দরকার, তা না হলে সমাজ চলে কীভাবে?",Loading...
Stereotype,শ্বশুরবাড়ির সবার মন রক্ষা না করতে পারলে বউ হিসেবে অযোগ্য।,Loading...
Derogation,বান্দরের মত চেহারা মেয়ের কিন্তু ঢং এর কমতি নাই,Loading...
Stereotype,মেয়েদের শিক্ষাগত অর্জনের আসল মূল্য নাকি বিয়ের সময়ই পাওয়া যায়।,The true value of a girl's educational achievements is realized at the time of marriage.
Sexual Harassment,পর্ন ইন্ডাস্ট্রি তে একটা ট্রাই করে দেখতে পারে,Loading...
Sexual Harassment,একে একে এই সুন্দরীকে ভোগ করে আসবো,Loading...
Non Misogynistic,"পরিবারে যদি মেয়েদের সমান সুযোগ দেওয়া হয়, তাহলে সেই পরিবার আরও সমৃদ্ধ হয়।",Loading...
Sexual Harassment,"নটিপাড়ায় নাম লেখাও, এত কষ্ট লাগবে না",Loading...
Derogation,এই মেয়ে সংকীর্ণ মানসিকতায় বন্দী,Loading...
Non Misogynistic,মেয়েরা চাইলে সব পারে,Loading...
Stereotype,একটি ভালো মানুষের জীবন নষ্ট করতে একটি মেয়েই যথেষ্ট,Loading...
Stereotype,গসিপের গন্ধ পেলে মেয়েদের কান খাড়া হয়ে যায়,Loading...
Non Misogynistic,নারী-পুরুষ সবার সমান সুযোগ পাওয়া উচিত,Loading...
Sexual Harassment,এই আপুর দেহের গড়ন বিদেশে রপ্তানি করার সময় এসে গেছে,Loading...
Derogation,এই বেডি যে মাঝে মাঝে কিসের পুরস্কার পায় বুঝিনা। হাস্যকর,Loading...
Sexual Harassment,"হাতাইতে হাতাইতে ঝুলাই ফালাইছে সব, দেখে মজা পাই না",Loading...
Stereotype,"প্রতিবাদ করলে মেয়েরা অহংকারী, না করলে দুর্বলতা",Loading...
Derogation,মেয়েটার মিথ্যা কান্না দেখলে বিরক্ত লাগে,Loading...
Sexual Harassment,মেয়েটা জামাটা ফেটে কখন যে দুধ গুলো বের হয় সেই অপেক্ষায় আছি,Loading...
Stereotype,অপরিচিতদের সঙ্গে হেসে কথা বললে মেয়েরা নির্লজ্জ,Loading...
Non Misogynistic,প্রতিটি মেয়ে তার ব্যক্তিগত তথ্যের গোপনীয়তা রক্ষার অধিকার রাখে।,Loading...
Sexual Harassment,এই মাগির ভোদাই কত যে ধোন ঢুকেছে তা কম্পিউটারেও হিসাব রাখা সম্ভব না,Loading...
Non Misogynistic,মেয়েটার সংসার চালানোর দক্ষতা প্রশংসনীয়,Loading...
Sexual Harassment,ফিগার সুন্দর বলে এভাবে শাড়ি পরতে হবে? ইস দেখেই খেতে ইচ্ছা করছে,Loading...
Derogation,মেকাপ ছাড়া একদম বুড়া বেডির মতো লাগে,"Without makeup, she looks like an old woman."
Stereotype,মেয়েমানুষ এত রাগ করা ভালো না,Loading...
Sexual Harassment,এরকম মেয়ে আমার পাল্লায় পড়লে গাঁড় ফাটিয়ে দিতাম,Loading...
Derogation,মহিলাটার চুলের রঙ দেখলে মনে হয় পেইন্টের ডব্বায় মাথা ডুবিয়েছে,Loading...
Stereotype,মেয়েরা অ্যাকাডেমিক রিসার্চে তেমন অবদান রাখতে পারে না,Loading...
Sexual Harassment,আপুটা জামাটা ফেটে কখন বের হয় সেই অপেক্ষায় আছি,Loading...
Sexual Harassment,"দিদি দেখতে মাল, খেলে আরো মজা",Loading...
Derogation,এই মেয়েটার পা দুটো কলার মোচার মতো মোটা।,Loading...
Sexual Harassment,মামুনির দুইটা পাহাড় দেখে লোভ হচ্ছে। জিহ্বার পানি বের হয়ে গেল,Loading...
Non Misogynistic,"মেয়েটা মাল্টিন্যাশনাল কোম্পানিতে চাকরি পেয়েছে, নিজের দক্ষতার জোরে।",Loading...
Stereotype,মেয়েরা চেহারার জন্য অন্য মেয়েদের হিংসে করে,Loading...
Sexual Harassment,এই মেয়ের নাভির ভাজ এত মাখন কেন?,Loading...
Sexual Harassment,মামুনির মতো খাওয়া মাল আর কতদিন চলবে,Loading...
Stereotype,স্বামীর কথামতো জীবন না চালালে মেয়েরা পস্তায়।,Loading...
Non Misogynistic,মেয়েটা নিজের দক্ষতায় বিশ্বাস রেখে প্রতিটি সুযোগকে কাজে লাগায়।,Loading...
Sexual Harassment,এই মাগি জ্বালা মেটাতে এক রাত আমার সাথে এসো,Loading...
Sexual Harassment,এই মেয়ে তুমি তো আমার মনে আগুন লাগিয়ে দিলে,Loading...
Sexual Harassment,বৌদিরে একবার লাগাইতে পারলে মজা লাগতো,Loading...
Derogation,এই মহিলার শিল্পসাহিত্য সম্পর্কে শূন্য জ্ঞান,This woman has zero knowledge of art.
Stereotype,"দেখুন, শ্বশুরবাড়ির সবার মন রক্ষা করা বউদের একমাত্র কাজ",Loading...
Stereotype,মেয়েরা একা পার্কে বসে থাকলে মানুষ অবাক চোখে দেখে,Loading...
Non Misogynistic,মেয়েটার কণ্ঠে এই গানটা শুনে অন্যরকম লাগল,Loading...
Sexual Harassment,বুড়ি সেক্সি মাল রাতের জন্য পারফেক্ট,Loading...
Non Misogynistic,মেয়েটা সমাজের দুর্বল মানুষদের পাশে দাঁড়াতে কখনো পিছপা হয় না।,Loading...
Stereotype,ক্লিভেজ শো করা এখন মেয়েদের জন্য ট্রেন্ড হয়ে দাড়িয়েছে,Loading...
Derogation,আপা একটা নেশা খোর,Loading...
Non Misogynistic,সবাই যদি মেয়েদের সম্মানের কথা ভাবত তাহলে সামাজিক মাধ্যম এত বিষাক্ত হতো না,Loading...
Sexual Harassment,"উপস্থাপিকার জামাই ভালো টিপতে পারে না, আমি হলে ঝুলাই ফেলতাম",Loading...
Derogation,এই মেয়ের রান্না খেলে হাসপাতালে যেতে হবে,Loading...
Derogation,এই মেয়েটার মুখের সাথে সাথে দাঁতও হারপিক দিয়ে পরিস্কার করার দরকার ছিলো,Loading...
Non Misogynistic,"মেয়েটার কাজের প্রতি উৎসাহ কখনো কমেনি, বরং সময়ের সাথে বেড়েছে।",Loading...
Derogation,মেয়েটাকে দেখলে মনে হয় নিজের লাভ ছাড়া কোনো কিছু চিন্তা করে না,Loading...
Sexual Harassment,ম্যাডামের শরীর নিয়ে রাতে কল্পনা করি,Loading...
Non Misogynistic,দিদি কষ্ট করে নিজের পড়ার খরচ যোগান,Loading...
Stereotype,মেয়েদের স্বভাব একে অপরের সাথে প্রতিযোগিতা করা,Loading...
Sexual Harassment,"এই বুড়ি, এক রাতের ডিল কনফার্ম করতে কতো নিবা?",Loading...
Derogation,এই বেডি বিয়ে করার জন্য মরিয়া কিন্তু কেউ রাজি না।,Loading...
Sexual Harassment,মামণি রুম ডেটে না এলে ইজ্জত নষ্ট করে ছাড়ব,Loading...
Stereotype,উচ্চশিক্ষা মেয়েদের জন্য তেমন জরুরি না,Higher education is not that necessary for girls.
Derogation,বেডি উকিল হয়েছে কিন্তু সহজ মামলাও বোঝে না।,The woman has become a lawyer but does not even understand a simple case.
Derogation,এই মেয়েটার নাচের স্টেপ দেখলে মনে হয় বাতাসে দুলছে,"Looking at this girl’s dance steps, it seems like she is swaying in the air."
Derogation,এই বেডির আজ এক কথা কাল আরেক কথা।,This woman says one thing today and another thing tomorrow.
Non Misogynistic,মেয়েদের বিরুদ্ধে বৈষম্য কমানো মানে সামগ্রিকভাবে সমাজের উন্নতি করা।,Reducing discrimination against women means improving society as a whole.
Non Misogynistic,"মেয়েটার মা বলেছেন তুমি যা হতে চাও হও, আমি তোমার পাশে আছি।","The girl’s mother said, “Become whatever you want to be; I am by your side.”"
Non Misogynistic,মেয়েটি প্রকৃতির কাছে শান্তি খুঁজে নেন,The girl finds peace in nature.
Sexual Harassment,"শোনো বেটি, আমার কথা না শুনলে প্রাইভেট ভিডিও সবাইকে পাঠিয়ে দেব","Listen, girl, if you do not listen to me, I will send the private video to everyone."
Sexual Harassment,খুলে দেখালে সোনা্মনি বলতে পারতাম কেমন দেখা যাচ্ছে,"If you opened it and showed me, sweetheart, I could say how it looks."
Non Misogynistic,দিদির আচরণে গভীর মানবিকতা প্রতিফলিত হয়,Didi’s behavior reflects deep humanity.
Sexual Harassment,বুড়ির কোমরের গঠন দুলানো মাতাল হয়ে যাচ্ছি,Watching the old woman’s waist move is making me feel intoxicated.
Stereotype,মহিলাদের অর্থনৈতিক চিন্তা মূলত সঞ্চয়ের গণ্ডিতে আটকা,Women’s economic thinking is mainly confined to savings.
Non Misogynistic,মেয়েটা ছোট সাফল্যগুলোও গুরুত্ব দিয়ে দেখে,The girl gives importance even to small successes.
Derogation,তোর মতো বউ হলে কিস্তি তুলে হলেও তালাক দিতাম,"If I had a wife like you, I would divorce her even if I had to take out installments."
Derogation,এই অকর্মা মেয়ের ওপর কোনো দায়িত্ব দিলে শেষ পর্যন্ত ঝামেলা হবেই,"If any responsibility is given to this useless girl, it will definitely end in trouble."
Stereotype,মেয়েমানুষের উচিত বাহিরের পৃথিবীর তুলনায় ঘরের গণ্ডিকে নিরাপদ ভাবা।,Women should consider the boundaries of home safer than the outside world.
Sexual Harassment,এই বুড়ির বুক দুটো নিলামে তোলা মালের মতো,This old woman’s two breasts are like goods put up for auction.
Non Misogynistic,প্রত্যেক মেয়েকেই ধৈর্যশীল হওয়া উচিত,Every girl should be patient.
Non Misogynistic,মা সন্তানের কষ্ট নিজের কাঁধে নেয়,A mother takes her child’s pain onto her own shoulders.
Non Misogynistic,মেয়েটার প্রতিটি অর্জনের পেছনে তার নিরলস পরিশ্রম ও অটল মনোবল আছে।,Behind each of the girl’s achievements are her tireless hard work and unwavering morale.
Derogation,এই বেডির অহংকার তার সামর্থ্যের সম্পূর্ণ বিপরীত।,This woman’s arrogance is the complete opposite of her ability.
Derogation,এই মেয়েটার প্রতিটি পদক্ষেপ স্বার্থের জন্য,Every step this girl takes is for self-interest.
Sexual Harassment,"একঝাঁক পতিতালয়ের নর্তকী তোরা, তোদের শুধু পুরুষের খাটে মানায়",You are a group of brothel dancers; you only belong in men’s beds.
Stereotype,"দেখো, নিজের গাড়ি চালিয়ে অফিস যাওয়া মেয়েদের আত্মঅহম বেশি।","Look, girls who drive their own cars to the office have too much ego."
Sexual Harassment,আপুকে কতজন চেটেছে তার হিসাব কেউ রাখেনি,No one has kept count of how many people have licked Apu.
Sexual Harassment,"নর্তকী তোর তো ঠিক নাই, তোর এক জামাইয়ে কিভাবে হবে?","Dancer, you are not stable; how will one husband be enough for you?"
Sexual Harassment,"ভাবি, পেন্টিটা খুলে রাখলেই পরিষ্কার দেখা যেত","Sister-in-law, if you took off your panties, it would be clearly visible."
Sexual Harassment,"আপু তুমি যদি একদম ল্যাংটা হয়ে দাঁড়াও, ১ লাখ দেব","Apu, if you stand completely naked, I will give you one lakh."
Sexual Harassment,মামুনির গঠন এমন বানিয়েছে যেন পিছনে তাকানো লাগবে না,Mamuni’s figure is made in such a way that you do not need to look back.
Non Misogynistic,বোনটির কাঠের কাজ পেশাদার মানের,The sister’s woodwork is of professional quality.
Non Misogynistic,মেয়েটা প্রতিটি সংকটকে শক্তিতে পরিণত করার ক্ষমতা রাখে।,The girl has the ability to turn every crisis into strength.
Non Misogynistic,মেয়েটির অভ্যন্তরীণ শক্তি দারুণ,The girl’s inner strength is amazing.
Non Misogynistic,বোনটির মুখে এক স্নিগ্ধতা ছড়িয়ে থাকে,There is a gentle softness on the sister’s face.
Sexual Harassment,এই মেয়ের নাভির গর্ত এত বড় নিচের টা জানি কত বড়,This girl’s navel hole is so big; who knows how big the lower one is.
Non Misogynistic,"শিক্ষা যদি অধিকার হয়, তাহলে প্রতিটি মেয়ে সেই অধিকারের সমান ভাগ পাওয়ার যোগ্য।","If education is a right, then every girl deserves an equal share of that right."
Derogation,এই মেয়েটার কাজের গতি শামুকের চেয়েও ধীর,This girl’s work speed is slower than a snail.
Sexual Harassment,মামণি গায়ে কাপড় না পরলে আরো বেশি ভাইরাল হতে,"Mamuni, you would go even more viral if you did not wear clothes."
Stereotype,মেয়েরা ডিভোর্সির তকমা পেলে দ্বিতীয় বিয়ে কঠিন হয়,"When women get labeled as divorcees, a second marriage becomes difficult."
Derogation,মেয়েটার উচ্চতা এত কম যে ভিড়ে হারিয়ে যায়।,The girl’s height is so short that she gets lost in a crowd.
Sexual Harassment,এই মহিলা আসলে আবাসিকের পাঁচশ টাকার মাল,This woman is actually a 500-taka item from a residential hotel.
Sexual Harassment,আপু এত বড় এবং সুন্দর দুধ কিভাবে বানালা?,"Apu, how did you make such big and beautiful breasts?"
Stereotype,বিয়ে হলে মেয়েদেরই ক্যারিয়া এ কম গুরুত্ব দিতে হয়,"After marriage, women have to give less importance to their careers."
Sexual Harassment,আপু আমাদের নাভির নিচের দাবী না মানলে কিন্তু চলবে না,"Apu, we will not accept it if you do not agree to our demand below the navel."
Sexual Harassment,মেডাম আরেকটু খুলতে হবে পুরোপুরি দেখা যাচ্ছে না,"Madam, you need to open a little more; it is not fully visible."
Non Misogynistic,দিদির নেতৃত্বে সবাই উদ্যমী হয়ে ওঠে,"Under Didi’s leadership, everyone becomes enthusiastic."
Stereotype,এই যুগের মেয়েরা সবসময় কথাবার্তার চেয়ে কান্নাকাটিতেই সমস্যার সমাধান খোঁজে — এটাই সত্য।,Girls of this era always try to solve problems through crying rather than conversation — that is the truth.
Derogation,তুমি এতো ভালো হয়ে থাকলে ভাতার ছাড়লে কেন?,"If you were so good, why did your patron leave you?"
Derogation,এই মহিলার ত্বক দেখে মনে হয় খরার মৌসুমে মাঠ,This woman’s skin looks like a field during drought season.
Stereotype,মেয়ে মানুষের বেশি ছেলে বন্ধু হলে সমাজে চরিত্র নিয়ে প্রশ্ন ওঠে,"If a woman has too many male friends, society questions her character."
Derogation,মেয়েটার কথাবার্তা এত বিরক্তিকর যে কেউ পাঁচ মিনিটও সহ্য করতে পারে না।,The girl’s way of speaking is so irritating that no one can tolerate it for even five minutes.
Stereotype,মেয়েরা দক্ষতার চেয়ে চেহারার কারণে বেশি মনোযোগ পায়,Girls get more attention because of their looks than their skills.
Stereotype,মেয়েদের বিয়ের বয়সে বিয়ে না দেওয়া মানে পাপ,Not marrying girls off at the marriageable age is a sin.
Derogation,মেয়েটা নর্তকী নাম্বার ওয়ান,The girl is the number one dancer.
Sexual Harassment,সুন্দরী কাপড়টা আরেকটু নিচু হলে সব দেখতাম,"Beautiful, if the cloth were a little lower, I would see everything."
Derogation,একে তো সিটি কর্পোরেশনের মেথর মহিলার মত লাগছে!,She looks like a female sweeper from the city corporation!
Non Misogynistic,সে হাসলে আমার চারপাশ সব স্লোমো হয়ে যায়,"When she smiles, everything around me goes into slow motion."
Derogation,"মেয়েটা যোগ্যতায় না, তদবিরে পদ পেয়েছে।","The girl got the position not through merit, but through lobbying."
Derogation,এই মেয়েটা চাকরির যোগ্যতা নেই বলে দারোয়ান হিসেবে নিয়েছে,This girl was hired as a guard because she is not qualified for the job.
Sexual Harassment,আপুটি মনে হয় ব্রা পরতে ভুলে গেছে তাই নড়া চড়া করছে,"Apu seems to have forgotten to wear a bra, so things are moving around."
Derogation,এই মেয়েকে গালি দিলেও গালিটা নষ্ট,Even an insult would be wasted on this girl.
Derogation,তোমার মতো বেহায়া মেয়ে আমাদের সাথে যায় না,A shameless girl like you does not belong with us.
Derogation,"চেহারা দেখেই মনে হচ্ছে মেয়েটা খানকি, শুধু খাই খাই করে","Just by looking at her face, she seems like a whore, always hungry for sex."
Sexual Harassment,মেডাম বিয়ের আগে কত ছেলের সাথে রাত কাটিয়ে এসেছেন বলেন,"Madam, tell us how many boys you spent nights with before marriage."
Derogation,"এই নারী নেত্রী পদটা পেয়েছে শুধু তোষামোদ করে, যোগ্যতার লেশমাত্র নেই।",This female leader got the position only by flattering people; she has not the slightest bit of merit.
Stereotype,"মেয়েদের গলার স্বর উঁচু করা মানে বেয়াদবি, এটা আমাদের সংস্কৃতিতে মানায় না।",For women to raise their voices is disrespectful; it does not fit our culture.
Non Misogynistic,মেয়েদের মতামত ও নেতৃত্ব ছাড়া কোনো সমাজ পূর্ণতা পায় না।,No society is complete without women’s opinions and leadership.
Non Misogynistic,এই নারী উদ্যোক্তা প্রমাণ করেছেন যে ইচ্ছাশক্তি থাকলে কেউ দমাতে পারে না।,This female entrepreneur has proven that no one can be suppressed if they have willpower.
Stereotype,"মেয়েরা রান্নাঘরে থাকলে সংসার সুন্দর থাকে, বাইরে গেলে সংসার ভাঙে।","When women stay in the kitchen, the household remains beautiful; when they go outside, the household breaks apart."
Derogation,"এই মহিলা শুধু মুখ চালাতে পারে, কাজের সময় কোথাও খুঁজে পাওয়া যায় না।","This woman can only run her mouth; when it is time to work, she is nowhere to be found."